200
0.52 -5.53 -2.51 -5.94 1.35 6.85 0.41 -6.01 4.61 0.01 -1.05 -8.86 -7.70 4.63 -5.19 -4.31 -1.31 7.96 7.48 -3.78 6.18 -6.45 -2.99 1.62 8.76 -5.16 3.42 6.83 3.28 7.42 -8.53 8.24 6.19 2.50 -6.80 -1.37 -0.33 2.33 -8.81 -10.00 -9.08 1.67 -3.88 -7.26 -7.31 7.32 5.76 1.84 -4.48 5.41 6.16 4.65 -3.86 -2.63 5.92 -6.56 -6.38 -9.06 -8.57 2.07 -0.21 4.85 -6.82 -4.74 -4.44 -3.85 -7.22 3.33 5.35 7.45 3.03 7.97 -9.11 3.77 -8.59 -3.07 -8.36 -1.21 -9.32 4.25 2.29 4.72 5.79 -8.93 -2.02 9.46 4.73 0.23 -8.45 -3.91 -1.37 -6.52 -0.48 -6.97 -7.59 -8.44 3.08 2.14 -4.51 -8.94 -2.72 -5.96 -5.30 5.27 5.63 9.06 -0.08 -0.61 0.38 -0.48 4.30 7.79 0.17 9.74 -9.53 -1.27 -7.47 -2.45 0.67 -2.65 3.46 -2.04 4.42 -6.98 4.36 -0.18 -6.94 -9.22 -5.10 -3.50 6.47 -6.74 0.23 -7.70 6.56 -4.68 3.84 -1.00 6.44 -2.52 -3.49 3.55 -4.13 9.56 7.69 -0.68 -4.20 -0.85 -3.30 -7.33 5.00 -0.27 4.66 5.15 2.30 -5.09 -5.16 -8.16 7.96 1.65 9.41 0.71 -4.26 -1.03 7.94 -7.74 -0.31 4.87 -3.16 2.75 -0.57 -4.80 0.66 1.57 -4.99 1.83 -5.75 5.66 -9.31 1.34 3.15 -7.83 7.51 -0.71 -4.64 -4.31 -0.07 4.08 2.19 4.07 -0.13 1.10 2.45 -0.57 -7.94 -0.71 8.43 -7.79 0.84 -6.66 
9.97 -9.54 1.21 1.66 7.62 6.03 6.82 3.78 5.71 -7.28 -2.49 -4.26 -4.75 1.69 9.10 -1.96 -1.74 -6.77 -9.76 -7.87 -4.14 -1.53 0.22 7.68 6.97 9.89 -3.91 -7.84 4.60 -8.95 -8.70 7.92 5.44 -4.68 8.02 6.77 -4.59 -3.31 -5.54 -7.63 -8.45 8.86 -3.97 5.74 1.99 6.53 -0.85 -0.43 4.23 7.41 -6.87 -9.54 6.19 -0.15 -1.65 0.39 -3.91 -0.04 -4.56 -7.33 9.94 -0.68 -0.54 -0.07 -6.85 -9.89 -3.67 -4.35 3.54 -4.54 -6.87 -2.92 -5.58 -8.47 -3.21 -5.14 -1.70 2.89 -8.98 1.05 5.06 9.02 0.36 -6.80 4.63 -4.04 -4.24 3.80 0.61 1.95 -6.89 -0.91 9.04 -9.03 -1.07 5.84 9.32 -3.58 -7.40 -5.43 4.14 -7.99 0.32 -7.79 -6.36 -0.22 5.05 2.98 5.35 -0.98 -4.32 6.43 -2.53 4.05 -9.82 -3.31 4.03 -3.11 -7.17 5.86 9.29 -0.39 -4.60 -6.94 0.54 -5.96 9.45 -3.01 -3.82 -8.43 -0.55 -0.23 1.77 -8.19 1.49 -6.98 -5.36 7.70 1.82 0.63 -1.59 -5.71 -5.06 2.24 -7.45 -4.36 6.09 -3.29 7.87 1.04 7.87 -7.63 -4.55 6.84 1.22 8.32 -8.41 5.97 -5.03 -3.97 -5.83 8.82 7.14 -1.79 -1.09 1.30 5.66 4.44 -3.81 -0.71 0.79 -3.61 -3.37 1.18 1.50 9.51 1.82 1.36 -9.57 -0.85 1.51 -0.87 -6.88 5.92 8.85 0.42 -3.31 8.70 -3.23 8.16 -9.55 -9.77 -4.16 -0.16 5.03 4.21 -0.12 -8.36 -3.51 1.43 
9.30 0.31 7.29 6.67 2.30 8.40 -6.48 -8.26 -4.13 2.83 6.53 -1.53 6.52 5.54 -0.98 5.00 -0.89 -0.32 1.28 -7.43 6.88 -5.87 3.72 -5.96 2.42 9.63 3.93 -5.01 -2.65 -3.01 7.70 -8.29 -4.57 -2.97 -3.11 -8.95 -2.99 -8.93 0.14 -8.77 2.08 8.82 5.09 8.75 -5.90 1.73 5.49 -1.76 7.40 -4.29 -9.62 3.01 4.49 6.14 4.15 -1.41 -7.82 -7.92 -0.40 6.70 0.25 4.67 5.84 7.64 -10.00 -4.39 -2.03 3.17 -1.43 9.50 6.98 5.97 1.86 7.52 5.92 3.41 -6.70 3.08 -7.48 -4.81 -6.19 1.00 7.25 -8.98 -0.53 4.63 8.29 -1.77 2.91 -4.75 4.57 0.31 2.59 -0.20 5.43 -3.40 -7.10 -7.79 1.82 2.05 -1.36 9.92 -2.97 -3.68 -7.89 -4.08 -4.33 -6.24 -3.88 -4.09 0.45 -3.46 -6.40 -1.78 1.22 -7.52 -8.54 -2.63 -1.81 9.35 -2.17 7.62 -3.01 9.88 4.36 -4.26 -7.65 5.87 -8.70 -1.44 0.10 -9.93 -2.47 0.94 1.57 -5.26 2.72 8.25 -0.05 -4.61 6.31 4.52 2.93 -4.90 5.96 -5.35 9.28 5.08 8.30 6.26 -5.35 9.55 7.91 -9.33 -5.04 -9.96 -9.07 -9.91 -6.51 -2.97 -2.80 -0.48 5.02 2.06 0.41 -9.25 3.38 -5.57 8.21 0.25 0.41 4.71 1.59 -0.58 8.42 -7.35 -8.41 -3.97 3.51 4.40 0.68 5.50 -3.54 5.09 8.70 -1.26 6.43 -0.18 -3.32 -0.62 6.48 -1.22 0.95 2.96 -2.23 1.27 -6.82 0.90 9.88 -4.69 
8.19 3.20 9.19 -6.43 4.85 9.39 -9.48 -5.26 -6.42 1.59 5.42 -1.68 0.32 3.53 5.83 -9.53 -6.89 -7.91 -5.47 8.70 3.63 -0.11 -8.83 -8.56 9.82 0.70 5.17 -4.63 7.68 -0.68 -8.89 9.41 5.65 5.50 3.37 1.12 -6.51 3.65 -0.60 5.52 -2.94 -2.99 -4.90 -7.69 5.27 4.27 0.13 -8.38 5.05 1.10 1.22 8.20 -5.47 3.82 5.04 -3.07 1.35 4.92 -8.16 7.51 0.26 -2.11 -4.46 -9.65 -2.74 5.51 4.92 3.16 -6.41 5.55 7.61 1.09 -4.97 7.74 1.88 -3.26 -4.15 -3.42 -2.31 4.29 0.70 4.97 9.84 -0.95 -4.69 4.29 3.36 4.42 -4.98 0.48 9.10 -7.63 3.56 5.40 4.06 1.29 6.55 6.36 6.11 -6.63 -6.63 9.40 -3.19 6.08 1.11 -9.12 5.34 -8.53 -8.97 -1.89 4.05 -6.97 8.63 0.70 9.35 5.76 1.39 -1.09 4.45 -9.79 -2.85 5.47 -8.74 1.17 3.18 -0.68 3.60 8.89 -5.90 4.03 5.21 1.51 6.94 6.83 -9.25 3.55 -8.74 -9.35 -0.99 4.62 5.36 -7.47 3.72 -3.84 1.31 -1.63 2.43 8.56 5.99 -1.72 7.83 7.56 -9.50 -6.40 5.69 0.44 0.09 -9.39 -1.89 2.12 3.96 5.58 -5.61 3.16 -8.84 -4.09 -1.53 1.52 -1.88 -4.56 5.21 -9.43 -8.14 3.31 -2.99 3.57 -8.22 8.18 4.87 1.92 0.75 9.84 7.17 3.74 -2.13 -9.98 9.97 -3.56 1.74 -1.29 5.66 -0.06 3.31 5.82 5.83 3.95 6.68 1.90 -8.23 -2.09 
1.13 1.29 0.08 -3.71 -7.18 -6.43 9.52 1.42 7.38 -3.01 -3.15 7.58 -1.30 -5.49 5.71 8.27 7.35 -7.12 -4.65 9.05 9.87 5.82 2.96 -3.54 -9.15 8.20 -4.40 6.08 -8.18 8.58 -4.60 -5.19 5.21 -0.29 -4.03 -9.54 -4.14 1.19 -1.08 6.33 -9.93 2.65 -4.45 2.97 5.89 3.98 -5.32 5.29 4.33 -0.85 0.33 1.55 1.28 9.87 0.75 -7.10 7.28 -9.29 -2.81 -7.53 -4.86 -0.18 1.20 2.91 -5.81 -4.76 -5.90 -0.41 -0.74 3.18 1.70 -1.84 -6.17 0.61 9.80 2.67 -9.17 -7.59 -7.59 2.29 -3.07 7.25 -5.09 9.96 -0.06 -4.89 1.75 -3.97 -8.91 7.00 0.05 2.67 3.88 -7.18 3.28 9.12 7.50 -1.49 5.82 -1.38 8.03 -8.56 5.59 5.99 6.94 -6.06 7.93 4.36 2.79 8.11 8.55 -3.64 -7.67 1.55 0.24 -1.32 -8.50 6.11 3.13 -7.25 -0.65 8.84 -7.15 -6.15 -9.21 6.77 -8.52 0.95 1.48 -2.53 -1.66 8.33 -1.34 -9.62 -9.85 -5.17 -4.79 7.03 -3.87 9.70 5.76 -2.87 3.44 -1.86 5.27 5.67 2.71 4.26 -9.56 -9.94 -6.83 0.19 3.94 4.01 5.50 2.60 -5.86 2.32 -3.84 -0.39 -3.76 8.07 8.21 5.34 9.04 8.77 6.65 1.61 -9.47 1.25 -2.99 0.37 4.19 6.49 -1.54 -4.24 -1.58 -0.19 -4.84 -8.36 -3.61 -1.45 9.10 -2.69 6.37 -8.90 6.79 -1.33 4.62 0.89 -5.37 7.09 1.24 3.55 -6.90 -4.16 1.27 -2.43 -6.30 5.57 
-5.18 -4.27 -3.18 5.50 1.82 9.84 0.83 -0.53 7.08 -7.15 -8.23 8.82 -3.65 -2.35 5.05 6.99 -7.10 -7.61 7.13 -1.83 2.31 1.80 -4.49 5.98 -5.09 8.71 -2.96 -6.58 8.51 -0.76 -0.25 -9.39 0.31 -7.77 -0.07 9.57 4.92 -4.53 0.93 8.69 -0.47 -0.97 0.97 6.79 4.94 9.58 -8.44 4.99 -7.13 1.84 2.98 2.06 -8.97 -5.90 6.06 2.77 -7.11 -9.03 -7.87 -3.07 6.43 -8.88 -4.05 -0.30 -0.03 -8.07 8.18 -7.65 9.28 -3.02 -2.34 -1.76 8.85 -3.04 -6.87 -3.94 -7.50 -6.68 -0.84 -0.94 -3.06 1.31 5.09 1.49 -2.71 -3.73 -2.05 -0.41 2.14 -1.37 0.73 6.64 7.83 -3.28 6.61 1.51 0.33 2.97 -3.45 0.71 1.29 -6.10 7.63 7.31 7.15 8.99 -1.24 2.18 -8.70 6.27 -1.34 3.30 -2.75 -7.78 -4.60 -6.48 1.81 -7.33 5.27 -6.30 9.13 5.21 -1.70 -2.13 -3.52 9.00 -5.76 0.85 8.31 -3.25 -5.57 6.07 9.29 -0.89 -8.43 -8.18 2.79 -6.01 -1.94 -0.04 2.38 0.20 -6.94 7.38 3.04 3.88 2.39 1.41 -1.40 0.47 5.67 6.64 8.28 8.13 -5.84 0.99 8.29 -4.94 -1.41 3.05 4.74 2.08 2.38 -4.66 6.25 9.02 0.23 1.38 9.53 9.82 6.66 9.74 9.06 -2.04 -6.35 -6.19 -6.91 -6.47 1.20 -7.52 -8.94 -2.26 -2.59 5.68 -1.91 4.42 -5.31 -7.78 -0.45 7.01 3.22 6.04 5.41 6.76 1.66 -2.60 -7.25 2.02 -5.95 1.41 
0.79 -5.01 -2.38 -5.23 1.59 -9.82 0.91 -7.44 -3.06 -6.74 8.98 -5.37 -5.77 -5.50 -9.49 -6.13 3.30 7.64 1.44 2.71 -5.07 -6.26 4.27 -7.66 -9.46 8.36 -9.42 4.50 -7.53 -2.67 8.93 -4.81 -8.45 -1.57 -3.98 7.62 6.59 4.02 9.22 4.04 4.05 6.93 -2.05 -5.11 -5.56 1.37 7.07 -1.98 4.48 7.03 -1.46 -0.71 8.13 -4.62 -8.64 7.47 -3.65 2.04 -5.97 4.78 7.40 -3.00 5.12 -7.95 -3.73 8.62 0.39 9.96 -6.74 -5.54 7.62 7.49 -7.34 6.87 5.75 3.55 -7.09 -5.28 3.72 8.63 6.12 -6.42 7.38 5.24 -4.36 9.02 -7.10 -8.31 2.10 -0.21 -4.39 8.80 -8.59 5.92 9.99 -1.05 -9.17 8.26 4.21 -4.88 -2.12 -8.19 1.13 -9.90 1.49 -2.66 2.49 9.77 5.23 -4.83 1.70 4.26 0.67 -0.37 -5.85 3.53 -7.11 6.82 7.86 -7.49 -1.84 0.87 -1.55 8.15 -8.18 -1.70 1.51 1.80 -2.66 -4.04 1.62 9.70 7.27 -9.74 5.53 -9.10 5.32 6.59 -4.52 9.70 -7.55 9.32 3.05 -9.76 2.92 4.93 4.81 -0.13 4.67 -0.33 -5.79 10.00 9.08 3.52 -0.15 -4.20 -9.51 -8.97 9.20 3.17 2.38 -3.75 -4.71 3.19 2.75 -0.40 -8.51 3.72 -0.74 -8.29 5.71 4.51 -0.43 6.99 -6.72 -0.57 5.16 9.38 -7.13 7.83 6.27 -3.08 9.25 -4.30 -5.20 -3.68 -9.92 -5.84 -0.62 -4.54 -2.54 -8.15 -1.09 -8.40 8.85 9.07 3.05 3.82 -2.84 7.68 
-8.59 8.00 3.61 5.22 -0.91 3.39 -0.98 7.92 -4.96 -5.01 -4.12 0.71 3.75 -0.52 -7.27 8.00 3.25 -4.96 -9.67 7.22 6.59 8.28 9.74 5.43 7.38 0.31 3.45 5.88 4.73 6.18 -8.06 1.02 -5.15 5.51 2.35 -0.47 0.04 0.89 3.77 7.82 -8.16 -6.29 -6.28 -8.63 4.10 0.99 3.67 6.69 0.61 1.77 -1.46 5.76 -3.57 5.71 -2.92 6.03 -3.75 -3.08 5.91 -9.69 0.21 6.44 0.55 9.07 6.95 5.46 -2.86 -8.12 -1.77 -0.93 -0.06 1.84 -6.74 9.90 7.56 -1.38 -2.80 -3.25 -9.79 2.99 1.50 5.31 2.59 -4.89 -0.56 -6.04 2.31 -1.37 -0.59 5.26 -6.66 -7.78 9.41 -4.45 -4.83 9.24 -6.32 1.98 -8.57 1.00 -8.96 8.83 -4.09 -7.72 6.08 -4.11 9.83 -8.89 -7.86 -7.99 -3.13 6.30 -9.96 -7.03 0.20 -9.47 9.99 -0.05 -0.43 -2.94 0.90 3.25 4.46 6.41 0.36 1.31 7.53 -0.90 5.80 -2.55 7.51 0.35 6.52 -0.68 -6.53 -1.29 2.73 5.52 -8.66 -8.08 0.48 8.32 7.50 -7.56 3.81 4.79 -5.61 8.26 2.78 -0.71 -6.51 -0.67 -1.19 -2.46 -2.83 3.50 -9.68 3.99 -5.65 -8.05 -5.09 2.59 -6.29 2.75 -9.78 -1.41 -0.89 -5.03 -0.12 -7.01 6.88 -0.48 -7.49 -3.87 -8.88 7.60 -4.02 -1.13 -8.54 9.15 3.74 4.53 -3.60 -7.69 -1.63 4.21 0.19 -1.94 -5.65 -7.21 5.20 9.71 -4.64 9.79 9.11 8.59 -2.97 8.60 2.46 0.18 
-6.44 6.48 -5.53 -5.20 -0.90 -4.39 -7.73 -4.26 -0.98 8.59 -4.32 -4.02 -7.82 1.79 -3.50 2.54 6.10 9.27 2.28 -1.17 -7.24 7.18 3.19 7.00 -8.32 6.90 -8.57 -2.42 8.00 -3.76 -7.28 -4.78 -3.82 -3.87 7.57 1.57 -2.55 5.54 -8.94 6.84 -2.19 -8.80 -2.04 6.16 7.12 8.49 0.38 -7.11 2.91 9.34 -2.03 4.82 -7.19 6.21 -6.05 4.00 -2.21 -5.86 -1.06 0.85 -3.23 5.09 1.93 -6.63 1.72 2.84 -4.14 7.69 -4.34 -2.61 7.66 -0.93 -7.51 -7.71 -4.20 0.78 -3.48 -4.36 -7.28 6.25 -9.63 -2.73 3.41 0.29 6.79 -6.30 -3.43 0.86 -9.74 -2.99 7.98 4.41 3.11 0.86 5.92 2.26 -4.26 3.63 -7.53 2.62 9.62 -4.58 3.35 -1.75 -8.79 -3.19 1.22 -0.44 0.26 0.08 7.15 -2.84 5.22 -8.88 -2.65 8.81 6.71 9.73 8.44 1.63 7.27 6.70 -3.90 7.90 -5.43 -4.37 8.31 -5.10 -6.98 -8.13 -0.21 2.60 6.33 -0.14 0.31 -9.78 6.49 -6.78 -1.59 4.67 -6.18 -3.58 -3.35 -7.55 -1.38 9.92 -1.77 3.61 -3.79 0.63 6.89 -2.62 -5.11 8.84 -6.49 5.85 -7.77 -5.76 -4.13 -5.80 -2.92 7.08 3.15 1.49 -1.50 -4.55 2.76 -8.30 6.50 -9.20 -3.67 0.13 -3.16 6.95 2.38 7.46 7.35 -6.28 -8.54 8.98 3.24 1.11 -8.27 -3.07 -2.96 7.82 -0.96 4.53 1.43 3.48 -5.35 7.84 3.31 9.04 -3.64 -7.62 -4.66 5.87 -8.61 9.92 
2.40 7.79 -3.92 6.62 1.77 -6.92 1.00 -1.17 -7.59 -3.40 3.12 -0.62 4.41 1.09 3.46 -1.93 -4.99 -1.48 -1.91 -0.04 5.38 2.30 3.03 -6.25 -3.53 4.58 -6.96 0.69 -4.61 -0.63 -4.68 -0.48 -5.98 -8.31 1.02 5.47 0.18 -4.02 4.43 -7.07 -5.29 8.00 1.48 -6.07 -9.51 -0.47 0.26 -1.61 9.21 -6.55 2.01 6.36 -6.58 0.44 -5.65 2.55 6.50 -8.58 -3.37 5.24 6.90 9.51 1.69 5.22 2.36 6.44 4.66 -7.41 2.85 5.19 9.88 -5.48 3.03 9.00 -6.22 -9.44 -6.99 7.04 9.36 7.56 2.25 6.65 2.89 -5.38 -7.62 -1.94 -8.64 -9.94 -7.21 -7.07 7.72 7.53 1.96 -0.08 0.12 -5.14 1.10 6.97 3.02 -9.42 0.37 -6.64 -7.62 -0.27 -3.28 -9.53 -1.52 4.04 9.18 -6.60 -9.52 8.48 -1.24 4.69 4.69 0.62 -0.86 -6.63 -3.95 4.85 6.01 -6.49 3.84 -6.02 4.89 -0.76 -9.98 -7.51 9.80 -8.19 -5.13 -2.97 -5.43 3.06 -6.49 -9.00 2.64 4.90 -2.97 1.44 -8.86 0.85 3.78 -3.44 0.80 -4.59 -8.11 -3.28 -0.30 2.05 -3.35 -3.36 9.03 5.85 -5.06 5.85 6.49 6.40 -8.57 7.37 3.81 0.65 -8.76 8.47 1.53 -5.79 2.46 -8.99 -8.63 -1.45 6.30 2.12 3.00 6.91 -6.53 -8.27 -8.32 2.69 -7.60 4.37 2.14 6.31 5.20 0.68 4.54 -0.21 7.23 -1.16 -1.44 -1.06 -2.90 -5.24 1.03 4.75 4.58 6.93 -3.20 9.52 -9.47 2.88 
-9.44 3.67 -0.02 -9.58 -3.20 8.48 -0.29 -4.46 -4.42 -4.74 -7.70 2.62 0.56 -8.96 1.42 -7.51 0.05 8.17 -9.22 1.31 8.68 6.53 -3.99 -9.02 -5.90 5.50 -3.36 6.62 3.73 -8.75 -5.82 -2.16 -2.52 -8.55 0.54 -5.30 -8.79 6.86 4.24 2.04 9.80 3.03 5.88 7.50 3.07 3.06 -7.30 -4.38 4.49 -8.69 -9.24 -4.22 -7.70 6.77 1.50 -9.43 -0.95 -2.08 -1.62 -2.77 -4.26 9.40 4.58 7.66 -4.22 -8.59 -2.56 5.47 -0.43 2.00 2.78 -2.17 5.71 -5.84 -5.57 9.96 7.03 -9.55 7.72 3.12 -2.11 9.12 -4.89 -9.73 6.33 3.74 -3.79 2.04 6.64 5.40 -1.38 5.02 7.00 3.05 5.79 1.75 -4.67 1.78 -2.21 3.77 -2.36 6.87 4.07 -7.48 -1.33 -4.61 0.30 -6.21 3.85 -6.88 -1.95 -2.88 6.68 -1.66 7.57 -0.24 -4.41 7.00 1.55 2.02 -9.31 9.17 5.43 4.77 9.66 -6.27 1.25 4.66 9.55 7.84 -2.54 2.00 -1.31 -9.08 2.87 8.23 -4.01 -7.02 -4.72 5.38 -1.74 0.02 -7.75 -2.60 0.79 4.06 4.71 -6.97 -8.25 -4.46 9.64 -0.88 -0.91 -8.73 -1.41 3.20 -8.76 -3.35 3.94 8.61 5.60 -0.66 3.34 2.86 -0.05 -7.88 5.31 -2.06 -2.40 -1.99 -0.66 5.21 -6.17 0.06 -7.24 -5.12 8.04 7.76 4.64 -6.18 -5.61 3.19 2.37 -1.53 5.58 -4.83 1.13 9.10 9.62 -3.63 -1.53 1.10 -9.59 8.18 6.80 -6.54 -8.08 -7.42 -7.75 1.92 
-2.86 -3.62 -7.95 3.51 3.94 -3.46 0.09 -5.43 9.81 -0.25 5.44 0.27 0.55 -0.61 4.33 3.43 6.58 9.82 -8.88 -6.34 -5.56 5.61 2.32 -3.58 -9.15 8.98 5.63 2.64 5.35 -5.56 7.97 9.77 2.52 -6.11 -4.97 5.77 0.31 5.10 5.94 -1.82 -8.35 -0.79 -5.29 -2.64 4.43 1.21 -0.12 5.16 -4.23 6.67 0.37 -2.60 5.99 9.57 3.84 -1.62 5.52 -8.42 -9.51 -7.81 -1.13 5.10 -2.07 7.68 -6.23 6.62 3.99 -6.34 -6.89 -8.13 -7.28 1.30 -8.57 -4.54 -4.14 0.61 -6.44 1.88 -8.87 -1.24 -3.86 -6.59 -9.11 -6.60 -1.41 2.43 9.20 -7.31 -7.45 7.28 8.03 -2.84 -3.51 -3.97 -2.46 4.45 0.58 2.37 -7.73 -7.23 1.83 -2.67 -0.59 -3.40 -4.64 0.60 1.04 -7.49 -9.83 3.16 2.31 4.32 8.86 -5.82 -9.57 5.25 -4.19 -9.31 3.97 -3.24 8.28 4.28 -5.19 -2.63 0.09 -3.35 8.81 -1.78 -7.47 2.00 -0.84 -3.79 9.81 -1.38 -7.97 -9.61 -7.70 -7.26 5.22 4.88 -3.92 -5.83 -4.02 -4.72 -0.71 4.90 5.33 0.99 -4.36 0.01 6.41 7.41 -2.85 -4.11 -9.40 -3.50 -8.18 7.09 8.83 -6.05 1.92 5.95 4.51 4.35 3.29 5.12 0.71 -8.69 -2.49 -4.75 -5.59 1.28 -6.98 3.27 -0.60 4.33 -8.07 5.96 -8.64 8.30 1.44 9.82 0.08 -2.61 1.85 2.19 -6.07 -2.28 6.10 4.40 -9.45 1.53 7.42 4.06 -6.60 4.22 -0.39 -8.01 6.23 1.07 
-6.42 -0.86 -7.88 -5.20 -8.52 6.27 -8.43 -5.14 -1.93 0.21 8.74 1.00 -1.04 1.50 -6.49 3.84 2.19 5.22 -9.54 -1.36 8.25 9.60 -7.99 8.11 4.54 -6.63 -3.41 -9.97 -0.63 -6.51 2.07 2.56 6.28 -8.80 5.53 -6.97 5.59 2.68 -5.48 -0.39 -0.84 -2.06 4.81 5.77 -2.23 -9.08 -2.27 6.93 8.66 -9.65 7.89 -7.58 -2.19 -0.36 0.19 7.90 7.73 -2.84 3.17 -6.99 -8.33 6.48 -6.65 -5.89 1.55 8.56 9.78 0.94 3.31 0.84 -0.99 -7.73 -4.46 9.75 4.17 0.91 9.51 -9.09 -6.90 6.85 -6.29 3.23 4.71 -5.53 6.67 -7.77 1.51 -1.26 0.06 -2.11 1.45 3.20 -0.31 3.86 10.00 6.55 5.64 -9.51 8.33 9.32 0.06 2.05 0.06 2.64 -6.96 0.58 7.30 -4.40 -7.05 -8.70 4.69 2.14 6.89 5.98 4.32 8.76 5.24 -1.81 -4.87 -2.01 -3.55 8.72 8.30 4.88 -0.32 2.00 -7.58 3.52 7.87 8.99 4.00 1.18 -9.32 9.82 7.86 8.00 -7.12 1.48 -8.86 1.02 -7.19 -2.27 -8.99 5.47 8.20 -0.16 -8.36 -0.11 3.96 7.16 1.78 3.13 8.13 9.77 0.62 -5.74 -0.91 -2.64 -4.39 -9.18 -2.85 8.11 6.72 2.47 4.58 -6.24 3.00 9.00 9.70 -2.10 7.30 -9.99 -7.72 -0.12 0.41 8.88 3.89 7.05 -7.33 2.24 -8.36 -7.69 -0.09 -5.73 -1.58 -2.59 8.30 4.27 -5.68 -0.46 2.63 -0.21 -0.58 8.40 7.40 -2.61 -0.64 5.79 5.66 -7.97 
-3.64 6.47 6.49 -5.32 3.30 6.77 4.52 -7.17 8.52 0.71 -8.90 -4.26 6.76 8.08 -7.93 -5.35 -1.46 4.71 -2.09 -0.26 3.84 -1.92 8.49 -2.48 -8.22 -8.93 9.68 7.95 8.83 9.16 -1.94 9.13 7.30 2.45 4.75 3.55 5.23 6.15 3.12 9.75 9.24 4.85 -6.72 -5.02 -1.85 -0.28 -6.40 0.06 0.69 -5.09 -1.62 -7.71 -2.51 5.55 8.13 -8.07 8.43 3.49 -0.36 -5.09 -3.48 -1.25 5.47 0.96 -8.92 0.68 9.91 7.15 -2.49 -8.57 -6.70 7.06 -7.83 -5.10 -5.60 -5.55 -9.43 -6.47 8.67 2.43 2.95 -4.01 -5.97 2.28 -7.43 4.35 7.26 -2.72 6.51 -3.21 -3.98 -6.28 0.16 -0.72 8.28 1.28 8.48 0.85 -1.22 4.00 -7.70 2.51 -6.79 7.96 9.13 -2.98 3.51 0.92 -3.80 -4.88 -9.21 -8.16 9.23 -0.01 0.98 -4.17 -0.13 -0.67 -5.48 7.27 -8.86 0.12 7.07 -7.59 -4.01 2.17 -3.67 -7.03 -1.86 1.63 -5.79 4.99 6.31 -7.25 9.96 8.27 -3.09 -5.52 -6.74 -4.69 9.34 -8.82 2.40 -5.28 0.57 5.04 -2.67 -3.75 4.96 -8.49 -0.39 5.44 -1.24 2.64 -2.44 -4.19 2.75 6.59 1.38 -9.39 8.03 -9.33 6.42 6.48 4.47 -9.02 6.39 -3.90 -0.70 -5.97 -3.66 -6.88 7.99 2.93 -8.65 0.79 -0.54 -0.27 2.81 1.70 -2.04 -5.55 -7.84 -4.07 -9.48 6.85 -8.77 -5.45 -0.52 -3.67 6.26 5.08 1.74 -2.06 5.49 -5.24 6.37 -4.86 5.90 -3.79 
5.64 -1.36 -5.79 -8.62 -8.04 1.86 -6.60 -5.11 7.07 1.00 6.77 -2.61 -4.18 -2.09 3.46 2.08 8.36 7.29 -5.85 -7.32 -2.55 -3.83 -7.55 1.48 9.75 7.88 4.15 0.55 5.72 4.67 -7.63 -5.17 -3.00 1.90 8.17 5.51 -4.38 4.72 5.60 -1.48 6.13 -7.54 -0.21 4.57 -5.13 6.63 0.77 1.31 -3.68 8.10 -3.49 2.28 0.19 -3.93 -8.68 -9.66 4.85 -2.02 8.38 -6.66 -6.71 6.96 8.70 -1.65 -8.25 -5.69 -2.60 0.92 9.37 4.67 -9.24 4.03 6.43 4.65 -2.77 7.29 2.25 -8.33 -1.19 -5.72 -4.21 -4.19 -5.17 2.12 6.01 7.99 -7.12 -5.13 8.79 5.49 -2.97 2.98 0.61 8.20 -3.90 -4.00 7.10 8.79 -4.12 -9.63 6.15 -2.21 6.84 -9.72 -5.19 9.70 -5.03 -4.63 -6.48 3.35 -7.59 -8.20 -6.16 -5.51 -8.28 6.72 4.16 2.75 -9.74 -3.77 9.23 -1.46 -2.29 7.93 -8.81 1.51 -8.75 -6.50 -3.07 -2.91 -2.83 -8.73 -4.23 7.16 9.84 -9.32 -1.04 -0.25 6.38 -3.25 -4.26 0.06 -2.97 -4.26 5.73 3.70 2.23 3.79 -5.90 -4.80 7.04 4.18 3.08 9.00 3.35 2.11 -0.44 -7.50 5.56 -5.78 -0.18 -4.26 -9.31 9.01 9.07 3.01 -9.27 5.56 -4.47 -9.29 -6.52 9.58 -1.15 5.44 2.60 3.77 -1.92 -5.37 -6.86 -4.52 -4.28 -1.12 -7.34 7.79 -6.43 -9.47 -4.80 4.97 5.52 -0.52 5.41 6.35 -2.50 5.33 -0.99 0.55 -7.89 9.88 9.73 2.78 
-9.66 4.68 -0.67 -3.93 -0.73 -2.27 -4.48 -3.33 -2.58 6.76 5.40 5.40 -4.08 8.93 -1.95 -4.53 2.05 -4.47 4.30 0.52 3.98 -9.45 -9.22 -0.12 1.84 5.24 -3.67 1.92 6.22 6.05 -5.08 -6.92 -7.93 -3.31 -0.90 -4.37 7.32 -9.41 8.00 7.42 2.40 7.77 1.00 8.48 6.65 -4.77 -5.76 -7.69 -9.64 -9.78 -7.50 -5.10 1.97 -0.63 6.10 1.29 3.31 4.12 0.68 8.87 -6.61 -2.55 -8.38 7.27 1.05 3.85 -3.96 7.97 9.27 3.15 1.04 -9.47 -2.79 -5.71 4.18 -8.09 -0.07 -9.84 7.89 3.47 0.98 -8.69 4.23 -2.99 -2.57 0.65 9.75 5.95 4.91 -7.52 7.65 0.71 -3.82 -7.41 -9.70 6.21 -6.69 9.86 -2.98 7.20 4.99 -3.62 -9.44 1.57 -4.48 -7.61 -3.49 8.39 -8.30 4.55 8.19 5.59 4.45 4.32 6.93 0.07 -0.77 -6.80 -8.82 -6.10 2.88 -0.88 -4.78 -9.97 4.13 5.10 8.99 2.83 -0.34 2.26 3.72 -1.72 -6.54 6.13 -6.79 5.38 -1.50 -8.63 2.24 4.76 -1.17 -5.98 -4.69 -8.01 -8.04 -3.81 6.70 -4.98 -6.89 -4.85 8.38 7.71 -7.53 -1.71 1.16 9.00 2.06 -3.29 -4.23 7.60 5.97 -1.35 2.38 6.29 1.21 -0.21 9.80 1.89 7.57 -2.72 -6.29 8.27 -2.58 -9.38 3.63 9.99 -0.87 -3.47 -0.16 8.83 -1.04 -5.05 -4.91 -6.21 -6.12 2.86 2.21 -3.18 8.20 -7.80 -1.17 9.63 5.66 2.69 -4.48 3.52 4.73 2.10 -8.20 7.33 
-0.26 -9.57 2.33 -5.96 1.86 1.51 9.02 4.65 7.80 -3.75 2.68 -4.07 -0.97 7.11 3.78 -6.19 6.55 -0.36 9.38 5.95 -8.69 -8.09 7.95 0.53 -7.78 -2.33 -6.99 -8.46 5.55 -2.07 5.19 7.94 -0.56 -5.07 -4.71 4.07 5.58 -6.23 -5.32 0.25 -2.94 -9.24 -1.30 6.43 9.91 1.68 -8.49 1.13 5.87 0.19 4.58 1.26 1.79 -6.62 -0.10 -0.60 -7.39 9.91 -1.66 -5.36 -6.50 -4.50 2.64 7.39 2.83 6.58 -8.12 -8.14 -3.01 -9.56 6.38 -4.03 -3.65 9.15 -9.75 -3.44 4.53 5.70 -1.55 -3.20 6.58 -1.42 3.11 0.06 6.31 3.37 -7.24 -0.17 -1.00 5.23 3.16 -1.99 7.01 3.96 4.12 2.87 -1.04 -2.22 -5.42 0.17 7.32 -7.70 -1.79 -5.97 6.83 9.68 8.58 -1.18 -1.93 -7.40 3.35 6.08 -9.93 2.90 9.10 4.80 9.95 -3.71 2.13 1.47 8.67 -4.95 -1.57 -2.68 4.05 7.96 2.82 3.50 5.63 -6.34 -0.61 -2.42 9.99 -1.36 -4.95 2.34 -0.72 5.54 -5.09 4.60 5.25 5.15 9.24 -4.54 1.36 9.08 4.78 -2.74 1.67 -7.85 -9.06 -0.12 2.70 5.85 4.81 7.72 -4.63 -6.11 -7.94 -0.47 -4.02 -3.18 0.24 -2.94 8.12 0.47 -9.08 4.64 -5.19 -5.21 -7.30 9.51 0.82 4.49 -8.36 1.86 -6.95 -9.02 7.49 7.27 -9.17 -2.37 -0.46 0.41 -9.47 -4.60 -7.64 -4.20 4.62 1.22 -3.76 -3.66 -2.91 -1.26 9.87 -7.45 -9.41 -4.79 -1.36 -4.31 
1.40 -5.67 3.36 -5.01 -5.78 9.54 -3.22 -9.25 -1.37 -1.29 -5.69 2.87 -7.77 -4.40 4.07 -6.84 -3.73 3.13 -3.96 3.52 6.56 -4.81 3.89 4.67 9.25 -1.76 3.48 7.76 -6.39 -7.15 3.20 -4.89 -1.24 -3.45 4.63 9.58 -9.19 9.78 -4.52 -4.29 8.80 -0.51 -0.63 5.70 2.90 -3.57 2.17 -5.88 -8.78 5.96 5.81 8.67 7.63 4.91 5.90 5.16 -3.24 -1.52 1.69 6.50 1.49 1.91 4.57 0.14 -0.37 -7.20 -5.85 3.14 -7.59 0.51 2.40 5.00 9.97 9.72 -6.04 -10.00 -1.42 -8.61 -7.75 2.69 1.10 1.75 -8.01 -1.36 0.88 5.39 -3.52 -3.79 2.45 -6.36 -8.72 -8.20 2.24 -8.06 4.94 -9.01 0.58 5.99 7.33 6.33 -7.85 -7.26 5.72 4.52 5.09 -4.58 -2.95 0.40 -3.85 -5.72 8.93 -1.07 3.90 2.19 9.27 0.12 -0.01 7.82 1.45 -1.02 9.00 3.57 -3.77 7.35 5.12 0.18 3.71 5.60 8.42 3.84 -6.73 -7.93 8.89 -9.61 -5.24 5.91 2.85 0.70 6.52 5.13 7.58 -0.10 -3.87 -9.06 4.70 -9.23 1.76 -0.48 8.68 -3.25 6.03 -3.34 3.10 -8.12 -9.88 1.18 2.00 -3.92 -2.16 6.91 6.48 -3.26 -3.46 7.10 2.84 -2.98 8.29 5.13 -9.64 6.44 5.83 -6.92 -3.43 2.23 3.71 -7.50 9.09 1.03 -3.39 3.40 0.16 5.21 3.12 4.77 -4.04 6.92 1.69 8.26 7.61 0.15 -5.42 8.46 9.47 -8.96 1.33 -8.80 3.67 -1.60 5.23 -1.37 
-5.94 1.39 -4.60 6.56 5.96 -5.30 -9.43 4.09 4.48 7.86 -5.69 7.21 -9.57 -7.02 -5.58 -5.09 6.27 -4.37 9.56 -3.57 -3.79 3.21 9.62 1.66 -4.63 -0.14 6.96 2.10 -0.58 -9.80 7.42 -6.06 4.47 4.49 2.89 6.06 -1.96 0.60 -1.16 8.86 -5.10 -3.04 -0.21 -7.94 4.59 3.60 8.85 -9.30 3.57 2.56 8.38 0.56 0.32 8.47 0.42 6.87 -0.70 3.39 -3.04 7.28 2.20 6.13 1.06 0.84 1.92 -8.53 2.12 -4.71 -1.18 -7.98 -2.96 8.06 4.84 1.83 6.16 8.04 4.19 -3.10 -8.47 -6.30 -3.94 -6.32 -3.63 2.89 -7.34 -8.66 1.52 -6.55 8.63 1.58 -1.28 -4.44 2.67 8.98 -1.93 7.33 3.06 -2.40 7.59 1.11 2.23 6.63 -6.94 8.01 -2.10 -5.81 -6.46 -4.39 -7.62 6.41 7.83 -7.60 3.09 -5.66 3.93 -9.67 7.50 -5.64 6.64 -4.83 -9.95 8.42 5.50 -0.03 6.73 9.43 -1.42 -8.91 -4.91 -0.52 0.17 -0.11 0.34 -0.41 4.90 -7.99 -7.23 -3.41 2.83 -6.04 9.90 0.40 -9.13 8.37 -9.66 6.74 -9.31 9.83 7.37 -7.46 -7.15 -9.65 8.44 -4.58 2.70 -0.14 -8.90 7.43 -2.81 2.81 2.90 6.37 7.21 2.28 6.99 -8.50 -6.01 8.52 -3.28 -5.15 3.79 1.91 -5.74 6.12 2.12 3.68 4.08 3.43 3.55 8.58 2.48 -4.49 1.36 -7.85 1.32 2.81 2.75 -8.71 0.53 5.14 -4.36 4.27 -5.29 6.11 7.07 5.59 -8.44 -0.67 -5.94 -3.80 
9.06 2.21 -1.43 0.67 2.80 0.29 -8.19 -3.38 8.50 8.97 9.94 -5.62 -3.18 -4.87 2.81 -8.43 6.41 5.23 6.56 -9.32 -2.73 -8.31 -5.11 2.18 -4.85 9.95 -8.34 -1.71 5.99 -1.66 -9.48 -6.02 1.01 -7.08 3.94 8.75 -5.38 -8.00 -7.24 -5.14 -1.46 7.80 -7.54 7.55 -3.68 4.21 -0.14 -0.07 -2.32 3.07 8.39 -7.05 9.93 5.29 6.11 2.86 2.46 2.95 7.22 4.00 6.52 0.83 5.54 -7.10 -8.14 8.17 -6.00 5.90 2.59 -5.71 1.51 -7.99 -0.70 -7.29 3.54 -4.07 -4.90 -7.27 -0.27 -0.69 1.67 -0.00 -0.19 -4.75 0.64 -1.53 -9.45 6.37 -6.90 -7.40 9.34 -8.66 9.52 -4.30 3.42 8.84 2.81 -6.47 -6.71 -4.07 5.81 -1.96 -4.80 0.21 9.32 2.83 -5.51 -7.42 7.75 0.74 7.27 5.54 -2.47 1.99 2.03 -5.68 3.74 4.17 2.17 8.74 -2.71 8.29 -0.96 1.88 5.70 -0.89 -3.79 3.06 0.08 6.68 0.10 -8.45 7.34 -2.06 -2.73 0.44 3.09 -4.07 -4.53 -1.67 9.78 2.41 -8.90 4.78 -1.43 -3.98 7.22 5.62 -8.97 -4.18 -3.81 -6.20 -2.76 -1.78 5.82 8.01 -9.16 2.94 -5.50 -0.10 2.83 9.99 -5.64 -8.12 -6.97 2.53 4.52 -3.01 8.16 -6.12 8.25 -7.24 1.09 -3.56 8.85 1.85 5.27 -4.28 1.93 1.59 -9.74 3.18 5.24 5.10 8.43 -9.08 5.99 -2.42 3.24 -2.72 -6.37 -8.80 9.18 8.28 -0.50 4.62 4.05 9.44 -2.26 -0.94 
4.00 -2.71 9.33 -5.70 -6.12 3.22 3.61 -6.21 -7.14 9.16 0.97 1.89 2.92 0.65 -7.96 -4.17 -1.64 -5.71 -2.02 -7.78 -1.50 4.28 -9.10 -1.20 -4.78 -6.13 -5.84 -1.53 0.37 -6.41 -7.47 -3.28 -5.31 9.66 -7.81 -6.31 4.55 0.04 -9.52 5.75 -9.49 9.08 -7.87 8.92 4.72 -0.67 2.78 8.97 -3.12 -8.69 4.99 -7.74 -8.07 1.37 7.07 1.23 -9.54 -3.90 7.93 -1.71 -6.54 3.59 8.39 6.84 5.28 -5.73 -8.28 -9.75 9.18 2.95 -6.28 7.09 3.32 3.88 9.41 -8.03 -5.12 7.31 -6.30 0.94 -7.38 0.54 6.10 -8.25 4.61 -2.61 -7.94 -2.25 -5.28 1.68 -1.47 -5.67 5.25 4.98 -4.91 5.91 -1.03 -6.62 -8.05 -9.06 6.59 -0.35 -5.71 3.24 -5.53 -6.16 7.02 6.07 -7.54 -5.08 4.26 -8.17 2.26 7.70 -0.03 -4.07 6.76 -3.35 1.24 2.49 6.62 -7.14 -8.73 -7.15 1.31 -5.31 8.41 9.10 7.92 0.35 -7.03 7.42 -7.71 -6.48 -8.01 -1.01 -2.64 -7.40 9.86 1.01 1.60 -5.95 -2.75 9.66 -5.28 4.10 -0.84 -3.72 9.54 -8.49 -4.20 -1.64 -6.02 3.73 1.00 5.95 -4.91 1.32 -0.87 8.08 7.78 -1.88 7.13 4.59 3.28 9.32 5.25 0.38 -8.24 -5.79 9.83 4.99 9.19 9.07 -6.70 -7.50 0.02 -1.30 7.81 3.73 -8.50 7.38 -9.16 -6.84 0.09 -4.80 -8.33 -8.22 2.47 1.21 0.61 9.79 -7.26 -5.50 -5.96 5.65 -5.05 -9.21 -9.26 -1.91 
0.35 2.88 -2.50 2.55 -8.89 9.97 -1.98 0.87 2.06 -0.13 1.12 -9.38 9.51 2.40 -2.69 0.91 7.55 5.97 4.77 3.67 -5.68 -2.34 -6.43 -1.09 -8.57 0.29 -3.37 8.77 2.20 -0.15 1.49 3.60 -7.05 4.63 7.12 -8.41 2.09 -5.00 1.28 -6.88 6.73 -7.10 4.54 4.20 -2.01 7.76 -6.40 -5.90 -8.72 -9.09 6.73 4.18 8.63 -1.23 9.63 0.34 0.11 9.62 -3.69 6.55 1.00 6.91 6.46 -8.79 5.82 3.36 -4.15 -8.07 -8.77 -2.89 0.83 -6.90 6.64 -9.59 8.17 3.33 -1.03 -2.82 5.70 4.42 4.51 5.58 -8.17 5.44 1.82 -2.50 -2.70 9.26 2.17 -0.11 2.94 1.77 9.20 1.93 8.19 3.41 9.47 -6.75 2.86 -7.10 -9.63 2.35 0.09 7.13 4.19 7.34 -8.87 2.48 -5.47 3.72 -1.07 5.23 -1.05 1.89 -3.66 5.62 0.25 4.34 -9.75 4.44 -6.98 4.48 -5.77 -0.45 -7.26 2.08 9.31 -7.43 -5.02 3.61 -6.65 -5.14 -3.08 -5.08 -9.17 -8.36 9.19 -9.21 -9.98 -8.75 3.84 7.69 -4.21 -2.78 -0.18 -0.36 -3.91 -7.81 0.77 -5.96 -3.93 -6.37 4.85 -6.07 -2.22 -0.89 -4.01 0.10 -0.70 4.74 0.38 0.67 6.68 -9.66 5.84 2.13 8.13 -8.44 3.86 9.93 0.02 -7.36 -3.36 -1.15 -6.75 1.57 -9.96 -2.21 -3.80 6.25 8.19 -0.58 -5.10 8.68 -4.73 4.75 -8.96 -0.82 -9.22 8.76 -6.47 -1.71 4.13 2.75 -6.55 -9.83 -8.54 -3.06 3.46 -4.33 
8.37 4.16 -2.80 3.55 0.68 7.04 -3.45 -6.32 -4.95 -3.23 4.33 -4.25 -5.23 6.01 -4.00 7.90 -4.52 5.72 9.12 8.32 8.65 4.31 -5.70 2.48 -5.71 4.24 -4.05 7.67 -3.70 7.26 -6.37 3.60 2.78 6.24 5.94 5.63 1.99 5.84 7.78 8.69 -3.22 1.22 5.28 5.68 5.94 -7.08 1.60 1.67 1.36 -0.44 8.56 -5.42 6.53 7.93 3.15 -1.36 -5.36 5.92 -5.58 -5.76 -7.60 -3.58 6.31 -8.70 1.21 9.29 2.19 4.40 -7.10 1.93 -2.83 -5.36 3.74 -9.12 -7.21 9.85 6.47 5.13 3.79 7.58 1.14 8.11 7.00 4.84 -2.62 9.23 4.79 0.29 -3.66 3.78 -0.40 9.66 -5.88 9.42 -1.13 5.25 -0.69 6.54 -2.93 6.28 -1.01 -5.47 9.30 -1.04 6.32 5.03 -4.76 6.32 9.03 8.22 -6.50 -9.23 4.04 8.03 -6.09 2.23 5.70 1.71 5.28 0.95 5.38 3.56 3.80 3.91 -0.55 -4.74 -7.72 -2.26 -3.03 -0.03 2.92 -9.43 -7.00 -8.67 7.45 -5.35 -2.80 0.57 -1.26 7.13 7.87 -1.32 7.87 -7.40 9.31 -0.86 -8.71 0.55 6.78 3.93 -6.69 0.15 -2.43 6.93 8.91 -7.22 3.48 -2.87 -0.81 7.31 0.16 -2.99 -9.05 -3.60 -8.31 9.51 -8.76 7.32 -6.64 1.42 5.88 0.35 -1.13 -3.01 8.81 -8.18 2.91 7.29 6.77 1.71 -6.35 9.80 7.64 -9.82 4.69 -5.60 -5.22 7.52 8.29 7.31 -1.21 -6.34 1.11 4.42 9.71 -3.61 5.26 2.95 0.05 -2.40 
9.88 -3.33 -1.37 -8.77 -5.58 4.05 -8.89 -2.87 -2.65 -9.40 -4.06 -4.56 9.05 2.93 9.32 -8.99 -9.00 6.66 4.57 9.40 5.94 4.47 7.54 5.01 6.41 1.09 1.82 -4.24 5.77 8.63 -9.61 -0.33 5.21 0.96 9.61 -8.15 1.06 3.18 3.39 3.46 -2.34 -0.96 -8.59 9.12 4.72 -8.42 -0.85 2.15 3.66 2.80 -2.26 0.64 4.44 7.79 -6.14 -0.10 6.23 0.18 3.69 5.23 -3.12 3.56 -7.17 -0.37 -0.77 -0.85 2.48 1.73 3.03 -0.15 6.24 2.79 -5.01 1.73 6.04 0.25 -9.92 9.68 -7.64 9.43 3.65 -9.18 -4.73 0.50 -0.03 -9.35 8.30 -6.40 -6.80 4.05 -4.48 -0.74 2.29 6.95 -4.86 8.35 9.36 3.53 0.70 -7.92 -0.13 -7.77 9.61 -4.05 2.00 -6.96 5.05 9.92 -3.36 2.37 -0.08 5.90 -2.00 3.01 7.19 -7.90 9.93 3.87 -4.11 -2.83 -1.21 6.48 -3.25 7.60 2.09 5.84 -9.48 -1.72 9.03 2.28 0.93 2.47 7.71 2.45 -8.84 -8.70 0.15 7.93 1.11 2.89 5.38 -7.58 -1.09 -6.72 -7.60 -4.91 -3.53 -6.70 3.76 -9.06 -3.84 -0.11 8.93 6.03 6.49 -1.15 5.97 7.68 6.79 -5.42 8.73 -3.80 7.81 -7.94 -2.79 8.30 -6.34 -5.76 7.56 -10.00 0.95 -1.87 3.79 8.84 6.46 3.56 -9.84 -2.38 4.47 3.74 -7.55 4.56 9.08 7.80 5.97 8.78 -4.01 3.83 -3.34 -8.33 -4.55 -3.12 1.18 1.64 4.39 -7.58 4.70 -4.89 -3.80 -9.69 
3.77 -4.95 0.14 8.69 -9.20 0.11 -3.14 9.01 1.98 9.49 -5.26 -9.97 -2.10 7.54 0.46 -7.11 -2.47 5.62 -2.87 0.66 9.82 -6.51 9.54 9.39 -5.84 7.85 6.74 6.19 -4.25 -8.55 0.65 3.48 9.27 -7.06 -4.59 3.81 -2.28 4.49 -6.50 -3.03 0.33 6.36 -9.32 0.05 -9.87 -0.48 9.99 6.51 4.25 3.91 -0.79 -8.63 3.18 8.30 -2.68 -0.45 -7.58 4.57 -3.38 8.10 4.61 6.04 4.30 -5.87 8.06 -1.82 -2.47 0.83 0.82 8.73 8.76 -2.52 7.77 2.23 1.34 5.66 -0.75 0.43 2.58 8.61 -0.40 1.61 3.51 1.36 5.64 7.27 -0.03 4.92 -3.82 -9.53 6.83 -4.29 3.39 2.66 6.62 9.39 5.98 6.25 -6.61 6.61 4.20 2.74 -4.23 9.87 -6.33 6.56 3.34 -9.96 7.09 -1.88 -0.53 -7.41 6.32 -1.85 6.76 2.89 -4.79 -2.40 6.16 -8.16 9.36 -3.34 5.97 -2.46 -3.73 -9.71 7.61 -6.69 -3.03 7.36 4.18 8.17 0.92 -0.28 9.11 5.53 3.55 6.05 1.26 9.18 0.46 -4.08 -1.23 2.80 1.58 2.19 5.27 1.14 -6.70 -4.95 3.47 -3.58 -0.57 5.63 9.26 2.88 3.13 3.29 -0.49 5.97 1.71 2.54 -5.32 -9.94 -5.68 -6.32 9.60 8.40 9.02 4.89 5.04 -9.51 8.78 3.79 -6.62 1.35 -2.79 6.36 -2.42 4.51 0.91 7.40 -0.32 2.39 6.66 -1.37 -0.17 -2.46 -9.56 3.90 -9.61 -5.17 -0.18 -0.81 -8.27 -7.69 3.36 -0.40 5.21 -4.64 
6.05 -5.34 -6.59 5.88 6.99 -5.65 -6.47 2.94 3.97 1.01 5.05 -4.22 -9.44 7.07 -4.51 4.95 4.09 0.61 4.75 -0.31 -5.05 8.43 -4.90 -0.34 0.38 -2.19 -0.45 5.86 8.93 6.98 9.46 -7.24 0.92 -1.60 -7.52 6.29 2.28 5.65 5.15 5.10 -9.80 -5.91 8.51 -6.34 -3.81 -0.57 3.47 2.25 -0.79 9.76 6.59 4.31 4.24 3.26 8.09 2.62 -1.50 -0.43 -2.10 -3.23 2.42 3.74 9.37 -8.29 9.95 2.21 3.48 1.10 2.68 -5.78 8.87 -8.85 8.21 4.85 -6.82 6.17 9.97 -6.11 -1.84 -4.38 2.38 8.23 -2.77 5.51 9.55 -9.47 6.94 -3.54 8.57 -8.93 7.51 -3.56 -2.92 -7.31 7.59 7.70 -1.18 1.31 4.56 1.80 0.69 6.12 3.65 -7.86 5.05 -7.35 -7.71 -1.64 -3.01 7.39 4.94 -4.99 9.07 -5.76 -0.64 -6.83 -1.79 6.04 -3.16 -7.89 -4.06 -9.84 -1.26 -9.48 7.03 4.93 6.00 1.15 -8.38 3.21 9.67 7.82 -7.88 3.54 -1.05 -3.73 -4.61 -9.36 8.34 -2.86 -4.17 0.12 2.89 -6.00 4.24 8.59 4.55 6.42 8.79 7.56 -7.33 -8.33 -7.43 2.38 1.60 -1.61 7.75 -3.06 5.73 -3.97 2.32 8.25 3.07 0.78 -3.41 -5.79 8.98 -8.18 -6.20 -7.33 1.17 -0.49 4.52 -5.75 4.37 -7.97 -3.13 -6.84 -8.44 -3.53 6.48 -4.87 -1.43 4.90 1.07 -6.01 1.58 2.92 -8.06 -5.24 6.51 9.80 -8.27 -2.10 -0.64 -7.87 3.03 7.57 -5.50 7.23 
9.90 -7.26 4.58 0.15 0.87 -4.68 7.97 -0.24 0.07 4.11 -6.92 7.52 9.67 6.61 -5.61 1.28 6.62 3.96 -2.63 -4.00 -5.05 9.31 8.67 -4.82 -6.81 -4.17 0.71 7.20 -0.20 -3.26 -4.58 -5.27 -5.34 -6.83 2.82 7.20 2.31 4.09 -6.58 8.63 6.54 7.92 7.46 -0.30 1.71 2.58 7.02 -1.67 0.14 -8.28 9.52 4.08 -4.48 9.91 8.12 -6.10 -5.81 -9.08 -0.48 7.96 2.47 0.76 7.24 1.75 -4.01 7.15 -4.93 -0.14 -2.68 6.40 -4.98 -8.31 -8.81 -7.49 0.14 -1.29 2.02 3.85 6.38 -0.57 7.42 1.64 -1.16 8.28 -0.69 -0.87 -4.47 -4.69 8.12 2.12 8.41 2.44 7.62 -7.77 -3.98 9.10 -1.43 3.36 8.43 9.81 -9.25 3.79 -9.40 -2.41 7.16 3.59 4.10 -4.78 -2.18 0.68 -2.70 -1.18 -7.99 -0.09 -3.63 -9.98 8.03 0.65 -4.85 5.70 -3.44 7.43 -2.10 -2.90 9.59 -7.30 -9.58 0.55 2.28 -7.07 -6.45 7.40 -8.27 8.79 4.68 -2.18 -3.40 5.83 6.81 -9.72 6.27 -8.55 -5.46 -7.51 4.31 1.26 -4.05 -5.50 6.20 -4.73 0.67 -1.79 -5.57 -1.95 -7.85 4.31 -5.04 4.07 4.93 2.33 1.65 7.17 7.28 6.45 -9.20 -6.75 3.24 -2.22 5.56 -8.78 7.05 1.80 9.42 -8.93 0.12 9.53 -2.88 7.34 5.98 3.35 8.63 0.69 -6.87 -7.70 -4.82 6.17 4.48 2.74 -4.56 1.31 7.54 0.33 0.89 3.92 6.81 4.39 6.18 -7.49 2.62 5.27 
2.49 -4.60 5.80 -6.23 0.15 -8.16 8.77 8.26 8.42 8.19 -3.78 -9.39 -3.90 0.57 3.28 -8.65 4.79 4.35 9.93 -1.40 -9.09 -6.87 -1.13 -8.98 -5.77 -2.75 -5.41 -6.36 -5.15 -8.24 6.54 8.45 -8.24 1.75 0.37 -6.30 -2.87 -6.92 2.40 -5.59 -1.84 7.51 1.82 2.73 8.51 8.65 4.91 1.12 3.42 -5.07 -6.94 1.69 4.92 1.63 -7.86 -3.56 -0.16 -1.64 7.53 -7.03 8.55 -5.15 8.60 1.06 5.76 9.65 -7.37 -9.49 -6.42 -3.44 0.17 -9.06 -8.92 -2.33 6.74 -9.66 -4.52 -3.23 1.67 -4.81 7.90 7.29 9.04 6.82 -5.32 9.24 3.78 -8.54 -2.87 0.67 -8.88 -3.66 -0.31 -4.68 -8.07 -0.53 0.20 5.39 5.87 8.52 -2.20 -8.83 7.40 7.42 7.45 0.84 5.46 0.77 -7.51 6.74 -0.57 4.57 8.50 -3.77 0.19 0.26 8.19 9.45 -6.58 -9.49 -5.87 -3.73 7.30 2.44 -4.91 7.37 -8.91 -2.61 -9.71 4.78 1.00 -8.75 -8.22 -2.78 -9.79 8.32 -4.06 -9.52 -9.17 1.81 -2.42 2.33 2.89 8.82 1.34 5.78 -8.35 1.92 4.11 9.11 6.77 -1.74 6.22 -4.10 -1.91 0.17 1.52 1.25 -8.66 9.60 4.39 4.62 1.44 4.14 -0.57 -5.66 -7.88 -2.91 4.08 6.41 -8.36 -4.66 4.55 9.49 8.23 1.96 -6.07 3.65 -2.10 9.76 -5.44 -6.59 -0.75 3.62 8.95 -2.82 6.87 3.32 -2.50 -2.44 -6.38 -3.63 9.94 -4.06 9.88 -3.76 -3.17 6.71 -2.73 -7.48 
-3.76 2.37 3.62 -7.24 3.14 2.43 7.03 -7.80 0.99 -5.76 -9.01 -5.69 -9.44 2.36 0.29 -3.00 -6.66 2.12 6.01 1.76 -7.07 -0.14 -7.40 1.28 4.05 6.43 -9.90 5.47 -7.13 0.85 -0.58 -8.74 0.82 -6.43 -8.01 -9.73 -4.63 -2.16 -4.91 4.58 1.67 0.75 7.67 -8.62 -4.90 -0.47 8.92 0.59 6.78 -0.66 -0.50 1.67 -7.18 3.79 -1.78 1.15 8.03 8.83 -7.29 4.09 -9.97 -5.36 1.67 -4.75 5.45 -5.96 5.53 7.13 3.45 -8.80 9.49 4.76 -6.06 -2.71 7.52 0.01 9.06 4.44 -6.25 -0.98 1.11 2.69 5.36 5.51 1.82 6.34 -7.26 -2.45 9.75 9.58 1.14 -5.24 -6.77 -6.61 -2.06 5.84 4.54 -7.71 8.79 -7.54 -1.29 -0.10 -4.24 5.09 -7.09 3.48 5.15 -9.39 -5.93 9.87 1.19 -9.48 3.35 2.00 9.70 5.24 -6.90 4.97 -7.65 -9.58 0.48 4.31 0.71 -0.02 -8.58 5.47 -9.07 4.63 6.42 3.73 9.70 4.67 2.43 2.27 2.38 5.53 2.65 -7.17 -4.66 -3.00 -6.17 -7.95 9.57 0.48 6.58 -8.81 7.47 2.86 -5.92 -7.38 -5.76 0.08 1.51 7.70 -1.61 -7.27 -0.23 -5.92 -8.07 9.66 -0.92 -4.19 -9.50 4.79 -5.62 5.45 0.14 3.60 5.28 -4.26 4.04 0.85 6.53 5.38 5.84 -3.60 5.89 -5.80 4.35 3.35 -1.45 -6.58 -1.23 -0.20 0.02 -4.72 0.96 -4.28 -3.01 0.81 -6.42 4.70 0.22 6.45 -7.49 -8.88 -6.88 -0.62 3.93 -0.54 
0.30 -7.55 -1.65 7.04 0.64 7.90 -3.05 4.07 -1.47 6.09 1.73 1.31 4.07 -1.39 3.31 -7.92 -6.84 0.58 -8.70 -2.25 -1.10 7.22 9.49 -3.18 8.57 0.55 -2.39 -7.45 8.95 2.72 -0.42 -0.21 6.29 2.32 0.62 7.74 9.81 3.20 8.33 -2.09 -5.95 0.39 3.33 2.09 -4.10 -1.50 -4.74 -1.30 3.61 -4.86 -3.63 -4.97 0.40 5.38 0.91 -9.50 7.98 7.36 -1.18 0.72 -1.63 -7.19 -5.51 -4.64 -7.25 -5.77 0.96 9.17 3.94 -2.84 9.90 4.14 3.91 7.90 -4.83 1.34 5.68 -3.25 4.53 -1.78 -2.39 -5.46 -0.78 -8.76 6.56 -8.67 -9.12 7.08 3.20 -3.51 -3.51 -4.85 4.17 8.14 3.72 7.26 -5.80 -6.45 5.78 9.62 9.66 0.71 9.60 3.66 8.13 5.17 7.42 -2.98 -5.73 -4.12 9.38 9.95 8.36 9.21 -3.04 -9.13 5.67 4.76 6.87 3.28 -0.32 8.93 3.99 5.70 1.79 -4.07 -0.06 -4.66 8.44 1.20 -0.19 7.09 1.06 9.18 -8.73 -7.49 -1.12 -6.19 -7.27 2.09 -7.33 -1.10 4.84 -6.80 9.42 -3.81 -4.98 -9.87 2.75 -3.25 4.92 -0.55 9.24 8.47 6.59 4.93 -1.25 -0.58 1.35 -0.70 -0.14 -3.39 5.37 -7.44 -8.27 -0.69 2.28 -7.07 1.08 -5.71 5.45 -4.55 1.78 4.22 5.17 -2.24 -9.49 7.64 -1.37 -9.78 7.21 1.74 -3.02 6.99 0.58 2.82 5.13 8.72 -9.41 5.11 2.07 9.31 -0.78 -2.54 10.00 -5.98 5.06 3.59 -0.88 -3.31 
-7.36 6.46 0.82 -5.64 -7.82 8.49 -4.92 -4.30 -9.87 -1.19 -10.00 2.39 -9.35 4.51 -3.25 0.54 -5.23 -3.78 -9.43 8.47 -4.96 -7.67 7.04 9.49 -0.67 -6.35 6.24 -3.65 -8.31 7.10 4.09 -8.36 5.16 -7.06 -7.52 -5.62 9.01 9.37 -3.42 2.69 3.80 -4.25 -3.09 1.54 -9.19 7.75 6.32 7.74 -9.54 -9.66 -4.75 4.18 5.18 6.93 -8.85 1.64 6.29 8.28 1.75 -2.27 4.64 -6.98 8.87 4.76 -3.78 -7.78 -2.13 -8.61 -4.90 0.52 -1.00 0.39 -8.21 -0.28 1.18 -5.81 -2.75 -3.24 -0.07 -9.68 5.30 -8.35 3.79 -4.13 -6.33 -3.82 9.12 -5.39 3.94 0.64 -9.36 -0.92 8.83 -0.72 -3.81 4.87 5.96 -6.20 1.51 -5.64 8.24 7.75 9.24 -2.95 -7.02 -8.32 -7.10 -9.45 7.37 3.12 7.26 -5.67 2.78 -4.61 -8.06 -2.23 -6.99 3.81 -1.22 -1.95 -3.54 4.13 5.48 -4.03 6.55 -0.59 7.56 7.83 1.33 -9.28 2.10 5.96 5.08 -3.09 2.35 5.73 -5.32 9.70 0.83 -6.83 -1.09 5.95 0.47 3.47 9.84 -9.27 2.43 8.86 0.02 8.60 2.70 3.64 0.37 -4.38 -9.80 2.11 -0.91 1.09 0.10 -2.67 5.59 -7.61 8.08 -9.31 8.11 -2.63 2.45 -4.69 -6.54 7.82 -3.94 2.88 -5.61 -5.58 -1.77 9.03 -7.62 7.02 8.75 -6.51 7.97 3.47 3.64 1.77 5.78 3.61 0.42 -6.73 2.93 2.38 -4.30 -5.39 -8.40 0.21 -6.15 -7.59 1.32 3.14 1.46 -4.99 
-1.35 7.15 3.70 6.13 5.84 -2.47 1.91 -8.25 -9.66 9.55 0.16 4.20 -4.73 -5.37 2.80 -5.41 -2.14 -8.23 5.50 6.49 3.24 -7.05 -3.57 0.71 -7.42 6.93 0.35 -5.64 -5.33 8.74 -2.90 -2.20 2.50 -9.38 -8.84 -9.25 1.88 1.91 2.51 5.72 -7.56 -4.92 -3.93 5.24 -1.30 -4.85 -7.54 7.77 2.83 -6.26 -5.94 -1.22 2.83 5.42 5.04 9.93 -0.24 -8.97 6.37 -4.18 -4.44 2.65 -1.25 -5.86 8.78 3.72 3.15 3.78 -0.87 -5.14 1.98 0.66 7.23 6.27 -0.85 -7.62 0.20 2.01 8.63 -8.57 -1.83 -7.59 1.19 -7.77 6.86 -3.31 -7.82 -7.15 -6.30 -4.05 2.38 9.86 -9.84 5.90 -6.30 8.81 -3.84 -5.02 -8.35 -2.80 -5.53 5.62 -5.64 3.78 -7.71 -6.27 4.32 6.85 6.90 -4.19 -0.79 -0.93 5.36 5.09 7.68 -0.88 -4.31 4.27 3.92 7.96 -5.52 -6.71 -6.07 -8.02 -8.74 7.38 -5.86 -7.63 5.89 4.71 -3.60 3.02 1.53 2.88 2.16 9.12 -9.42 -4.15 8.75 2.32 -8.64 -6.44 2.30 -8.47 6.35 9.23 2.17 1.18 0.51 0.45 1.21 -3.01 1.12 8.40 -2.28 6.05 -9.73 -6.69 8.16 8.08 -5.33 -2.91 1.16 3.87 -9.11 -6.20 -5.39 9.96 6.36 -4.74 6.79 3.20 -7.11 -3.54 -1.03 6.86 2.60 -6.48 -7.04 -2.24 -3.10 2.11 3.06 0.63 8.37 1.16 -7.64 -3.85 -8.67 -2.87 9.78 -0.27 9.40 1.66 -1.91 -1.70 1.94 -5.63 2.54 1.23 
6.51 -8.48 8.43 1.86 -3.67 -0.72 9.32 2.99 -0.91 1.53 1.66 4.37 3.67 1.14 -8.13 5.49 -3.07 5.61 -1.19 4.45 5.22 -3.07 -0.81 4.58 0.01 -5.26 -2.94 3.95 -6.06 9.59 8.25 -6.49 -9.59 7.63 -7.17 4.63 7.97 2.40 8.11 -1.63 -7.38 8.24 2.78 -0.08 -4.59 -2.34 -9.19 -3.54 4.93 -5.85 -7.66 0.22 6.30 0.25 -3.83 7.22 -2.95 -1.74 -3.56 -7.39 3.05 -7.95 -9.14 -3.32 -2.68 -1.00 4.45 -7.38 9.65 -5.80 2.29 8.95 6.41 9.88 5.14 -7.65 -3.63 -8.82 -2.00 -3.16 -3.65 -6.45 -9.81 6.70 5.24 5.82 -1.31 2.95 -5.48 5.73 -3.55 -1.94 4.43 8.70 1.92 1.86 -1.65 -9.92 -9.73 -0.86 -8.05 -4.77 -3.88 0.06 6.01 5.14 4.56 6.59 8.21 -0.62 -8.47 3.93 1.80 5.33 -9.75 5.36 -3.17 -8.21 5.19 -6.66 -2.99 -0.92 -8.22 7.43 9.03 1.85 -7.74 -7.13 -9.43 -9.45 8.89 -0.04 -0.15 -9.05 1.47 -2.44 -9.80 -2.62 -2.15 -0.31 1.28 5.19 2.01 -7.10 5.60 4.92 2.52 9.45 9.61 -3.08 -3.81 2.10 6.51 -1.63 0.59 -1.07 -9.84 1.80 2.04 2.92 -9.95 4.04 -4.17 8.56 7.42 -8.40 -1.88 -8.69 -0.24 5.29 5.68 -1.66 -4.75 -9.20 -7.38 -3.60 1.48 9.28 -3.74 2.55 4.50 2.14 9.79 1.18 -0.23 4.57 -9.23 6.64 -8.83 -9.99 0.67 5.58 4.58 -8.63 0.35 -3.73 -4.67 -8.08 1.55 -6.13 
-0.27 -5.29 -2.55 -0.55 -0.30 -9.03 -1.85 4.60 3.33 8.92 -4.83 7.95 1.45 -6.58 0.95 2.32 -8.13 1.33 -3.16 -5.15 7.69 -8.49 -0.44 3.55 9.78 -9.19 -8.36 6.67 -2.79 2.55 -9.00 7.09 -2.83 0.89 -4.37 6.26 5.92 0.70 -5.99 9.52 -2.98 6.71 -0.00 7.08 -2.55 7.00 -4.99 9.97 -8.44 -0.18 6.24 -5.28 -0.64 -7.95 -8.67 5.78 3.71 4.54 -6.74 5.17 -2.79 3.73 -9.68 2.08 -2.35 9.34 2.50 5.23 -0.22 -8.04 -4.24 -8.66 -4.32 -2.92 9.81 -1.79 -4.09 7.73 9.91 6.03 -7.01 -7.26 3.34 -9.20 3.99 2.33 -7.77 -2.96 -2.46 2.60 -1.03 -4.22 5.92 5.22 8.93 -6.83 -2.71 5.37 3.94 -4.36 3.09 -3.58 4.32 8.44 2.66 8.30 9.19 -3.89 7.21 -1.68 -0.02 -1.44 -1.80 -0.85 -8.84 -8.09 5.78 9.54 1.07 7.43 -2.90 4.44 -1.50 -9.73 6.62 8.58 -9.31 -6.32 6.93 -7.41 -5.40 -5.23 2.97 -7.44 7.78 7.61 6.55 7.99 4.55 -0.72 8.80 1.49 -7.20 -0.59 -4.76 -5.70 -5.68 -5.16 0.13 -5.47 -5.60 -0.78 0.22 -2.78 -0.89 3.91 -6.25 9.84 -9.48 0.50 -0.55 -9.33 4.21 7.41 3.88 6.29 -1.93 4.88 -1.89 -0.81 6.75 -3.15 0.97 -5.38 -7.66 4.49 -5.53 4.64 7.15 -7.76 -5.38 7.63 -7.13 -3.13 -4.56 -5.41 8.77 -3.66 7.81 -3.87 -5.20 -0.94 4.99 -7.75 -7.70 -6.57 0.52 9.94 1.84 2.72 
-7.68 -6.96 7.38 6.94 3.19 -7.78 -5.75 7.70 9.61 8.86 -7.39 4.09 6.90 3.33 6.72 9.08 -0.76 -0.85 4.05 1.69 -2.87 -1.98 -9.35 0.57 9.64 -6.05 -1.57 -3.55 -4.95 -6.13 -3.68 -9.21 4.23 -8.39 -6.53 2.33 8.69 -7.66 9.93 2.33 1.26 -0.26 -2.17 8.98 8.11 3.90 1.46 9.51 -6.42 -2.26 -1.68 -7.31 2.21 -8.12 0.52 -7.34 -9.41 3.89 8.55 1.89 8.92 8.62 2.97 7.30 4.64 -5.38 1.15 -2.01 5.84 4.22 0.94 6.18 8.05 -3.24 4.38 -0.17 -5.08 -7.90 5.72 -0.45 -0.65 3.43 2.47 -1.93 -9.02 -0.31 -6.19 4.98 8.35 -0.96 -9.77 1.97 1.94 7.94 -5.01 -9.26 -1.77 -0.98 -8.39 8.99 5.50 -8.19 4.15 -1.13 9.02 0.07 -6.99 8.19 -6.86 -7.86 -5.83 -7.38 -2.14 0.94 -8.31 5.69 7.68 -3.05 0.51 -6.67 -0.23 4.56 -3.00 -4.46 1.33 0.61 6.24 -8.62 9.14 0.37 -8.42 -9.03 -1.01 2.85 4.65 3.67 -2.04 8.52 7.66 -4.87 9.33 7.90 8.87 -5.44 0.95 3.05 2.92 8.74 -7.71 4.02 2.64 1.39 6.10 -3.45 2.56 9.86 8.51 1.84 -4.41 7.64 -1.09 -9.14 8.95 7.68 -6.30 -5.68 -6.03 -5.05 -6.98 6.28 -4.25 5.82 0.81 -3.45 2.55 7.84 6.11 -5.02 2.94 0.05 3.45 5.73 0.74 -4.32 -5.19 9.24 -2.64 4.25 0.69 4.89 -3.33 9.16 1.67 -2.06 -8.04 -0.89 -7.31 -1.54 0.42 -6.24 
0.44 -7.60 2.27 8.16 0.22 -8.09 1.60 8.78 5.40 -3.57 8.96 7.06 1.16 9.21 -1.77 -2.19 6.62 -4.45 3.34 3.36 2.91 -6.68 -9.85 1.77 -0.55 5.46 1.93 0.97 1.91 -3.69 -7.46 -3.98 7.04 -7.98 9.46 -8.36 3.30 4.12 1.43 -5.92 7.48 -6.13 5.76 -1.26 2.03 0.25 0.93 5.52 0.29 6.13 -9.08 -9.24 -0.25 -8.71 1.01 7.98 -8.94 -1.11 -3.59 -5.92 3.14 -7.78 -2.32 8.48 4.66 -2.23 -0.20 -2.75 -9.80 -4.72 4.70 -3.34 -5.22 -7.11 -6.44 1.62 8.32 -5.86 3.41 -2.82 1.34 3.86 9.43 9.62 3.26 -8.96 4.63 -3.25 -0.54 0.64 -7.26 6.10 4.80 9.36 -1.60 -4.48 1.54 -5.36 -0.01 -7.93 5.38 0.05 1.25 -2.78 4.88 -9.62 3.06 6.86 -4.27 -5.94 5.73 1.76 7.02 -8.34 -3.05 4.34 -5.14 7.98 3.57 1.06 -5.84 6.74 -9.66 -2.27 2.93 4.77 1.01 -8.70 -9.03 -3.09 -9.71 -4.98 7.64 5.61 1.81 -1.14 6.76 3.03 -0.51 8.68 5.59 9.76 -9.85 -0.26 -3.77 -4.64 8.75 -7.83 -3.46 -3.18 5.10 1.96 -4.67 -2.49 9.35 -4.88 2.85 -1.62 -3.26 -0.57 -2.23 -0.31 -7.10 -4.87 -2.94 -4.10 4.52 2.42 -8.72 9.87 4.08 9.74 8.71 9.19 5.85 -5.10 -4.13 -1.38 -0.07 -8.83 -1.53 6.82 -5.97 -2.83 5.42 3.08 5.06 8.45 1.06 -8.63 -1.48 7.91 -2.31 -6.54 -2.94 -4.65 -7.47 -6.38 5.03 -4.97 
-3.42 -3.97 5.59 -9.03 -6.38 -8.24 3.88 -4.57 -2.00 7.61 -0.36 -4.41 2.42 -0.26 3.62 1.26 -0.39 6.36 -0.75 1.71 -6.53 -2.97 5.01 1.71 -0.18 3.08 -1.50 9.30 4.60 -6.39 7.24 4.69 3.00 9.87 8.85 -8.75 -6.54 -3.71 2.37 -9.12 -2.68 -8.58 1.22 -2.68 4.70 -1.31 3.40 6.65 -3.80 -4.14 2.27 -3.24 -3.52 -9.69 4.13 9.55 -6.85 6.01 8.73 -5.28 -6.00 -7.15 1.59 -6.59 8.29 7.60 -3.69 -4.45 0.53 -9.41 -3.02 9.26 6.74 1.87 -3.47 -9.81 -7.64 1.44 8.56 9.58 4.02 -0.27 2.78 9.16 -7.29 -9.27 5.79 -9.94 2.50 -8.62 -4.30 3.40 -0.48 9.61 0.20 2.42 -6.46 -1.83 -9.98 -5.34 6.30 1.21 3.56 -1.93 -7.77 -2.07 6.31 -5.04 2.12 -8.25 -7.72 -4.12 -7.85 -2.43 -3.90 -3.50 -0.87 -4.49 7.46 9.18 -7.81 5.69 -0.02 5.80 6.64 -4.73 7.95 0.76 7.54 -6.05 1.16 7.26 -4.22 -7.44 -8.60 2.24 8.71 3.98 5.31 8.28 0.90 -1.99 -7.94 -3.86 -8.68 5.45 4.88 9.49 8.14 -7.24 6.53 3.84 -4.49 -0.82 4.10 -3.36 -5.37 7.55 0.83 5.67 -2.61 8.52 4.22 0.75 3.28 9.97 -3.76 9.84 4.16 9.58 4.56 -5.09 8.80 6.89 1.07 -0.74 -4.02 -1.66 -6.68 0.44 0.72 4.82 -5.47 2.27 -9.57 -8.08 -1.09 0.11 7.81 -2.16 3.06 -8.86 6.21 3.51 -7.77 -0.79 1.55 8.56 3.83 -3.62 
3.08 1.37 -4.01 7.67 -3.56 -7.93 -8.80 -5.02 1.73 2.65 5.91 -4.88 -4.78 -6.80 1.26 3.23 5.31 5.77 -5.18 -3.66 -6.66 -5.58 -8.55 -4.15 -8.12 3.51 -1.76 2.86 0.68 -7.89 -9.80 0.78 7.29 -4.15 1.75 2.34 1.69 -5.68 -6.67 -6.54 2.62 -3.94 4.23 -6.90 -1.54 -7.56 7.53 -4.13 -0.67 7.13 2.32 -0.61 8.72 9.71 8.32 -1.38 -9.89 7.51 5.90 4.01 -4.23 7.13 -1.64 4.32 3.07 -4.52 4.80 -7.52 7.90 -7.78 5.74 -2.25 -5.66 4.75 0.59 1.18 5.10 -6.86 -1.86 -4.25 0.46 3.09 8.20 5.62 1.67 2.39 -7.93 0.48 -7.76 -6.38 5.81 -1.80 -4.92 -8.65 1.85 9.98 -2.57 -9.25 0.38 9.98 -0.43 7.33 0.56 -2.20 2.04 -6.38 6.64 -1.64 -1.04 -4.63 -3.95 1.58 -4.81 -0.55 -4.59 5.00 1.38 5.95 9.44 -8.28 1.92 -9.07 -9.34 -8.76 2.45 2.37 -0.67 -1.35 3.51 -6.30 1.77 9.64 -4.22 2.86 -1.52 3.49 -8.61 -6.50 -6.21 0.85 6.65 -9.94 -1.35 -6.13 -8.20 -2.21 -6.24 -2.08 6.08 -7.51 -0.90 -7.73 7.55 -4.40 0.29 3.26 7.01 7.47 -9.80 2.89 7.10 -1.87 -8.29 -10.00 -6.80 -4.66 -8.12 -6.86 -9.46 -8.56 -5.45 -7.49 -9.82 2.69 -0.38 8.04 2.97 -4.17 -0.55 -1.04 3.52 3.33 -7.06 -2.43 -8.66 -7.71 -7.31 9.39 0.62 -2.05 -7.30 -1.25 -8.72 5.84 8.20 -4.64 3.92 -9.67 4.89 -5.72 
9.07 -6.67 -5.77 4.54 -0.72 9.62 -0.32 -4.86 -0.74 4.42 -6.17 1.60 -1.72 -2.25 4.70 -4.04 -8.00 1.32 7.34 -6.79 -2.01 -8.81 -6.04 5.82 1.43 5.10 1.00 5.21 -7.57 -1.73 -3.47 -6.31 9.65 -0.86 -5.92 3.96 -4.36 2.84 9.56 1.71 -1.07 9.74 1.06 -7.24 1.27 1.90 3.59 -4.69 -2.74 -9.61 8.51 8.03 -4.84 -0.09 2.25 6.21 1.74 1.80 -2.25 -6.07 -7.06 -2.07 7.15 -5.56 -1.25 -6.53 4.43 2.01 1.39 -4.17 0.93 -5.23 1.73 -4.18 8.64 -0.10 -4.03 4.25 4.93 3.41 -8.55 -3.18 -4.52 -1.21 5.93 -2.59 8.82 7.06 -3.28 7.89 -9.09 -7.30 5.05 0.07 6.42 -3.01 4.17 3.60 -7.68 -4.89 4.55 -6.81 6.44 -9.01 2.35 1.34 6.24 9.66 0.89 -1.68 7.25 6.46 8.60 -8.56 8.75 5.04 1.67 -5.06 6.58 5.88 -5.23 1.47 -8.52 7.53 -0.53 -6.47 -7.54 -8.83 7.23 0.81 6.74 9.46 -5.21 2.25 -5.71 -6.14 -5.75 -3.28 -5.15 7.49 -9.33 -7.02 -5.75 -9.47 -7.39 -4.38 -5.82 -7.57 -7.97 7.96 6.85 5.62 5.56 2.83 -3.01 -7.61 -5.17 -8.63 -4.42 2.45 -5.31 -7.31 5.97 -7.65 -1.42 -6.91 -7.10 -7.65 -4.64 -4.78 6.07 -9.42 -9.20 -1.03 -4.06 8.09 -9.27 -1.97 -8.54 -9.41 -2.26 2.38 8.70 4.81 -1.97 6.70 -9.58 4.20 -9.27 9.58 9.08 7.20 8.71 6.66 8.50 8.41 -7.77 -1.22 -1.87 1.79 
-1.04 -7.02 4.62 4.35 -3.68 0.14 -1.00 -0.75 2.19 6.98 1.90 1.95 8.89 3.23 7.54 -0.89 0.42 9.11 -3.98 -5.59 -6.22 -9.92 -7.41 -3.12 9.89 0.01 -0.38 3.47 -1.67 6.35 -7.71 -9.34 7.76 -4.08 -1.50 1.86 -5.56 1.04 2.54 4.66 1.66 -7.09 6.39 -8.51 -0.76 -3.87 -6.51 1.69 6.60 -6.49 -7.96 3.08 1.34 -8.51 -4.49 -3.10 7.82 5.45 -1.54 0.46 -3.24 8.36 1.23 -4.69 1.34 -6.07 -9.18 -2.76 7.46 -0.56 1.01 7.29 5.63 -7.53 -0.18 3.67 2.12 -5.08 5.90 4.88 -6.24 -7.07 -0.08 5.28 5.51 -2.41 3.33 8.58 6.27 9.75 -7.18 -2.21 -3.90 -0.28 -4.52 -0.11 8.77 6.94 7.53 -1.26 1.29 1.85 4.87 -7.59 -0.53 0.28 9.75 3.14 -3.55 -7.83 3.91 -3.86 9.52 -2.61 8.41 -6.83 4.32 -2.21 3.71 1.07 7.16 -2.64 -7.11 -2.65 2.20 3.44 0.46 -4.09 0.37 -6.40 -5.67 7.88 -0.49 1.69 8.78 8.16 0.15 9.14 -8.09 -4.84 -2.89 1.69 8.34 9.69 2.78 -8.82 -5.83 -6.98 0.45 2.14 5.07 -3.15 -6.71 6.84 4.18 3.32 4.40 -1.18 3.93 -5.34 4.77 4.71 1.13 1.29 -7.78 -7.40 -8.17 -7.07 1.89 -8.15 -3.77 -0.40 -6.36 4.28 6.53 7.32 7.86 -0.01 -6.64 2.83 -4.76 -0.96 -8.36 6.14 4.69 6.97 1.29 -4.27 -2.40 -7.25 7.35 0.57 0.02 0.89 9.44 -2.16 0.17 -9.95 -0.94 -5.08 
-8.42 8.87 -1.71 8.20 -2.01 4.28 5.92 -3.36 4.00 -5.71 7.88 -4.93 5.43 -6.43 -8.89 9.85 -1.56 -3.12 -7.47 0.47 4.55 5.87 -1.56 9.60 -8.97 -9.41 2.02 -0.92 -1.43 3.12 -4.17 -1.38 -5.65 -3.25 -6.18 5.86 -2.64 0.74 1.20 -7.53 -1.70 -5.65 4.56 5.61 4.31 -2.76 -4.96 0.97 -2.18 -8.56 -7.09 -2.95 9.36 3.54 -1.22 -7.68 -5.13 1.36 -6.87 -2.21 1.44 -9.41 0.83 6.95 7.55 -2.74 3.40 0.88 0.50 5.10 4.87 0.12 -1.78 0.35 -2.02 8.01 -0.40 -1.15 6.52 -7.69 4.37 -1.20 1.33 6.01 -5.29 -3.25 6.17 7.19 5.69 -6.57 8.04 9.35 8.58 -8.79 -7.44 -2.70 -6.05 6.85 9.28 -2.20 2.17 -2.70 -9.38 6.22 -6.71 10.00 -7.37 2.78 -5.24 1.42 -0.47 -3.14 8.63 -1.28 -5.06 -8.13 4.28 -1.73 4.56 -8.60 -1.03 -6.98 -4.31 2.51 -5.06 -5.06 9.62 6.96 -7.95 -6.97 7.08 -1.42 3.56 4.51 -4.95 5.64 -4.36 -5.84 -5.17 -3.01 -3.73 0.14 4.17 0.79 -3.55 -3.67 -8.22 6.89 -7.50 -1.95 -6.55 -5.07 3.87 1.34 -7.19 5.47 -0.61 -4.78 -8.04 1.18 -6.53 8.52 -1.20 -1.22 8.56 9.13 8.72 2.62 -5.54 -5.82 -7.89 3.33 8.49 6.01 0.38 8.18 5.76 -7.63 3.95 -6.56 3.37 5.35 8.88 8.13 -2.64 -2.64 2.83 6.35 -5.82 7.06 -4.29 5.09 3.59 8.46 -7.21 8.01 6.51 7.91 -6.66 -3.63 
-9.71 -5.81 8.83 7.15 -5.23 1.14 -4.28 -7.69 7.60 -4.68 3.89 3.77 -1.08 6.26 0.27 -2.23 -1.26 9.98 4.08 7.07 7.31 -5.10 1.56 9.71 9.48 -8.36 5.81 2.13 -3.20 1.81 -1.91 -9.85 0.94 9.87 0.77 -6.21 6.92 -2.46 2.31 -7.70 6.27 6.02 -2.54 -2.97 -1.90 0.80 -0.36 -4.61 4.74 2.43 -2.75 -6.47 -6.74 6.41 0.29 5.61 9.49 -6.55 2.25 2.95 4.85 9.28 6.19 6.83 -3.49 -7.75 -0.71 -3.75 3.29 9.88 -9.89 0.00 8.88 -7.84 2.35 -9.33 9.68 -5.08 4.34 -7.56 -0.50 9.98 -9.15 0.31 -0.97 5.42 -0.69 -6.17 2.82 -3.87 0.36 1.12 -1.25 -9.26 4.46 -0.43 3.66 3.53 -0.47 -8.78 -3.92 3.41 3.41 2.84 -3.53 7.45 8.93 -6.53 4.49 -2.41 -9.42 6.52 -5.99 4.68 4.71 6.87 -4.73 -5.60 -0.61 4.33 8.89 -5.96 -9.18 -3.24 -2.80 1.93 5.01 -7.27 0.34 -9.46 4.52 -8.31 -3.59 7.39 7.93 -5.80 -8.70 1.16 7.94 0.70 9.86 -8.57 -4.82 0.23 7.60 -2.81 1.97 1.27 -9.05 6.66 -8.96 -1.96 -8.66 -2.71 1.37 0.85 -8.92 7.75 2.96 -5.49 9.54 7.94 0.66 -4.41 9.17 -2.92 6.31 8.00 6.41 -2.38 2.35 8.66 9.87 -8.22 2.83 -0.73 -7.04 5.52 4.70 4.68 7.16 -3.88 -0.62 -1.67 -3.78 -2.68 3.00 8.28 0.64 1.08 -1.40 7.53 9.16 -3.21 -1.01 3.43 -2.34 3.79 0.11 -7.58 
-9.70 -4.96 5.76 1.57 -1.14 -1.50 -0.00 -8.83 3.61 -2.12 4.97 6.66 1.18 -4.56 4.33 2.61 7.36 1.05 1.66 -3.45 -2.80 4.82 0.23 4.01 -1.42 1.03 1.45 -7.48 -3.67 -4.33 -0.91 0.07 -0.53 1.25 0.82 -7.99 9.34 4.57 4.20 0.08 -7.12 -7.67 -9.93 9.68 -6.11 8.10 -3.56 -1.34 -3.71 -2.27 2.91 -5.25 -1.07 7.91 5.69 -1.93 5.08 -9.67 8.36 7.24 -8.49 8.05 5.14 -9.58 8.60 7.54 6.23 -4.86 7.97 0.87 2.61 -7.76 -7.49 4.78 5.59 2.77 -1.84 -7.49 -5.37 -1.96 5.48 -9.69 -6.19 -8.11 9.78 -7.38 5.04 2.73 7.72 -7.06 8.65 0.71 2.28 -3.83 -0.68 1.28 2.85 7.54 -5.41 4.95 0.86 -3.20 1.50 -2.56 -1.66 -3.80 2.80 1.00 1.26 3.65 9.54 -1.09 5.61 -3.26 8.45 -1.95 -9.95 9.58 9.63 0.42 0.53 7.15 -2.96 -0.01 2.86 -2.45 -3.69 -9.26 -2.34 5.84 4.97 6.36 6.10 -5.13 -3.76 8.52 9.68 8.11 -7.65 3.85 -3.14 6.15 -3.05 0.77 -1.08 0.48 -5.51 0.06 9.71 -9.14 -6.39 -6.38 -9.77 -1.27 -9.90 -1.98 -4.02 -3.38 0.89 2.36 7.55 0.51 -9.15 4.31 -8.97 -2.11 -3.60 -7.33 3.19 2.55 0.46 7.99 6.54 -7.14 7.85 -6.97 -0.58 3.20 -3.16 -8.48 2.71 3.94 -4.94 -3.93 7.55 7.29 4.11 6.27 -9.55 7.88 -3.59 -5.79 -9.10 -7.59 1.35 4.40 8.11 1.25 3.75 7.42 
2.66 2.80 7.98 5.54 9.95 9.06 -7.05 2.23 5.19 9.97 0.38 -0.24 8.74 -7.50 7.16 3.78 -4.24 7.79 5.17 1.39 -2.40 -4.64 4.78 -3.18 9.57 9.12 1.84 4.68 3.98 -1.68 -7.49 1.01 0.94 0.81 1.85 7.41 -9.13 -7.84 1.98 -0.77 -9.60 6.96 -4.02 -2.25 -5.88 0.36 -7.84 -1.04 -0.68 -9.90 8.31 -7.89 7.08 1.82 2.84 8.71 1.43 2.32 4.24 4.69 9.46 -5.60 5.59 -2.50 -3.48 8.82 -0.40 -7.34 -0.24 5.91 -4.25 4.02 -2.62 0.92 1.61 -4.44 7.57 1.74 1.79 -8.13 -0.93 3.60 -5.07 -8.40 4.98 -7.55 -1.77 -6.23 -8.89 -7.10 6.44 -4.94 -2.82 5.54 -0.56 0.61 -7.90 -8.15 -5.73 4.46 8.77 1.79 6.92 -3.29 9.33 1.39 -7.70 -5.38 -2.34 -4.81 -5.62 -0.67 3.64 5.13 -1.59 -8.92 -0.77 2.07 8.16 -1.65 1.27 1.08 -5.68 5.70 -4.63 0.07 -5.02 -2.85 7.94 0.93 5.36 -2.52 -0.97 6.90 9.57 -6.47 -5.19 1.10 -8.74 -7.06 7.76 1.57 -9.95 -1.54 -4.42 -3.15 5.95 4.22 2.09 3.09 -4.03 -4.43 2.75 3.68 0.02 1.88 -0.71 4.62 -7.21 5.02 4.59 6.43 2.82 -6.20 6.32 -5.93 -4.97 -5.03 -3.07 1.21 -2.40 -7.09 -5.06 -1.95 -9.04 -4.18 9.59 -7.14 3.08 -4.51 6.93 0.46 -7.70 5.73 -7.60 1.29 -9.82 7.90 9.46 -4.89 -0.13 -0.96 4.16 1.88 -4.13 3.00 8.23 -9.18 -5.60 -4.39 
2.20 -1.16 -9.73 -6.62 -2.40 -4.62 1.86 -1.96 8.19 6.11 3.49 -7.50 -7.08 9.70 6.09 -0.17 8.57 9.45 0.63 8.91 2.18 -1.29 -1.29 -4.82 -5.84 -3.43 3.77 -6.24 -2.25 -2.25 1.33 -8.94 -8.05 2.00 -4.75 -1.58 -0.57 7.79 6.76 2.24 -5.63 -0.03 2.32 2.78 6.21 -6.17 0.20 -6.12 -6.19 -3.68 -0.82 -7.04 8.76 3.83 4.74 -1.06 7.86 8.74 -1.53 -0.91 9.49 -5.39 6.41 -9.77 -0.69 -8.40 8.58 -1.52 -7.05 5.44 1.36 -8.85 -5.94 7.44 8.41 -2.29 7.35 2.96 5.29 5.64 -7.15 -9.37 6.50 9.46 -9.78 9.94 4.67 -6.81 0.53 -3.42 -6.25 -7.19 7.32 1.62 -2.21 -7.41 9.01 8.12 3.17 -2.36 -9.46 9.59 -4.69 -6.08 -8.00 -8.32 7.60 8.74 0.18 -3.48 6.22 -0.73 -2.90 7.29 -2.30 5.18 7.95 0.44 -5.27 -6.62 3.98 -3.79 0.80 -4.89 -8.67 -2.83 9.25 0.22 9.91 -2.30 -3.00 6.86 0.75 2.87 -3.33 2.17 0.19 0.62 7.21 -2.33 6.40 1.90 6.61 -1.82 -8.61 3.65 -2.48 -3.92 -5.26 5.77 9.60 9.04 2.38 9.94 -4.64 4.44 -0.28 8.00 -2.38 4.29 -1.81 -7.17 4.31 4.03 7.36 8.98 4.48 3.92 -3.53 -2.93 -1.52 -5.44 3.61 -7.89 -5.17 -1.24 1.94 -7.35 8.34 8.53 -0.08 4.30 -5.34 6.06 -9.98 -0.73 4.72 1.39 9.93 1.76 6.84 -6.45 -0.10 8.19 6.79 -9.43 -8.16 8.08 -8.24 -6.64 
-0.17 1.41 1.28 -0.12 5.02 4.69 -1.15 -4.83 4.79 -9.68 4.14 9.66 6.99 1.03 6.58 2.42 9.12 -2.73 -8.68 4.24 9.47 5.06 -7.53 -4.81 8.16 -4.08 -9.89 6.74 6.76 -6.37 3.44 -9.16 -1.69 -9.03 -8.67 5.27 -8.86 2.26 -0.10 -8.17 -8.27 -3.07 -3.49 -3.91 -9.44 -0.67 5.20 0.62 8.21 -2.11 -3.25 -8.60 -3.80 0.09 0.25 -7.61 1.81 -1.70 2.99 -6.02 2.47 -9.40 4.32 4.79 9.76 8.94 5.43 -3.82 5.17 4.12 9.79 3.54 -9.39 2.14 1.80 -2.14 -0.02 4.81 -8.71 8.18 -0.53 -3.97 -8.45 1.54 7.32 1.73 2.02 2.77 9.45 1.16 5.29 -3.79 -4.35 2.80 -9.93 -8.14 7.75 4.79 -9.25 1.59 -1.96 -1.67 6.06 -4.02 9.92 5.25 -9.53 -4.62 9.58 -8.67 -7.62 0.06 -0.61 6.19 9.78 8.53 -3.02 -7.24 0.89 9.84 8.83 5.10 3.14 8.98 4.37 -6.63 3.87 2.35 9.19 -4.93 -9.62 -3.86 7.21 7.68 -8.40 -2.90 1.24 9.16 6.95 1.54 -8.73 0.89 4.55 -1.92 -2.61 6.25 9.27 5.92 -6.95 8.92 -5.30 -9.12 6.15 -4.12 -1.66 -7.55 6.22 7.63 3.98 -9.83 5.57 -3.90 7.93 -2.79 2.37 0.38 8.80 -9.09 -9.21 2.83 -4.03 -6.56 -8.01 -4.48 -6.86 4.03 2.63 -3.84 3.90 -5.98 -0.98 2.04 2.00 -0.08 0.59 -1.37 -9.95 7.98 -0.65 -9.83 8.39 -7.96 -9.84 -1.83 -0.71 -2.01 -0.78 8.07 -7.97 1.20 
5.88 3.67 -5.61 9.42 -4.72 1.26 -4.75 0.17 9.57 -0.19 -2.70 -0.94 9.54 0.50 6.15 6.44 1.31 -1.84 0.31 4.37 4.10 -9.58 -5.82 0.60 8.45 8.40 -4.07 1.74 3.01 0.52 -9.25 -9.10 2.01 -1.58 -3.49 2.55 -7.34 -5.13 9.88 -2.04 3.92 -5.62 3.92 -3.03 -9.69 -9.91 8.37 -4.07 1.31 -3.35 3.56 6.04 7.53 0.16 -7.35 9.20 -0.46 -7.37 4.66 -9.63 2.20 -2.37 -9.00 -0.79 5.71 -7.05 6.95 -4.97 9.63 8.88 5.29 1.52 6.14 4.46 -8.27 7.14 -5.57 6.25 7.50 4.95 -8.16 6.77 -2.31 8.59 3.56 -5.13 -0.01 -0.11 -6.80 6.17 -9.70 -2.11 3.87 -8.18 -8.95 0.77 -3.75 3.06 -0.06 5.06 -0.52 -2.77 -8.37 -9.40 -8.63 -3.09 0.33 7.03 6.65 -3.76 -5.04 -7.01 -2.09 2.28 3.47 -2.97 -3.81 -6.10 -7.03 6.83 1.21 -4.50 -9.52 -0.28 -5.11 -9.51 -6.59 7.30 -5.69 -1.82 -8.20 1.08 6.20 3.38 3.58 5.88 -3.34 -5.58 4.53 9.18 -0.68 9.67 -7.82 2.55 -4.14 3.78 1.80 -0.56 8.24 -0.83 9.15 -2.18 8.99 -9.45 -7.72 8.38 6.21 -6.91 0.00 -8.59 8.32 1.78 -7.08 -6.02 8.66 6.89 -8.13 -1.89 8.54 -7.27 -3.57 1.73 9.71 -6.02 -2.20 4.27 -8.99 -6.30 -0.15 -4.28 6.58 9.75 -8.45 9.27 -3.13 2.13 -3.33 0.06 -7.76 0.62 7.06 -1.97 2.83 -6.50 -4.97 0.42 7.31 -0.57 0.78 7.22 
7.45 -4.01 -9.37 8.73 4.70 4.52 -1.87 -2.59 8.65 4.13 7.14 2.39 -1.17 5.64 7.07 5.59 2.40 -6.50 0.38 1.82 -6.29 0.57 -3.18 -3.89 -5.33 -3.89 -8.26 5.34 -1.37 -9.38 0.83 3.12 -1.50 3.03 6.39 -4.26 -0.87 -1.28 -1.57 1.59 3.71 -7.28 -8.34 -0.39 0.58 -9.94 -0.01 -1.57 -1.82 5.81 0.79 8.84 1.46 0.70 -4.33 -4.70 8.72 3.81 8.54 -6.97 -0.44 7.39 -3.96 -2.73 -6.51 8.17 0.50 7.40 5.78 -3.03 -7.97 2.66 5.12 -0.15 5.72 5.09 0.07 1.44 9.04 -2.28 -8.97 -6.04 7.15 -0.15 5.20 -0.07 -8.71 1.81 1.50 -8.66 0.44 5.64 -6.20 -0.25 -2.01 -7.63 9.93 -7.02 5.95 0.95 7.38 -1.42 4.08 9.81 -6.87 9.88 -7.08 -5.19 -8.31 5.73 -1.29 -5.08 -3.01 8.86 5.35 8.67 -6.71 -0.73 -4.86 9.62 7.31 1.79 -2.26 -9.35 -1.10 1.86 5.82 2.57 -6.85 2.03 -2.88 2.63 6.01 6.23 7.53 0.88 6.91 0.34 0.02 8.86 5.70 9.50 5.84 1.64 -3.77 9.04 -6.13 2.48 7.43 5.00 -1.71 -8.72 -8.12 -0.82 -3.96 -8.50 -0.32 6.50 9.26 8.21 -4.93 3.88 -3.38 3.74 3.06 3.11 7.65 -6.52 1.26 9.98 8.15 1.25 -4.30 9.64 -2.41 3.71 3.00 -9.66 -2.78 -1.60 -7.59 -7.58 9.92 -9.80 -8.24 8.88 8.82 0.42 4.02 -4.37 -3.55 -1.56 -7.00 -2.23 -4.38 -5.55 -9.38 -8.44 5.68 -5.70 
0.35 6.95 7.46 4.20 -6.79 -7.57 8.29 3.53 -2.61 9.10 -4.48 -1.61 -8.00 -4.92 -0.61 -1.72 -3.53 9.84 -9.13 8.03 -5.05 -3.54 9.30 -2.81 -4.20 -0.78 -5.71 2.81 2.51 3.03 6.73 9.26 9.17 -1.80 -9.61 8.68 -0.69 -5.89 7.43 4.58 2.36 8.74 -6.65 -0.86 0.02 8.16 -6.57 1.60 5.58 -0.53 1.57 7.13 -3.26 -7.42 -9.62 0.94 -1.97 4.20 -8.22 3.96 7.63 4.63 0.01 7.30 3.01 -1.49 -0.73 -7.35 0.14 4.96 -2.57 2.53 7.23 7.11 -9.44 1.02 3.26 -9.97 -4.70 -8.76 -7.65 -1.07 -8.09 -1.02 -5.75 -8.66 3.00 2.31 5.57 1.90 7.39 -1.49 -3.06 -3.16 -2.24 -6.88 -4.94 9.97 -6.54 -2.60 1.29 -8.94 -1.22 -5.44 8.41 -3.84 3.10 -2.03 -1.90 -2.08 6.81 7.67 7.77 -1.33 5.06 1.80 -5.41 -2.77 1.86 8.48 -7.80 5.75 -8.96 6.85 -7.70 8.34 -0.97 3.01 -0.45 -3.91 2.23 6.03 -7.35 -1.89 -6.10 -3.39 -8.46 9.63 -4.57 -2.88 1.95 1.93 -9.04 8.34 8.80 -8.88 7.82 -3.32 1.48 -7.94 -3.21 -7.04 -6.44 -4.33 -9.24 3.06 2.66 6.10 0.18 -7.84 -5.53 0.67 3.30 2.44 4.35 -8.60 3.06 -5.38 -4.40 5.49 -0.55 -7.93 8.80 4.52 4.90 -2.99 -4.24 8.43 3.29 3.13 9.39 -9.71 8.52 -2.55 -5.53 1.72 -5.47 3.83 5.51 -9.10 -9.08 -1.65 8.02 7.95 -7.43 -1.75 5.44 -6.63 2.64 2.28 
4.15 -1.62 -8.96 0.72 -9.12 -5.16 3.12 2.79 -5.37 9.26 8.00 3.78 1.09 6.15 -6.33 -3.55 4.82 -5.16 9.66 -6.28 -0.30 -9.88 5.62 -5.71 5.78 -6.46 3.36 1.42 -8.77 -4.00 3.01 -2.48 8.66 3.54 -2.01 2.47 2.74 5.33 -9.17 1.80 -7.72 -8.99 -4.68 -7.20 1.59 -2.66 -9.04 -1.51 3.63 -1.15 0.39 2.88 0.07 6.40 -8.97 -9.85 -0.38 1.84 -7.76 -7.15 -3.44 -9.32 1.30 -3.62 -8.74 3.73 3.96 -2.60 -3.20 5.45 -8.10 0.87 5.93 0.12 -1.29 -3.22 -7.64 5.63 3.30 -0.51 4.55 -4.36 -3.52 3.32 6.14 5.99 -3.86 1.28 9.29 9.41 -1.67 0.34 -8.61 -5.11 8.62 -7.39 -2.56 7.03 -5.68 2.87 -6.52 1.10 -5.05 7.83 -9.61 5.46 -7.25 -6.28 -8.00 0.88 -8.39 2.63 -6.00 0.53 -7.84 -3.36 -9.65 9.90 4.07 -8.69 -7.87 -8.08 8.19 8.86 0.93 -1.06 -7.52 2.36 -9.38 1.02 -7.12 -4.75 8.71 -0.09 8.95 0.59 -9.99 6.10 -2.93 -7.38 -8.53 0.34 -1.43 -6.92 0.07 8.44 9.91 -7.55 -5.82 -4.71 -9.88 5.33 1.87 -5.87 4.62 -3.92 -4.93 2.28 -1.27 2.82 4.12 5.93 1.02 -7.66 8.08 5.79 8.89 5.78 -3.50 3.10 2.55 0.99 3.18 -8.21 -1.26 -9.76 3.66 9.85 6.92 3.27 -9.73 -4.62 6.35 -0.67 -2.68 -6.31 -4.06 -2.23 -7.07 4.34 -9.50 2.52 8.65 -0.70 -5.33 -4.01 -4.53 3.39 -8.49 -3.57 
8.95 -8.37 5.06 -5.43 -7.16 8.39 -2.38 -1.47 5.30 -7.70 -5.18 9.63 -6.10 -6.76 -3.53 -4.80 8.48 -8.98 7.24 -1.91 7.15 -0.63 -6.26 -0.74 3.91 -7.23 5.94 -2.00 3.71 5.29 0.68 2.84 1.84 0.61 8.20 2.02 8.55 3.80 0.33 -3.44 3.23 5.01 -6.81 -7.44 1.09 -5.03 8.89 2.40 6.33 -1.03 -3.58 -4.67 -5.67 8.35 0.42 -3.78 -2.87 9.73 -9.31 1.42 8.36 2.78 -1.53 -2.45 9.02 -0.07 -8.03 2.33 8.92 -2.72 -2.96 -3.33 7.38 8.95 -5.38 -8.13 1.17 6.18 -0.26 -1.24 -5.14 -5.28 -6.55 -8.37 -4.92 -3.73 -9.88 6.89 -2.91 9.34 -6.01 8.57 -3.03 -6.02 -7.45 4.10 -7.61 4.74 -8.14 -0.64 2.56 3.19 1.75 9.25 -8.48 6.93 8.45 -1.96 8.55 7.06 7.09 1.53 -6.89 6.14 0.53 -5.81 -9.70 -4.37 -2.91 -0.45 7.07 -9.91 4.18 -3.22 4.06 -3.27 2.07 -6.32 1.87 -4.16 -3.07 -1.66 -3.78 1.63 -6.08 -3.68 -7.22 -5.02 -4.73 -2.60 4.02 -7.99 9.36 0.95 -2.99 -3.87 -4.25 -5.31 -5.15 3.56 8.05 -0.98 9.24 9.22 -3.05 0.02 1.58 -2.19 0.20 4.23 3.02 0.13 -2.28 -6.50 -8.53 -9.43 -8.43 4.18 -5.01 5.89 -7.92 -6.55 4.95 -6.99 -3.38 -5.94 -7.26 -8.77 -9.55 -9.47 -0.48 9.24 0.35 -9.28 6.74 3.06 -1.54 -9.35 2.98 -3.41 7.81 -9.89 0.22 4.18 1.98 9.06 3.04 -0.30 -5.88 4.06 
-1.15 8.63 9.50 -4.38 -0.50 -1.52 8.67 -7.75 8.62 4.34 4.90 2.66 4.28 3.98 -3.07 5.82 -8.53 4.39 5.45 -5.62 1.59 -6.18 -1.01 8.14 -3.74 -5.99 -4.90 2.03 0.57 -2.06 -9.91 -2.67 8.16 -3.81 -5.40 8.27 -7.09 3.61 5.70 8.33 -7.19 -1.75 7.99 -0.95 8.72 4.18 0.64 -8.73 -5.67 6.50 -9.60 9.75 -1.90 -6.21 5.66 5.07 -9.07 3.07 3.90 -2.88 2.15 6.96 8.18 1.77 7.43 -1.47 -7.73 -5.68 8.47 -3.03 7.77 -1.14 -5.21 -6.89 7.26 3.98 3.20 -8.13 0.66 6.21 -5.87 -3.08 2.61 5.37 9.01 7.54 4.05 1.96 7.88 6.77 -0.58 8.64 4.74 -5.39 1.98 7.50 -6.54 0.04 6.81 5.41 0.01 -0.60 8.68 0.92 -0.00 -6.86 7.00 -9.87 -7.70 -6.51 -2.89 8.13 7.08 -1.90 1.28 4.05 4.62 8.73 5.73 7.34 4.43 -8.74 0.18 -5.32 -6.10 -0.47 -7.67 -4.37 -3.56 -0.90 6.63 -8.50 -8.43 -2.12 -8.15 2.00 0.87 -1.32 4.85 8.85 0.76 -5.95 -4.78 2.00 9.07 9.30 -6.47 3.74 -2.52 -2.21 4.16 -9.85 -0.32 -2.16 0.60 -1.60 5.55 8.49 -6.56 -4.07 -5.43 -7.33 -2.15 -7.43 7.15 6.82 3.91 4.52 -7.72 -3.25 0.22 -5.60 8.21 3.33 -3.84 5.45 2.23 6.10 -6.02 -3.53 8.60 -7.36 -5.52 -5.87 0.77 -7.76 0.34 5.80 -4.76 -3.93 3.06 2.35 -7.37 6.82 -4.71 5.13 -8.97 -1.45 -2.59 -2.32 
-2.73 0.17 -5.36 -5.33 -7.52 0.68 -2.97 8.03 -2.43 6.98 -0.09 6.04 -4.99 -6.50 3.11 -4.44 5.01 -5.11 0.52 4.91 -0.60 3.72 0.42 1.36 3.55 -7.02 -3.89 8.50 -2.58 -0.11 -2.55 5.21 -3.47 3.26 -3.09 5.36 -6.84 9.32 -3.36 4.13 -9.93 0.06 0.95 7.91 8.23 3.02 3.80 2.40 -7.07 -4.35 6.04 -8.46 6.74 1.54 -0.77 6.86 6.53 -9.12 5.35 6.26 -9.42 -7.82 -3.92 -9.21 0.91 5.05 1.21 3.04 5.53 0.61 -3.89 -5.64 -5.49 -8.83 9.01 8.07 -1.35 6.91 -2.85 -7.80 5.93 -6.57 3.36 -7.34 2.23 3.19 3.19 3.93 6.14 4.70 -6.61 1.17 4.61 7.88 4.36 0.57 -7.08 -3.93 -1.68 2.91 7.03 -6.52 6.16 3.80 9.03 8.68 -2.40 -6.07 2.64 -3.53 -6.73 8.64 -0.17 -7.30 8.40 -5.14 -0.37 0.83 7.99 -7.23 4.13 -7.68 2.46 8.36 7.93 -3.37 9.86 5.35 -9.84 8.49 -4.28 9.15 7.85 -4.62 -5.00 6.69 -7.22 -6.64 8.22 -1.42 0.62 3.44 2.38 -9.35 5.20 4.72 -6.60 2.11 3.19 7.34 -0.16 1.99 -9.46 6.97 -9.11 -7.60 -1.77 6.00 -7.16 -0.46 -6.67 -9.68 7.50 -3.65 3.07 -4.22 -8.52 -2.93 9.11 -5.95 3.30 -3.08 9.03 6.10 -9.74 -0.51 8.94 -8.02 -9.30 -0.73 -6.45 4.10 7.72 -7.12 6.05 2.75 -7.20 -9.11 2.11 1.70 -8.45 -8.24 -8.99 -9.21 6.13 -1.46 -8.44 8.40 -4.68 7.33 
4.56 0.29 -6.92 -1.75 3.74 2.60 -1.00 2.72 -1.88 -5.02 6.35 3.77 -1.24 6.73 8.71 -3.21 -3.14 -3.38 -3.52 0.45 -5.55 -2.94 -0.79 -6.94 -6.38 -4.45 -0.29 -2.52 -2.69 6.43 -9.48 9.84 3.10 -0.86 -5.45 3.10 -7.86 -4.92 -2.68 -3.51 -7.25 -9.99 -7.09 3.45 -6.21 9.01 9.32 -8.68 -8.51 3.77 -4.70 6.51 7.50 5.84 2.70 4.40 2.40 -5.97 -7.02 -3.87 8.66 -8.45 -1.18 -0.34 8.46 -7.13 8.27 0.65 4.31 3.79 -3.07 -3.84 0.72 -9.21 8.13 -7.81 -7.87 -3.91 -0.77 -6.46 6.40 7.47 1.23 1.12 -7.27 9.31 0.51 -9.17 -2.80 9.91 -2.56 5.64 4.21 3.70 5.41 -6.74 2.00 -3.79 -2.57 -4.25 -3.97 -2.48 9.75 9.08 -1.69 5.99 -7.74 4.40 -2.62 1.39 -1.66 -6.19 -5.11 3.82 -9.85 -1.82 8.74 -9.69 -0.13 -0.42 2.51 4.63 -4.51 -3.94 7.63 -0.16 5.91 0.67 8.50 -3.32 8.63 9.97 -1.22 6.02 -6.71 -5.87 -0.34 -0.79 1.76 -4.90 2.12 5.69 2.84 8.14 4.92 3.27 -7.39 4.52 6.10 -6.28 5.68 -8.78 3.75 0.74 -3.91 4.33 -2.80 0.73 -6.76 8.55 -7.85 4.27 4.80 3.04 -0.55 -0.68 -9.00 -5.70 7.45 9.30 -3.23 -7.56 7.22 -7.71 7.83 6.86 2.22 -6.30 -0.73 5.01 0.85 -0.16 -7.30 -1.10 1.44 -2.80 -6.94 8.08 -5.43 -1.65 3.53 -6.63 8.97 4.63 2.25 -4.89 -8.94 8.88 8.12 -4.30 
2.46 7.70 -9.82 -0.04 0.63 -3.99 -2.71 4.89 9.25 8.85 0.09 2.47 -8.22 -5.33 5.68 -3.06 3.32 5.58 -4.74 9.98 8.80 5.90 9.82 9.85 -3.77 -4.52 4.23 0.04 -1.14 0.56 2.20 9.90 6.34 6.54 -2.36 -5.97 -0.69 6.24 0.71 9.74 -6.66 -4.25 9.95 3.53 -7.01 0.23 -1.46 8.74 7.73 -8.37 7.36 -6.93 2.42 3.98 -9.95 -1.45 1.05 0.36 0.39 -9.68 7.86 -9.68 0.19 8.45 -4.04 -3.35 -1.86 -1.31 3.98 -5.58 3.25 3.75 9.79 1.47 8.16 1.90 2.29 0.24 -4.09 9.30 -5.69 8.23 8.07 1.19 -2.02 -8.54 8.83 -4.09 -6.36 -3.16 4.78 -9.68 -4.78 8.60 0.32 1.77 3.28 -5.51 -2.87 7.99 -5.46 -7.07 0.22 8.87 -5.05 4.73 -7.90 -2.18 -7.16 -7.55 -9.94 -1.91 0.79 -8.70 -7.93 1.83 4.48 5.49 2.56 -9.06 0.54 -9.75 2.13 -4.55 -3.18 -1.91 7.08 -5.76 8.91 -6.88 -6.45 -4.46 3.47 -6.67 4.80 -8.92 -1.30 -8.07 2.97 3.35 8.25 -9.38 9.06 -8.94 -7.48 8.28 1.14 8.40 3.93 -1.18 4.50 4.69 -4.88 7.88 -9.08 -1.25 -5.33 -6.04 -5.07 0.36 3.42 -8.17 -3.28 1.02 9.62 1.31 -3.06 -4.23 -5.30 -7.87 8.54 1.15 5.57 6.28 -0.85 9.74 -7.32 1.68 -1.66 -5.30 -9.35 9.24 -6.54 8.28 8.39 5.98 8.23 -1.74 -7.46 -4.80 5.81 7.38 7.35 8.61 -2.49 7.40 -2.29 7.89 -4.35 -0.48 
1.84 5.99 9.36 0.79 -5.49 -2.01 -3.12 -1.65 2.07 5.88 -4.73 -2.57 0.49 1.51 -7.36 -8.59 -4.43 -8.67 4.03 6.93 4.99 -2.35 2.75 -5.95 -5.50 2.32 -6.09 7.87 2.05 5.75 -4.70 9.39 5.03 5.34 -5.16 2.46 9.91 -0.62 7.64 -6.59 5.68 8.71 -3.08 -4.35 3.55 -3.84 8.89 5.99 9.77 1.51 -6.10 -9.48 -5.33 -6.96 -3.78 -3.99 -3.03 -3.94 9.04 -0.30 8.67 -2.03 -7.23 -6.35 -2.37 -1.50 0.79 7.32 2.20 1.19 8.31 -1.32 9.35 1.38 0.08 8.48 -0.21 -4.43 -6.94 -7.70 8.93 1.07 8.42 -7.27 -5.70 -9.22 -6.70 -7.05 4.88 1.02 -7.71 0.90 -5.96 -5.95 -0.92 9.00 3.57 1.89 -8.37 8.53 -8.47 -7.68 0.21 -3.10 -1.95 -1.62 -3.25 1.40 1.04 5.60 -6.08 8.13 -5.11 -5.82 1.75 3.97 -7.61 0.97 2.39 -0.15 -8.62 2.36 4.19 0.58 8.45 -8.88 0.67 5.80 -5.88 0.26 -0.78 2.13 -9.31 3.85 7.87 -6.14 -0.43 -9.59 -0.69 3.65 9.36 -3.50 9.49 2.10 -2.21 -2.59 -9.83 9.28 -9.70 1.84 -8.39 -4.39 7.98 -2.60 5.75 -2.94 -7.73 4.12 8.21 5.81 6.58 -8.51 -3.85 -9.59 -6.05 -3.35 -1.65 -4.46 5.43 9.33 9.22 -7.67 9.16 4.90 -7.45 -1.60 -7.15 0.43 -0.36 -7.40 5.57 -4.97 -7.87 -4.97 0.26 -3.51 -4.01 3.86 8.24 1.56 -6.60 8.58 -9.73 -3.50 6.22 -3.90 4.94 2.07 -2.56 5.99 
-7.61 1.43 3.96 -8.34 6.60 3.09 7.58 -9.30 4.75 7.31 1.53 7.03 -8.16 -2.29 2.53 -1.15 4.67 4.75 6.43 -6.97 -1.85 0.11 5.46 8.51 -6.53 5.51 9.37 3.00 8.69 -0.26 6.81 -8.73 7.11 -6.99 -0.65 -2.85 2.69 4.08 5.97 7.39 4.40 -6.45 -0.15 4.49 3.13 4.96 -4.28 -3.06 5.25 -1.89 -3.36 8.93 7.61 6.15 0.25 -0.02 -5.79 -6.50 7.82 -7.79 -8.14 0.50 3.08 0.30 -4.73 7.77 5.61 8.08 -7.92 2.31 -8.93 -5.09 -1.73 -7.09 -4.89 0.10 8.37 8.46 -5.43 4.27 -7.31 9.82 -7.08 -3.96 6.90 -5.03 -7.78 -5.23 -5.05 7.02 3.25 7.57 -4.28 -2.51 6.79 -4.82 0.04 -1.24 5.55 -6.44 2.42 -1.18 -9.85 -4.71 -1.68 3.13 -1.46 -8.02 3.56 6.59 -0.16 2.91 -6.67 -0.40 3.17 -5.45 6.41 -0.14 -3.08 1.56 -4.09 6.62 -0.45 -5.80 -9.29 8.88 -8.57 -7.61 -7.25 -9.36 -2.25 8.11 -8.56 -3.11 -0.80 -5.25 -2.81 2.93 7.48 6.26 -5.80 8.96 -7.58 -2.59 0.52 5.74 0.62 6.66 6.30 1.56 -7.41 -6.29 4.30 5.97 6.26 -5.52 4.18 -5.34 4.81 -7.48 -1.43 -7.69 8.66 9.72 -7.32 -1.36 1.41 -1.94 -5.47 -1.78 9.75 7.88 6.27 1.01 -7.90 -5.10 6.33 -6.37 7.17 3.04 -8.64 9.92 1.48 -2.72 -7.56 -5.16 -2.92 5.44 -3.00 -6.41 -8.65 0.85 -1.70 2.63 -7.14 3.62 9.43 -7.13 7.64 -5.95 
7.04 9.57 -3.05 6.60 6.04 -7.58 2.03 4.32 0.48 -7.66 2.73 -6.45 -3.58 5.10 5.75 8.92 -2.72 1.82 3.75 0.29 -5.49 3.80 9.49 -5.83 6.31 -4.09 8.02 -8.36 -7.69 -0.33 7.83 -8.80 -9.97 -7.06 -0.58 3.80 0.48 6.16 -0.44 1.72 -5.94 -5.84 -8.82 -3.58 5.31 3.94 8.18 -5.31 3.84 -7.71 -4.29 -6.49 -7.26 -2.04 6.86 9.97 2.67 -8.45 -2.64 9.22 -0.74 6.09 3.48 3.27 5.78 2.01 -7.74 -1.44 0.16 -0.85 6.65 3.43 9.09 -5.85 2.84 -3.98 6.93 2.20 -7.49 3.24 6.92 7.67 8.95 0.32 9.93 -5.15 9.86 1.88 8.67 1.55 1.96 -5.37 1.43 -4.59 9.33 9.56 -4.08 0.64 -2.19 0.51 6.81 2.92 -2.98 -5.03 1.17 -8.27 -7.69 -0.44 -3.27 9.25 6.68 -0.55 -4.23 -5.50 -0.25 4.00 -6.80 2.20 5.60 7.36 8.17 -6.88 2.49 3.76 4.48 8.04 2.74 -4.91 5.74 -4.99 -7.70 -4.13 5.00 5.25 -2.02 -8.41 -4.76 0.46 -1.14 -0.05 7.08 4.45 -6.00 9.32 -0.84 8.90 -8.70 2.10 -2.71 -8.38 -7.21 -6.61 0.62 5.38 -7.72 -3.64 -6.17 9.61 -0.21 8.29 -4.35 6.42 4.80 -8.76 -4.31 -0.86 -2.78 2.35 -8.61 -2.58 -5.79 4.66 -8.94 7.94 4.07 7.92 0.03 3.43 7.80 7.31 -0.11 3.93 8.54 -3.19 3.34 -1.24 -4.25 -5.45 8.38 5.96 -5.66 -3.19 4.07 -0.28 3.29 -3.50 9.07 -8.26 1.65 8.15 
1.79 0.51 -2.27 6.18 6.08 1.06 -7.61 -9.17 9.61 -8.59 9.16 8.41 -7.14 5.95 3.10 4.28 2.17 -1.62 -1.68 5.89 2.15 2.49 -8.27 0.30 -0.19 -8.82 -6.62 -8.90 1.94 -4.96 -1.32 2.70 -0.70 -9.90 1.70 -5.03 -3.78 -3.00 -3.02 -0.07 3.90 0.91 -8.27 2.80 -4.78 2.13 -2.60 -4.00 -9.78 2.40 -6.65 -6.17 7.20 -9.69 6.38 0.92 1.31 -4.87 -2.91 -8.38 -3.78 8.37 0.25 -7.02 0.59 -2.14 8.88 -5.14 2.11 -2.88 -9.50 1.80 4.36 3.49 -5.94 -6.95 -9.57 -8.56 -6.19 -3.88 5.97 -6.34 5.34 -0.87 8.03 -7.16 -4.98 1.42 7.86 2.71 -8.70 -6.31 -8.83 8.04 -7.16 -0.95 -3.27 -5.35 7.52 -7.75 -6.87 1.92 7.75 -9.96 -3.64 -4.70 1.96 2.81 -9.72 2.09 7.72 7.15 -6.20 0.07 -1.45 -2.33 -4.71 5.10 1.24 -5.97 -8.55 -9.66 -6.23 -6.21 0.87 5.79 -4.81 -0.47 6.58 -4.65 -0.53 4.29 -5.66 -8.53 3.71 1.63 -2.01 0.67 6.24 -7.99 1.76 -7.36 -2.04 -5.56 4.38 3.73 -9.99 -3.94 -8.38 1.75 -3.82 7.16 2.72 -0.31 6.12 2.05 -1.53 9.16 7.21 -8.26 -4.55 -8.08 -3.81 -2.66 8.40 9.79 8.85 6.32 -0.06 -4.97 -0.87 -2.20 -1.15 -9.27 -7.04 -1.76 7.01 6.31 -3.76 8.81 -1.20 1.75 -0.09 -6.77 4.42 4.88 6.39 -3.65 -0.78 -5.68 -7.24 -1.23 -8.80 -7.02 4.07 3.06 7.52 -1.70 -4.57 -6.15 
2.20 -2.23 9.20 -5.37 -3.93 -2.98 2.29 -6.99 2.56 2.70 -9.23 -2.82 6.11 -5.73 1.76 8.44 7.04 -8.33 -2.99 8.14 -2.58 8.19 -5.32 -8.07 7.63 -6.07 5.84 2.46 -1.23 3.57 0.85 8.58 0.88 5.83 -7.13 -4.63 -7.83 2.60 -4.50 -9.98 6.68 4.96 -1.30 6.60 -5.27 -0.73 9.89 -5.83 -4.34 -5.33 0.66 -7.70 1.21 -4.59 -4.56 6.18 -8.20 -5.28 -6.62 -9.26 9.00 0.61 -3.29 -3.08 7.86 -1.63 2.75 8.72 2.13 6.96 -7.92 9.50 -3.22 -1.11 3.31 -4.80 -3.99 -2.18 -4.96 8.78 -4.45 -1.53 5.41 6.83 -8.11 8.98 -6.45 9.75 3.67 7.75 6.57 6.52 -5.77 -1.52 5.58 -6.65 4.96 8.26 4.58 8.89 -3.34 8.18 8.21 4.69 0.93 2.63 -6.12 -0.00 7.37 8.76 -1.98 7.84 8.06 -8.52 9.89 7.90 1.93 -0.36 -9.68 7.60 2.76 4.65 1.94 -2.25 4.40 3.52 -2.40 5.11 -8.49 8.28 -2.05 -9.33 -7.08 -3.56 3.77 5.93 8.84 6.85 -4.58 -8.64 7.71 -3.83 -3.43 -6.18 4.96 6.32 5.39 -8.16 -0.81 -5.38 6.72 8.76 -7.39 1.87 2.74 -4.35 -8.32 -8.02 -1.25 -1.53 -4.00 -3.43 -9.67 3.99 8.72 -6.39 -2.41 3.17 -6.88 3.03 9.56 7.28 0.42 4.18 -3.24 0.18 7.01 7.04 6.66 -6.46 5.90 0.56 6.05 8.75 6.62 6.77 -6.26 -6.54 -3.88 6.35 -4.87 -0.51 -5.84 -5.48 -7.10 -4.00 6.79 -8.45 -8.65 5.44 
-8.59 -5.06 -8.91 3.00 8.19 7.93 8.78 -9.48 6.59 -2.36 3.67 -4.86 9.93 -2.83 7.30 -2.43 -6.96 -0.16 -2.28 -8.73 1.59 5.53 9.10 0.22 5.85 8.84 3.99 4.44 6.54 3.16 -8.98 -3.68 -0.27 4.28 -0.84 -6.32 -2.50 9.92 -7.85 2.76 -5.71 -4.30 -1.07 7.24 -3.91 -1.36 -3.24 -4.45 4.22 6.22 5.66 -1.57 8.21 -9.46 -0.29 -3.48 -3.66 -3.94 4.83 6.43 9.85 -2.42 -5.67 -5.48 -7.12 -7.39 9.35 -0.43 -0.04 1.40 4.74 -9.93 -6.83 -8.99 -4.06 -5.85 -5.56 0.67 -6.32 -0.09 -5.35 7.42 -7.54 -9.89 -0.78 6.87 -9.53 -1.79 -9.56 7.61 2.42 8.53 -5.33 -6.52 -3.62 8.15 3.60 -1.07 2.23 6.37 -6.89 -3.98 -7.00 1.92 -7.19 -7.13 -0.17 -2.44 -3.50 -2.01 5.88 4.29 -5.10 -3.75 7.60 2.41 2.56 0.70 -5.87 7.18 -5.26 -4.35 5.02 -0.47 7.90 4.45 -1.98 -8.24 -4.93 -2.54 -7.19 7.75 6.45 -7.39 3.07 5.80 -8.51 0.75 1.26 -2.69 -8.08 9.80 1.87 -1.85 -2.20 7.52 -9.41 -2.48 3.59 9.97 0.99 9.23 7.67 6.23 -1.85 0.26 -8.99 0.94 -7.51 -8.68 -6.96 -3.82 1.18 -1.85 -5.78 -2.63 8.12 -7.00 8.99 -7.11 2.99 4.65 -3.49 -0.05 -0.15 -3.31 -3.87 -1.50 6.16 6.19 9.23 -5.71 5.71 -0.58 -3.01 3.66 -3.75 -6.18 -0.74 6.38 -4.80 -2.04 2.24 -2.68 0.13 -5.28 8.17 -4.04 6.57 6.56 
0.15 -7.64 -4.29 5.02 5.16 -3.50 -3.27 5.79 -6.13 9.42 0.23 -3.71 -8.20 8.64 -4.43 -8.54 -6.64 -8.41 -0.38 -0.71 9.59 2.87 -0.55 -7.89 -3.10 0.38 4.68 -0.15 -9.44 3.11 -5.10 7.13 7.76 1.39 2.54 -7.22 -2.89 -6.84 -3.80 8.33 3.09 0.93 -0.25 -5.93 -1.63 5.43 -4.54 -6.37 4.99 -0.92 6.26 7.15 4.77 9.36 -5.29 2.68 -0.10 0.62 -3.15 -2.15 -7.00 5.13 1.75 4.27 -9.01 -1.88 -7.94 5.32 3.84 -9.27 -7.07 -8.43 -6.04 -2.83 -6.13 -6.86 -2.65 -6.94 9.30 7.86 -1.54 6.16 3.44 -9.49 -5.32 -1.48 -9.92 0.93 -5.19 -0.66 -9.52 -1.34 1.20 -7.75 4.00 -4.39 9.44 -7.96 4.71 3.03 4.91 -6.16 4.45 -1.02 9.35 1.04 -3.78 -5.36 2.37 -9.00 3.19 -3.93 2.44 -6.39 -1.53 -9.77 8.20 8.96 -8.81 1.47 -7.85 -9.04 -1.56 -7.42 2.89 -8.50 -7.13 5.03 -8.86 -7.64 -4.97 0.21 0.76 8.70 4.31 0.24 -6.14 9.47 -8.18 5.02 -3.36 2.71 4.62 8.49 3.12 6.61 2.86 -1.25 -8.92 6.39 -8.94 -6.62 -0.10 -1.74 3.29 -0.98 -6.52 7.66 2.61 -8.76 -3.31 4.13 2.51 -1.80 6.11 -6.41 -0.72 -4.50 5.78 -5.29 3.84 -2.36 -4.69 -1.01 5.59 2.52 -5.82 -9.99 8.68 5.73 6.41 -8.37 9.19 1.65 0.29 4.78 -8.71 -5.21 -6.30 -4.28 -7.88 -3.61 2.38 7.37 -1.96 -8.71 6.50 7.82 5.20 -5.75 
-2.27 -7.90 9.53 -8.54 -6.91 8.11 5.30 -6.62 3.31 5.65 -0.06 -1.72 3.78 -7.65 -5.48 5.25 9.77 -5.85 0.18 -1.33 -4.35 6.42 -1.07 3.03 7.88 -7.01 -0.98 -3.81 0.39 -8.04 0.24 -0.62 5.99 -4.60 -1.04 9.75 9.87 -4.11 -8.29 4.02 2.48 -3.73 -1.00 -4.40 0.68 2.92 -5.35 -9.64 6.74 -6.78 -7.62 -3.19 -1.40 -1.89 -0.74 0.34 7.62 -1.26 5.03 -1.65 3.25 -7.39 4.21 -5.57 -7.90 -7.82 -5.47 2.16 9.80 -1.72 6.60 -8.83 9.40 1.12 -4.31 7.19 5.12 -0.36 -1.79 7.74 -8.49 5.49 -4.77 -9.25 -7.70 6.53 4.29 -8.62 0.47 7.47 8.52 -9.38 4.82 8.82 8.74 -8.54 -2.51 5.51 0.09 -2.62 -2.80 -4.19 5.14 5.94 -1.14 8.18 -5.90 7.11 -6.46 3.02 -4.98 -9.39 6.50 0.47 7.84 3.93 -3.96 1.05 -3.54 -5.72 6.66 -8.76 -4.90 0.43 -2.23 1.55 -2.43 8.61 -6.75 3.64 -2.97 4.04 5.62 6.71 -9.52 7.23 -3.19 6.19 -0.58 5.07 -4.72 5.04 -3.27 1.24 -9.65 8.28 -1.32 4.90 -5.10 -3.39 7.90 -5.92 -3.35 6.26 3.69 -1.05 0.01 -8.98 -2.46 -9.40 3.87 1.70 4.20 -8.96 7.16 -7.66 0.60 9.50 -0.82 3.19 1.63 -9.51 -5.90 -7.71 -0.49 6.63 -8.49 3.23 8.11 6.12 7.23 -1.83 6.03 -4.72 -3.15 -6.30 -6.48 0.79 -4.46 0.91 -1.98 -3.84 -7.38 -3.95 9.39 3.71 -2.65 4.85 -2.63 3.63 
-2.84 -8.81 -1.00 4.88 4.31 8.11 5.27 0.15 9.53 7.11 -4.69 5.66 -0.08 -3.20 -1.03 -5.71 9.04 -3.70 -9.57 9.66 4.04 7.68 -0.27 5.25 -6.12 -4.63 8.41 -3.43 -1.83 -9.59 8.07 4.74 5.96 4.91 8.14 8.75 8.68 7.74 7.32 7.54 7.68 0.76 0.55 -3.78 4.81 -7.25 0.03 -2.38 -6.47 6.79 9.48 -1.11 -6.46 2.95 -2.80 -3.09 -5.24 -1.81 -2.99 -0.02 -3.05 -5.50 7.00 6.66 -5.91 -0.53 4.85 6.58 -2.46 -2.14 -6.02 -2.26 8.23 -7.55 -8.72 0.72 -0.34 9.91 -8.55 6.37 8.10 7.47 0.55 -8.88 9.14 -7.17 5.46 -8.45 8.87 -4.21 3.27 2.00 -3.84 2.53 1.05 -1.55 3.70 2.36 -9.54 3.84 -7.82 1.50 3.23 -4.31 6.28 8.64 -5.00 4.35 7.76 4.38 8.66 8.90 -0.95 -3.90 -8.02 3.14 3.64 -9.52 0.91 -0.49 7.25 2.91 -7.30 5.06 2.68 3.91 -2.45 -1.40 -9.98 4.92 -9.20 9.26 -3.69 -3.65 2.54 0.41 3.00 -5.09 -7.59 7.26 4.93 1.90 -6.51 -8.63 1.96 -2.17 -2.73 0.28 -3.51 0.98 4.17 7.34 0.02 9.23 -7.77 -6.87 8.57 2.06 -1.63 -4.47 -7.17 -8.71 3.29 7.00 -7.85 4.59 -9.49 -3.57 6.06 -4.14 -1.41 8.98 1.25 9.46 7.35 0.40 -0.34 5.84 -7.63 4.85 -7.07 -3.24 8.52 5.83 4.83 7.03 -6.45 -4.65 8.79 5.76 9.67 -6.97 0.46 -4.83 1.84 2.30 3.29 6.68 -6.16 -9.56 
-7.67 -3.26 4.90 6.94 8.88 8.57 -3.44 -3.84 0.10 2.26 1.56 3.65 -4.35 9.62 2.20 1.03 -9.81 5.46 -0.33 4.41 -8.37 -7.12 8.24 8.66 -6.39 -3.79 -7.82 -8.14 -6.88 0.12 -1.54 -9.37 9.60 -3.18 -2.81 3.45 -7.13 1.82 2.62 3.20 -9.50 3.26 7.46 -2.65 -9.00 2.86 -8.82 9.28 -3.96 -0.70 -9.32 8.70 4.87 7.73 -8.15 -6.17 3.97 8.72 3.59 9.82 8.69 9.88 9.53 -4.39 -0.85 2.75 -2.93 -0.46 0.77 7.75 -6.32 6.65 -0.66 -8.18 6.54 8.09 -0.83 9.36 2.70 1.79 -6.22 6.00 3.99 6.09 -6.67 3.83 7.99 -8.19 0.03 7.42 -6.94 6.18 -5.01 -8.95 -8.14 5.53 0.42 0.46 -9.26 7.60 -1.77 -7.77 5.01 3.54 -1.62 7.97 2.02 4.13 4.89 8.08 1.50 3.95 9.44 -3.24 9.98 0.29 -4.80 7.06 -4.44 -0.42 0.44 1.32 -8.13 1.84 1.74 4.87 0.53 3.64 8.12 6.05 -3.08 -7.48 0.53 1.33 -9.58 -5.69 2.78 5.46 -3.36 2.07 -7.46 8.50 9.75 -2.88 -1.67 -2.10 -4.28 2.77 -3.43 8.86 -4.27 1.73 4.57 -3.46 -8.92 1.70 -5.15 0.89 1.89 -5.08 -4.99 6.03 -9.93 2.77 1.99 6.19 3.03 1.59 -8.72 9.13 7.03 -2.63 -1.13 -6.58 -2.41 5.25 5.54 0.39 8.97 0.75 7.67 7.86 0.61 2.45 4.69 -7.69 -0.17 6.39 1.86 1.42 3.48 -6.05 -9.87 -7.78 -4.31 -7.92 5.17 4.16 -0.54 -4.43 
-9.00 -1.64 -5.44 -7.33 -8.53 -1.01 6.61 1.78 7.14 3.38 0.44 2.91 -7.29 4.65 5.46 9.30 4.90 -0.69 -0.79 8.63 8.37 -2.54 6.27 6.99 2.69 -2.55 0.72 8.56 1.74 -1.88 -3.79 -5.61 9.18 7.76 -7.47 2.47 -7.90 1.07 8.15 3.48 -8.18 5.73 -2.07 6.44 -2.83 8.42 -6.29 4.70 -2.78 -7.90 9.52 6.43 -6.59 -0.82 4.25 4.70 1.29 7.76 9.38 0.64 -0.79 1.41 -4.87 0.06 5.36 -9.46 1.18 6.29 -3.66 -9.68 8.22 5.24 7.87 9.57 -9.54 7.58 -8.36 -8.07 6.52 -1.19 2.65 4.88 -1.99 -8.97 5.85 -1.69 -9.52 8.16 9.72 -1.68 9.64 2.49 -8.50 3.71 9.87 6.95 -1.10 -6.81 -5.95 8.32 0.93 -7.27 -8.84 1.71 -9.16 -4.01 7.87 -7.47 8.04 0.46 2.67 -8.08 -0.55 -7.78 2.19 7.93 -5.43 4.29 0.52 6.87 -8.23 -8.26 5.36 6.12 -7.36 -0.06 2.78 -2.20 -3.53 8.79 -9.75 7.99 6.88 -6.90 9.94 0.51 8.11 -7.65 -6.23 -4.65 7.97 -7.04 5.68 0.10 6.88 -5.32 2.52 8.38 4.36 5.00 -1.65 -5.62 6.44 4.49 4.91 1.77 2.48 4.01 -9.47 -6.78 -6.13 3.83 5.94 8.61 0.80 9.40 9.09 5.23 -2.28 -4.77 3.96 -8.15 4.10 -8.84 -6.71 5.89 -5.18 -5.16 5.65 6.93 -4.11 -4.04 -9.09 -5.54 -6.12 -9.61 9.92 5.05 9.56 -2.59 -1.25 -4.89 -0.45 -1.47 -5.87 -9.71 0.59 -6.50 -4.17 6.00 
2.35 -1.72 -6.41 8.69 6.98 -7.14 7.82 -8.17 2.78 9.21 -3.58 -2.15 -7.59 -2.04 8.96 -0.26 -9.54 -9.17 5.64 -5.74 8.27 3.35 7.62 -9.28 -6.07 -1.71 -0.21 -8.11 -2.90 0.91 -8.20 1.83 -5.58 -7.09 9.55 4.31 -6.38 -4.72 -1.55 -6.90 1.18 9.52 -1.30 -2.64 -5.55 -5.88 -4.15 -1.45 4.33 3.00 -2.99 -1.24 9.51 -4.94 8.77 7.27 7.07 -10.00 -7.19 -6.42 5.85 0.99 1.67 8.17 -8.60 3.28 6.85 -1.88 -2.44 6.03 0.61 -4.56 -6.17 6.51 3.56 -5.57 -5.91 -6.33 -8.29 2.84 3.80 -6.85 -4.87 -9.44 4.26 -0.27 -6.91 -2.57 0.30 -8.42 -2.09 -5.05 3.24 -2.21 -1.54 -1.45 -1.94 8.70 -2.19 -4.28 8.91 -5.09 1.97 0.86 -8.12 -9.94 -1.24 -4.30 -4.32 -8.53 -8.25 -5.83 -0.18 -9.86 -3.55 -5.55 -3.54 6.83 -9.58 -2.33 -7.62 6.80 -1.42 -2.15 0.75 7.85 4.14 9.13 1.99 -4.62 -4.51 5.66 7.35 -6.57 -8.22 -2.02 -7.31 -6.04 0.23 7.46 9.92 -7.82 -0.21 7.46 -3.09 9.11 -3.43 5.01 2.80 2.75 -2.47 -7.56 -1.65 -2.40 -3.69 1.48 6.92 6.38 -7.37 -3.57 9.45 -5.86 7.14 -3.26 -1.37 1.89 8.34 6.33 0.37 7.76 -0.11 3.41 -8.97 8.82 -5.54 -9.41 -6.28 3.88 -9.18 6.00 0.63 4.24 -3.88 -6.83 -6.99 5.05 0.02 -0.66 3.05 -7.29 4.51 -1.66 -9.72 -1.92 -2.85 -7.77 7.12 -8.28 1.84 -9.09 
-3.91 -2.33 2.93 0.86 -7.97 8.50 -3.25 7.92 -5.14 -6.97 -7.82 9.05 -3.74 6.06 6.17 2.86 -6.36 6.70 -4.95 -2.01 2.62 -1.84 1.81 7.62 4.28 -7.76 -0.39 -7.08 -1.10 1.81 7.41 -1.10 2.10 -9.98 8.22 -5.54 7.42 -9.53 -0.42 -4.26 -5.47 -7.52 2.81 -9.93 -4.90 7.09 1.67 -6.66 5.75 3.48 7.91 -9.34 -9.46 6.57 0.37 8.85 7.72 -5.15 -7.17 6.69 -4.12 3.99 1.38 -5.97 9.99 -6.13 -3.97 6.43 -6.91 9.01 5.65 8.11 -7.54 1.04 -2.00 -8.07 1.93 -3.48 -0.76 -6.88 1.30 -1.25 -4.85 -7.60 -6.93 8.50 9.28 8.69 -2.13 5.88 7.30 -4.66 7.90 7.98 1.16 5.91 7.90 0.35 -4.53 2.07 8.65 0.28 -5.93 -5.41 -4.50 6.54 -1.50 -1.37 -0.99 7.47 9.17 5.76 -6.31 5.28 -4.12 4.19 -5.24 0.16 -7.10 -3.69 -5.42 -9.49 -3.84 7.75 -6.68 0.53 8.05 2.76 7.68 -4.09 8.21 7.38 0.58 7.26 -5.87 -4.09 3.81 -0.07 6.36 -2.99 5.91 -6.34 -6.61 0.33 -4.94 -4.23 4.86 2.18 -5.38 -5.50 2.74 1.80 4.06 7.33 8.40 3.09 1.44 4.56 -4.81 -6.02 -7.25 -4.56 -3.84 4.61 -3.45 4.69 1.07 -3.79 0.41 2.50 6.31 4.62 4.87 5.49 -2.21 4.05 -3.35 -2.27 2.87 -8.61 7.80 7.66 3.93 -7.57 0.35 8.61 -3.00 1.44 -8.70 9.98 -8.97 3.23 6.07 -0.50 -6.36 2.18 -2.79 -3.48 6.35 -9.99 
7.21 8.50 -2.52 8.93 -3.93 -5.16 1.52 -4.05 3.59 6.67 6.66 -9.79 -1.82 -7.46 -0.40 4.36 3.68 -0.20 -1.18 -2.71 -1.78 -1.01 -4.92 3.79 -2.33 -6.25 4.87 2.94 8.23 4.83 -4.96 5.07 6.55 -3.60 2.37 4.91 2.42 -3.89 8.58 1.05 -1.95 6.36 5.15 6.79 -2.90 5.86 -9.30 -9.89 -7.54 3.71 -2.01 0.96 3.09 9.15 7.12 -7.15 -6.14 3.61 8.55 -8.80 5.39 2.47 8.82 9.54 -9.95 4.04 -5.96 8.64 -4.93 4.95 -1.59 -1.58 5.28 9.51 8.71 -1.64 -8.47 8.05 -7.59 0.29 4.35 -6.79 -1.55 -0.86 -3.57 8.54 -5.15 7.78 4.25 9.77 9.69 2.71 0.81 9.14 -3.26 7.55 1.83 9.53 3.24 -5.51 0.66 -7.83 -6.87 -3.56 4.60 -1.47 5.13 -0.14 -5.58 -1.24 -2.28 -0.45 -1.40 -0.56 -8.13 5.46 -2.83 -5.69 3.98 -0.73 2.76 -6.82 2.97 -9.20 -7.56 -5.11 0.08 -7.67 -3.65 5.56 -5.56 5.64 -8.68 -7.93 -8.11 -0.45 3.17 7.91 -1.00 -7.73 -3.42 0.69 -9.41 0.76 6.86 8.50 -4.49 1.74 8.71 3.86 2.70 1.06 -3.43 -2.43 6.67 7.98 9.11 5.72 1.93 -1.83 -7.08 -4.92 -8.29 0.33 0.16 -0.68 -2.24 0.80 4.58 -7.36 3.15 -0.09 -2.54 -1.32 -1.73 8.32 -6.90 4.24 9.90 -7.88 -0.72 9.93 -7.98 -8.27 -5.64 -2.25 -1.53 8.58 -1.60 9.53 -6.98 -0.30 -2.80 -0.90 -3.15 -8.57 6.42 -9.28 1.48 -3.82 
-5.37 -4.24 -3.74 -4.72 -8.98 8.66 1.07 -4.31 -7.24 -4.55 -7.97 -7.03 -1.07 5.15 9.08 -5.97 -2.60 -4.05 -0.59 0.94 -9.99 -3.68 6.52 0.14 7.11 -4.61 -8.21 7.04 -2.71 -0.80 -3.51 -3.78 2.28 1.49 1.28 2.72 6.49 -2.42 -1.47 3.64 8.25 5.92 1.48 -3.62 -3.62 9.85 6.81 4.79 -3.43 3.04 5.10 6.15 7.59 -0.23 1.67 -8.87 -6.35 4.24 6.74 -5.30 -4.10 9.55 -6.37 -2.80 -2.83 -5.76 1.65 -8.52 -7.06 5.98 9.20 -5.20 2.50 -4.03 -9.94 -3.45 -3.50 -4.43 1.70 5.80 2.97 1.11 7.58 -7.18 0.24 -1.23 8.05 -1.51 5.93 4.59 -2.53 1.89 -9.02 -5.51 7.96 -8.10 -9.94 -2.91 2.63 1.52 -1.31 -8.75 7.80 -0.11 -9.63 8.91 9.64 6.40 3.72 5.39 -9.85 -7.81 -3.23 -3.66 -2.66 8.17 9.56 3.15 -6.56 -9.68 -4.50 -6.05 -9.17 7.76 6.24 -1.78 -8.12 -2.00 -2.93 7.86 5.79 -9.84 -3.29 -2.11 0.45 -2.54 8.72 7.59 8.04 7.54 -6.14 4.66 -9.45 2.44 9.39 -4.84 4.10 -3.98 9.80 0.82 -2.16 -4.52 9.40 0.01 -8.63 -2.44 4.30 0.51 0.28 -3.24 -5.59 -5.02 -5.22 7.20 2.31 -5.92 4.63 9.00 -1.64 9.58 0.15 6.19 -1.77 1.37 -0.75 -4.39 0.43 -5.67 -6.65 4.98 9.84 1.07 7.83 -7.67 6.88 6.28 6.92 -9.89 -7.33 -1.78 0.17 5.24 2.55 6.38 -0.26 -5.25 -5.29 3.55 -5.35 6.58 
-3.50 7.71 6.09 -3.62 9.35 6.62 -2.27 6.77 -6.87 3.73 5.73 3.42 0.61 -6.62 2.75 -6.62 7.67 1.83 -4.84 0.05 -1.83 8.27 0.61 2.62 1.22 -9.85 0.10 2.47 -8.67 7.43 -3.19 -3.86 -8.50 -5.00 -2.88 7.37 2.76 4.73 -4.06 0.17 -0.51 -6.40 -2.52 -9.09 1.77 -5.51 -1.20 6.40 -8.91 4.49 3.95 -5.29 4.53 7.72 9.54 -3.82 -0.05 -9.46 6.16 0.04 -2.78 7.10 7.31 -4.20 7.35 -2.96 -5.43 7.68 7.93 -1.50 -0.32 -2.22 -8.28 -5.33 -4.43 9.27 4.06 9.65 -9.65 -4.63 -3.63 2.20 -3.98 -9.40 -9.87 -4.43 -4.08 6.91 -7.85 -9.88 9.18 -8.46 -7.73 -5.47 -0.75 3.06 -6.48 5.79 3.19 -6.63 3.64 -5.69 -5.64 0.07 3.74 -5.81 -3.59 5.73 6.17 8.49 0.74 7.64 8.63 1.47 7.06 7.36 3.71 -6.72 -3.02 7.96 -2.33 -0.67 5.25 2.98 3.95 -9.31 -8.64 5.05 -1.79 -4.35 8.24 -8.05 -1.50 -6.59 7.62 -0.31 1.50 7.48 -6.75 -9.09 -4.27 -2.85 6.71 -1.74 -3.72 -3.09 0.70 -1.85 -0.27 7.08 -6.05 -8.75 9.07 5.01 3.44 -2.28 0.63 -8.13 -4.20 -5.80 -2.38 -3.59 -3.12 -4.85 -3.82 4.07 -2.18 -9.42 -1.99 -7.44 -6.51 -3.28 4.72 -8.32 0.70 8.15 8.96 7.01 -5.57 -8.00 4.23 -0.10 -7.84 -3.24 6.98 -0.87 3.07 -4.60 9.84 -3.18 2.77 3.78 6.12 -7.83 5.73 6.02 -9.76 7.04 6.74 3.29 
-4.00 -2.67 1.29 -1.62 -4.76 -4.73 0.72 0.90 -2.01 9.62 -3.25 -7.77 0.89 6.56 -6.00 -3.55 2.49 3.82 -1.46 7.25 -4.58 -5.35 4.95 8.44 2.94 -1.54 -4.11 -0.97 5.69 7.78 -5.84 -4.73 -6.07 -9.73 0.58 -8.03 -2.00 -1.09 5.88 -5.25 3.94 -0.83 8.69 8.95 2.75 8.08 3.45 -0.23 5.86 -0.57 -3.88 -5.19 -7.50 2.02 6.21 -3.13 -0.26 1.31 6.38 3.34 9.18 5.22 0.67 -8.15 -6.99 -7.21 8.29 -5.98 -9.11 1.50 -6.34 -9.13 -4.93 -5.14 0.37 2.69 -1.35 -5.55 4.43 -8.02 6.74 5.37 -4.96 -9.15 8.28 -5.66 0.08 -6.07 -0.16 5.50 0.54 -4.89 -6.88 -9.79 -7.25 -6.05 2.73 -7.38 1.10 5.66 0.33 6.17 4.68 -1.35 -0.68 1.32 -0.98 -4.02 -4.60 9.55 -6.25 -8.34 -3.93 -2.24 -7.00 8.51 7.66 8.51 -2.83 -6.21 -8.98 0.22 7.94 9.21 5.65 -9.43 4.03 -8.87 -6.83 -0.01 8.11 3.90 3.17 -1.90 -8.52 -9.29 -3.58 0.99 -9.85 -1.42 -9.16 -0.13 2.90 -0.10 3.70 -4.66 -6.01 3.47 3.96 -6.98 -5.47 2.27 1.20 -8.32 -8.80 -0.19 2.89 -8.94 -7.17 -1.12 1.70 -8.79 5.87 -0.19 -2.93 -8.82 4.85 -6.63 -5.69 8.83 2.50 -7.21 -7.95 1.61 -4.80 -3.52 -9.98 6.20 4.17 -1.50 -0.85 2.88 -3.03 6.62 5.31 3.48 -5.38 -0.92 7.29 6.46 7.06 4.53 -9.45 -3.84 -2.14 5.72 9.74 -1.35 -0.11 0.58 
9.34 8.36 3.96 8.15 4.98 6.13 3.57 -9.26 2.64 2.95 -9.27 -5.72 -6.17 9.96 9.86 7.42 7.56 5.89 6.20 7.02 -9.87 0.78 -3.11 -5.96 6.45 -6.70 6.05 6.06 -9.00 -9.11 -1.63 9.61 -2.02 -4.54 1.23 3.56 2.75 1.57 9.76 8.92 -2.01 5.30 5.50 6.61 9.34 2.12 2.68 1.68 3.86 2.89 -7.85 -7.30 5.16 -2.65 -6.13 3.12 0.42 1.93 3.12 2.50 -1.64 -3.90 8.27 -0.94 4.50 -7.98 -5.16 7.35 7.84 5.79 5.54 -0.19 4.05 5.78 -8.11 -7.25 -0.58 2.29 9.95 9.67 3.30 3.32 8.57 8.24 -5.22 3.79 -1.50 -2.20 -2.57 5.34 -0.75 -4.59 -5.80 -5.88 -5.82 6.01 5.73 2.03 -4.52 -3.59 2.92 -2.26 -2.47 -3.24 0.14 4.73 -6.80 5.32 7.89 -1.62 3.62 -6.65 -0.42 -3.76 9.43 -0.96 -8.83 -2.85 9.11 -2.26 2.34 3.76 9.44 8.30 -1.71 2.77 4.90 2.19 -0.31 6.29 -6.12 -6.63 -3.05 0.05 -6.71 2.22 4.23 -7.12 1.48 -1.51 -8.02 -7.21 -3.24 -3.17 0.27 -3.80 6.32 -4.91 -4.17 -8.83 -5.40 2.16 -3.70 6.08 0.51 -4.14 -1.10 -9.21 3.11 -6.09 6.32 -0.56 0.23 3.57 -7.60 -7.94 -2.65 -6.81 -5.42 3.89 -0.70 -0.78 -3.70 -2.36 -5.94 2.29 9.29 2.33 -0.68 -9.98 -4.54 1.28 -7.22 6.89 -9.65 -8.47 -2.26 -2.54 3.92 -0.49 7.41 -2.09 -9.64 -4.96 -3.06 6.67 4.19 -6.69 2.68 -1.62 
7.45 -3.10 -4.62 -1.44 -1.77 -5.80 6.43 4.63 0.04 -1.40 1.82 0.94 -1.74 6.60 -6.42 -2.63 9.35 9.82 -7.12 -3.71 7.13 5.89 9.16 -5.47 8.71 -2.66 -1.17 -6.51 -3.58 -9.10 -3.50 2.37 5.12 4.96 3.07 9.43 -7.86 -5.51 -3.63 0.22 4.34 3.34 8.98 -6.49 2.28 3.48 -7.54 -4.66 4.59 -4.74 0.26 -3.80 -9.31 3.97 -0.80 8.97 -1.83 -4.07 -4.61 5.35 9.85 -3.10 3.27 5.94 4.98 1.87 8.60 5.54 3.86 -7.03 9.90 2.32 4.36 -4.50 -2.55 -6.89 -2.94 -7.03 -9.57 -4.66 -4.45 -0.68 6.15 6.26 -1.75 -3.57 0.43 -0.82 -0.53 -5.58 -0.48 0.53 -7.98 7.31 9.93 -2.60 5.08 -4.77 -9.74 9.00 -9.02 7.14 -7.22 3.81 1.40 3.29 5.34 -1.65 8.33 1.56 2.75 2.01 6.60 1.75 1.47 -3.34 3.09 -5.77 -2.44 0.64 -2.47 -8.96 0.39 -8.08 -2.07 9.36 2.95 -5.33 -7.18 -9.27 7.09 4.39 0.09 0.11 -4.24 1.69 0.45 -0.90 -4.90 5.54 -0.08 6.01 1.58 5.46 6.03 1.19 0.11 0.89 -3.92 8.49 9.47 9.17 5.09 -9.80 6.48 5.58 -6.83 -9.03 9.97 -3.43 5.72 8.41 1.24 7.42 8.40 3.38 -2.99 5.48 9.91 -9.31 1.44 -7.85 -3.48 2.53 7.88 -0.68 2.34 5.02 -6.86 -8.97 4.52 -9.46 -1.67 -3.86 -0.33 6.10 6.98 -5.48 0.63 -1.80 -3.48 -4.53 -6.58 -9.40 -4.17 -7.87 -3.87 5.34 6.73 6.41 
-6.86 8.96 0.94 8.77 -3.93 -4.59 0.12 9.61 5.90 -4.20 -5.94 -7.02 8.08 3.90 6.84 -8.32 4.90 -1.43 3.32 6.27 -6.39 1.50 -7.59 -8.56 9.90 4.83 4.21 9.71 3.00 -2.04 9.21 5.19 -8.77 9.75 -2.36 5.54 8.81 -3.67 7.29 2.01 2.84 -6.08 2.54 0.63 -6.99 -6.25 5.07 -7.37 5.05 6.81 -9.99 -2.19 -6.94 -8.89 -9.14 0.73 2.30 -2.85 2.73 8.08 6.12 3.94 3.05 -9.90 8.07 -7.88 -2.13 -9.22 8.13 -4.11 0.19 1.84 -0.96 -6.15 -9.84 3.63 1.94 -2.20 0.90 -6.38 -7.89 -6.19 -1.18 0.63 4.47 -6.90 3.02 -1.40 -7.81 0.25 4.37 3.85 8.33 8.86 0.28 4.85 -6.59 5.57 8.63 -0.42 5.19 -7.48 7.12 8.07 0.14 7.08 8.13 -3.45 -5.42 8.65 -5.30 -2.62 7.02 2.85 -9.68 -2.96 -5.38 6.17 5.52 6.49 -4.16 -1.66 -6.46 2.69 5.44 -5.70 3.53 -9.04 -4.62 -7.09 5.51 -0.02 9.66 -0.58 -0.13 3.55 7.79 -9.15 -7.12 1.42 -2.82 -2.78 -6.51 5.25 -7.63 -5.56 -9.84 4.24 -5.00 6.93 -2.32 -5.46 -8.14 3.72 -1.50 -0.93 -1.50 -2.19 -9.44 9.03 4.34 5.79 0.81 -6.63 -6.89 -7.35 2.18 3.01 -1.52 -8.55 9.33 -7.17 -3.87 -2.49 -9.38 -0.44 -3.08 8.26 0.62 -9.50 -1.22 -3.49 -1.86 7.42 -9.73 4.69 3.95 2.72 0.90 1.05 1.08 8.96 -1.31 3.99 -4.43 9.39 3.12 7.36 3.94 -0.15 
-4.27 0.67 9.82 5.82 -7.79 -3.46 -4.14 7.85 6.52 5.27 -2.12 -8.61 -5.75 -5.34 2.03 -0.18 6.42 7.23 2.51 6.82 9.50 6.66 9.52 -4.53 -7.82 4.37 -4.14 3.23 -2.60 2.54 4.92 4.13 5.48 -9.16 1.66 5.65 5.75 -9.58 5.62 -1.67 3.35 4.80 4.39 3.25 9.43 7.45 -0.46 -6.90 7.28 1.56 8.87 5.80 8.81 -5.03 -3.72 1.88 8.44 -8.58 3.64 -4.02 -8.63 1.58 2.36 1.97 -6.63 -7.00 -5.64 9.95 -0.12 -8.37 -2.59 8.14 7.99 8.14 -6.51 4.58 6.60 5.42 2.94 -4.51 1.64 4.25 -5.47 3.08 2.35 -2.57 -9.49 5.92 -7.64 4.53 -0.03 -1.78 -7.23 7.58 0.24 9.18 0.78 6.26 3.70 -1.63 3.10 -4.49 -7.27 1.55 -5.55 -2.15 5.11 8.60 -2.68 2.77 8.09 -3.91 6.65 -8.63 3.10 0.99 3.65 -7.41 9.31 8.65 -0.01 1.18 -4.40 -4.77 3.90 2.25 -4.58 3.14 9.35 -5.53 -6.31 -4.04 2.68 -0.40 -1.63 -3.94 -0.63 4.98 0.85 -7.32 4.51 1.05 -5.02 6.76 7.74 4.09 1.31 5.29 5.16 8.66 2.35 -9.73 4.55 -0.80 3.77 -3.89 -4.44 -1.73 1.91 -1.60 7.32 4.34 9.13 -1.24 3.58 2.40 -5.89 3.22 3.81 -9.92 7.29 -3.61 1.78 8.80 -8.80 -7.86 -1.01 1.04 5.99 -6.15 6.60 0.26 4.90 8.61 -2.15 5.09 1.36 -2.93 4.91 -4.54 4.74 0.64 4.68 4.89 7.09 -0.49 -4.86 7.09 3.70 0.74 
9.25 6.62 -2.66 9.67 -3.16 -1.26 4.51 9.52 9.69 -0.73 -2.43 -0.12 9.12 -9.93 -5.55 -0.05 8.79 -5.35 -8.53 3.02 -4.03 -7.19 -3.64 1.76 6.26 -9.81 5.01 -2.51 8.33 8.31 2.82 -5.35 -7.10 -9.05 9.29 5.94 8.40 6.89 -0.30 -8.74 -7.28 6.92 -3.57 0.18 -4.62 5.99 2.79 3.30 2.58 -1.25 -1.74 -5.71 1.41 4.60 8.72 -4.25 2.23 -3.98 -2.10 -0.23 -2.64 -0.94 7.90 1.62 8.59 -4.75 5.27 4.38 -0.48 -2.53 -3.30 -4.34 -2.63 -2.67 6.76 -6.69 6.23 -6.67 0.54 -3.44 -5.15 8.77 1.90 -5.62 -5.90 7.81 2.77 9.63 4.19 0.14 4.64 6.65 9.94 -7.20 3.51 6.92 -2.27 -8.74 0.54 -5.38 -6.64 3.00 -0.31 -6.83 -9.22 1.69 6.65 4.65 8.88 3.32 0.71 -7.37 -5.85 -2.26 -5.32 8.09 5.18 5.68 7.64 -2.76 -5.81 1.79 4.86 6.66 2.74 -9.12 -1.32 1.11 3.88 -1.22 -8.31 7.03 -1.67 2.28 5.99 1.86 -6.52 -0.74 9.69 -4.33 9.13 8.75 -7.55 -9.93 -1.77 1.29 9.13 -8.70 -6.00 8.49 9.30 8.11 5.55 3.81 5.52 7.42 -1.51 -8.23 -6.71 -5.31 -2.79 -9.33 4.75 4.89 -0.93 -9.37 7.74 -8.33 8.86 1.10 9.50 1.37 -8.59 5.97 -6.53 1.53 1.23 -0.27 -3.31 8.45 -9.36 2.30 -2.06 -7.84 8.08 6.60 -6.93 3.77 -8.30 1.86 8.63 8.71 -0.30 3.02 -9.87 7.24 8.36 -9.51 -2.66 5.33 
4.31 -5.54 3.52 -3.92 5.64 7.16 -3.86 8.72 -2.81 -7.17 7.98 -0.26 2.41 1.76 -3.59 8.90 2.32 -3.06 -8.26 -6.94 -1.90 -6.77 -9.60 0.12 0.44 -5.60 1.79 5.95 3.90 -8.79 -4.19 6.42 -5.39 8.43 4.46 -6.24 -0.14 9.75 4.37 2.33 5.79 1.08 7.11 0.05 9.90 5.51 -0.75 -3.35 7.76 6.84 6.98 -3.69 -9.26 1.53 -8.26 -8.90 -5.67 -0.89 0.11 5.84 -6.81 8.84 -8.38 3.69 9.08 2.28 7.15 -10.00 2.84 -4.38 4.44 -7.35 -9.87 -4.36 6.07 -3.42 -6.31 -0.62 6.79 -5.15 9.23 1.46 -8.14 -0.86 -2.16 1.18 -9.33 -8.87 2.44 -5.58 4.07 9.39 6.53 -8.59 5.82 -5.71 -0.38 -6.98 -2.97 7.74 2.68 -0.36 -4.69 -4.32 2.63 2.88 -1.48 1.68 -8.43 -0.02 9.07 -1.47 -3.37 -4.04 3.83 9.13 2.84 -9.43 0.12 4.91 5.49 -1.20 -5.52 -4.82 1.86 -7.11 2.47 -5.88 4.27 0.48 7.33 1.53 7.37 6.49 -0.17 1.46 -0.86 8.39 8.56 3.70 0.70 -7.29 -3.98 6.67 4.25 -5.30 -0.84 -4.03 8.05 1.74 -3.63 2.88 -0.44 8.50 1.50 -2.45 7.89 2.81 -5.60 9.66 -6.63 -6.91 -1.69 9.94 4.58 0.22 8.50 2.05 -9.46 -0.72 -2.08 3.02 0.71 0.27 1.79 -9.76 -9.40 -9.44 7.20 -5.18 -6.57 -0.39 -4.41 -2.78 -5.22 9.35 3.71 0.93 -7.59 -2.81 4.83 0.05 -9.03 -1.35 -1.56 -0.24 -9.46 3.76 2.13 6.68 
8.95 -9.41 1.90 -3.12 8.64 3.96 1.09 9.31 4.72 4.79 -6.91 -5.19 -5.12 8.10 0.07 -1.85 -4.65 8.74 9.61 -7.05 -5.12 1.86 -1.78 -8.94 4.62 4.36 -8.40 -0.83 4.09 -9.78 -1.86 2.68 -5.35 3.89 -8.23 -8.81 -0.89 8.13 -9.85 5.42 6.67 9.62 8.36 9.88 4.81 -4.07 1.27 -1.54 2.49 -4.61 -3.71 9.00 9.39 0.73 -5.69 1.60 -5.18 -8.19 6.28 -3.74 9.12 -0.78 -2.72 7.32 6.02 6.93 -7.72 5.69 -1.92 -6.94 2.84 -4.79 7.59 -7.96 -5.77 9.57 8.56 -4.71 -1.47 -8.74 4.70 5.83 2.15 7.52 -1.13 9.93 0.77 5.28 0.95 5.81 5.69 -2.72 1.11 8.32 -9.37 -6.61 -1.23 -8.45 -7.44 9.36 -0.46 -1.72 -0.25 1.51 -2.33 6.27 -8.29 0.38 -7.75 -6.81 4.89 3.30 -3.96 -1.18 8.26 1.12 3.03 -3.78 0.53 -8.50 3.99 -6.86 -1.35 -5.34 -5.09 2.14 -3.23 -4.83 1.25 0.94 5.16 -5.76 3.05 2.59 0.36 -0.03 -2.35 3.28 -6.48 1.21 -1.18 -0.10 -9.51 7.35 6.95 3.14 0.49 1.07 -7.66 4.60 -1.27 5.52 -5.28 5.14 4.10 6.21 -3.74 1.82 1.28 6.54 2.68 -2.80 6.63 -0.98 -6.20 -5.22 -5.83 3.70 -2.54 7.92 -8.43 9.92 2.55 7.40 -9.00 -6.30 3.57 -5.67 6.01 -1.20 3.56 -9.37 -2.90 8.27 -1.15 9.82 -6.92 -1.00 2.10 3.85 4.96 3.10 -8.68 9.94 -4.50 1.94 0.79 8.32 -6.22 4.17 
7.78 -3.09 -8.23 2.98 7.19 0.58 -6.50 3.29 6.63 -1.99 8.46 2.61 -7.94 8.91 -8.15 1.73 -8.01 -4.95 5.22 0.92 -5.51 8.36 -1.47 -5.39 -4.37 2.52 -9.46 -2.96 3.27 6.05 -7.96 -2.58 7.14 -9.56 -2.04 -8.45 -8.02 -2.17 -6.60 0.36 9.09 9.12 6.42 6.18 2.44 9.68 -6.52 -0.96 -9.58 -4.02 -5.06 -1.93 2.16 5.62 -7.93 -6.41 -3.25 -0.57 -4.53 -0.12 8.50 -7.61 3.28 6.75 -1.96 -9.96 5.47 -4.19 -0.47 1.10 1.25 2.10 -9.58 8.28 -9.40 6.56 -6.57 -9.83 0.01 4.20 -7.51 0.19 9.44 3.64 -1.83 -1.39 4.12 5.21 6.01 9.13 -1.91 2.66 7.19 7.96 -4.36 5.62 -8.65 9.97 1.40 -1.39 6.66 1.17 5.12 6.82 9.61 -0.05 -5.84 4.94 -7.11 -3.12 -2.51 1.22 -4.25 7.42 5.49 -1.15 -2.68 7.65 -3.55 -8.54 -3.67 -9.88 1.53 -4.10 5.93 -0.84 8.02 -3.59 6.87 -0.79 -2.23 6.40 9.14 -5.57 -8.32 -2.14 7.27 -7.45 3.46 2.33 5.89 -5.05 -3.62 0.06 -5.80 -4.43 5.34 -5.58 -6.10 -6.76 -7.03 7.73 5.20 9.23 7.57 -3.37 9.22 5.41 -0.07 5.95 -4.80 1.52 9.19 -7.92 -5.48 9.26 7.74 -3.98 7.01 4.34 1.19 -7.45 -4.55 6.03 -2.74 -4.30 0.93 -4.20 -5.70 -7.52 3.91 9.07 3.97 -3.42 4.73 2.72 -5.36 0.73 -8.01 -7.38 6.20 3.69 -9.76 -5.30 3.33 -3.43 9.28 -2.30 -5.56 8.35 
8.84 3.47 3.36 2.81 9.24 7.73 -8.54 3.02 8.69 -2.60 -0.21 9.19 -1.45 6.69 0.87 1.48 -5.59 -6.77 -5.16 3.19 2.86 4.72 8.50 5.52 6.29 -4.78 -7.51 -0.73 5.76 -4.99 -4.59 -1.97 4.25 -5.93 3.66 1.51 7.54 3.68 2.55 8.13 -2.45 -8.58 4.91 2.67 3.16 -6.97 -4.70 -1.26 6.99 9.72 7.55 0.87 -0.70 0.37 -2.13 4.56 -2.83 -7.15 -9.95 -6.23 -8.77 0.95 8.67 6.04 2.46 5.13 -9.47 5.19 8.52 -0.38 5.85 5.01 -9.58 6.50 9.35 -7.55 0.27 5.30 8.18 7.12 9.74 -3.48 9.92 0.24 -9.63 4.41 7.17 -5.47 -4.41 -4.48 -6.65 7.60 2.92 -0.06 6.56 -2.63 0.00 -0.70 1.79 -2.21 3.23 -0.17 -5.18 -3.89 0.74 4.94 3.39 -6.32 2.61 -5.91 -0.13 3.48 5.91 7.41 1.87 6.88 -4.12 -1.49 -4.74 -8.09 9.03 -4.30 -1.22 0.18 3.33 3.48 -8.70 8.96 -5.89 -6.21 7.20 -5.10 -8.21 -4.66 -5.62 6.06 4.38 7.42 9.15 4.59 6.26 -5.49 3.26 4.50 8.37 2.75 1.17 3.33 -1.61 -6.88 -7.07 6.99 -0.25 9.89 -0.60 4.78 1.72 4.31 -3.07 -0.43 2.02 6.65 -1.03 -3.17 -3.59 2.72 -9.98 3.54 -1.10 -5.36 6.93 9.91 3.90 3.74 6.67 -9.42 9.05 8.65 6.86 -1.83 -4.38 7.80 3.56 -4.98 -6.09 6.47 -1.57 3.43 1.32 9.08 7.09 -4.23 4.94 1.56 7.97 9.86 4.64 4.31 2.60 -7.28 
6.25 -0.61 6.69 7.47 -8.82 8.22 -1.81 4.84 0.86 2.02 5.88 4.59 -2.02 -7.21 -6.64 3.72 8.37 8.75 9.75 9.50 -8.53 -7.24 0.33 9.08 -7.28 -9.43 -2.97 -6.99 -7.23 -0.35 8.63 -2.21 3.17 9.72 3.87 -6.85 8.40 8.14 -5.12 5.00 7.13 8.18 -4.84 -5.01 -1.58 8.19 1.57 -5.34 8.47 3.94 7.59 -2.97 8.03 7.35 -3.47 -9.91 1.77 6.32 2.71 -9.15 8.74 4.04 -8.01 -6.58 4.83 -0.88 7.86 8.39 8.48 9.20 -1.02 -4.77 9.33 -8.39 -3.79 5.69 -4.86 7.02 2.50 -5.67 3.61 3.16 -4.75 7.11 4.61 4.16 3.38 7.99 0.70 -2.75 -6.15 2.38 -5.95 0.49 -6.33 -1.39 2.76 -7.82 -8.45 5.52 3.50 -6.35 4.96 9.27 -9.91 -0.38 7.60 -6.31 -5.03 7.12 9.79 2.48 -1.94 5.22 -1.79 -4.18 -4.32 1.56 4.59 -5.48 -7.68 -4.69 -4.19 0.21 -6.88 -3.86 7.14 6.67 0.80 -0.80 3.70 -4.21 -8.28 -2.52 7.10 -2.18 3.57 6.07 -5.79 -6.22 -1.94 1.77 -1.10 -6.88 -2.23 -1.42 -3.55 3.10 1.81 7.52 -5.51 8.08 3.75 -9.76 5.47 -9.81 -0.65 -2.85 8.12 -3.79 8.46 3.02 -0.16 -8.91 -5.54 -5.45 1.60 1.30 5.18 1.75 6.41 7.28 -5.92 6.44 -0.16 5.02 2.75 6.00 1.77 6.07 -1.00 3.98 2.23 7.22 -8.68 7.98 3.91 -2.28 1.83 9.76 -9.50 -6.10 3.01 1.21 3.04 -3.55 -6.13 7.49 0.90 8.72 
-5.38 9.74 7.64 -8.84 -6.66 -5.78 8.31 -2.33 9.83 -0.98 -9.80 5.78 4.68 -3.48 -5.89 -8.96 0.23 9.33 -7.83 6.21 4.79 9.54 4.18 -9.60 9.92 -5.14 8.10 -2.03 -5.70 6.45 -0.83 7.84 1.81 -1.92 5.61 -3.22 -2.45 -5.06 -7.83 -4.88 0.60 -9.13 0.50 -9.37 0.46 -0.23 3.81 -4.01 6.11 -1.36 -4.62 3.85 -3.86 3.95 1.21 8.32 1.60 2.68 -3.80 -6.62 2.93 -1.54 4.92 0.36 7.63 9.61 -2.50 0.02 -8.98 7.38 0.55 -6.60 -6.91 6.23 2.02 -9.94 2.29 6.56 0.06 -3.77 -9.12 -6.26 -0.10 -8.33 2.27 -3.10 1.67 6.06 9.86 -2.58 7.31 0.11 1.91 2.10 3.50 6.76 -0.96 8.87 5.45 -9.66 7.99 -7.70 -9.77 9.17 -9.99 -3.11 2.82 4.38 -3.11 -9.21 8.48 -7.58 -0.06 -4.21 -3.86 -5.57 7.96 7.94 6.27 4.42 -1.32 0.74 -3.17 -5.73 0.11 -5.94 -1.91 -5.48 -9.48 6.50 -5.82 -0.10 -2.29 -5.90 -2.63 -1.03 2.76 -3.32 -2.77 -2.07 -5.66 5.95 -7.58 -0.00 -7.44 -2.75 -6.49 4.55 6.55 -7.15 -5.22 -5.30 8.55 -1.15 0.45 -2.78 -8.54 -6.61 6.44 5.70 1.01 4.46 6.32 -2.55 -10.00 -0.70 -5.01 6.17 2.74 -1.02 -7.06 1.46 -7.13 -7.33 -2.17 -0.44 -0.74 5.10 1.36 -8.25 6.64 5.77 7.05 -0.97 -4.09 -6.79 0.67 -5.77 0.94 8.07 4.71 2.85 -5.29 -6.17 8.65 5.55 4.53 6.30 9.81 -1.70 
5.06 4.25 -2.45 -8.29 -1.10 -1.05 -9.50 -0.53 4.23 -7.76 -7.79 4.55 5.62 -0.06 2.05 0.12 4.72 -4.23 3.51 -1.94 4.12 -4.75 7.43 9.65 9.31 -4.39 -5.24 8.38 -9.56 -2.31 5.85 4.26 -8.64 5.20 -8.62 2.70 -4.17 -8.66 1.62 -2.13 1.99 2.99 -4.34 -6.72 5.73 6.65 8.00 -6.66 -4.65 6.75 -7.42 1.29 5.06 -2.63 5.51 9.35 -2.56 7.80 2.20 -4.80 -3.27 -3.49 -8.81 1.15 -6.97 -8.58 2.10 8.70 6.41 -1.82 5.64 -4.30 -7.49 -0.74 7.55 5.12 9.79 5.41 -7.35 -4.15 6.50 1.70 -6.46 -2.36 -6.57 4.01 7.57 3.11 3.88 8.99 -7.05 2.01 -5.50 -2.11 6.31 4.11 -6.43 4.52 -0.33 3.25 -8.35 -2.18 3.55 -8.22 -6.73 3.04 6.42 5.32 -9.76 -5.14 -7.17 -2.52 2.48 -5.23 -4.65 6.61 -2.07 -9.89 -6.35 -6.78 -2.17 -6.23 6.18 8.00 6.76 4.06 -3.73 -9.87 2.54 -6.53 -0.10 8.99 -4.94 9.09 -1.46 8.78 1.18 1.57 -7.96 -5.74 9.90 -3.96 -3.37 -7.71 3.09 -0.92 7.74 5.65 -1.38 9.32 -2.93 -8.17 -6.28 8.67 -3.86 -4.59 -9.53 -3.32 -3.82 1.24 -1.67 8.89 1.21 0.80 0.00 -5.14 6.34 -0.41 -0.42 -6.72 2.59 -1.56 -5.52 -4.19 -8.03 2.42 1.23 4.42 5.86 -3.65 -6.17 0.58 -6.00 -7.53 -8.87 1.31 -5.89 0.38 -4.41 6.82 -2.93 -1.11 -7.32 -6.45 -6.18 1.79 3.45 -9.81 -9.39 2.63 
-5.27 9.23 6.87 -9.45 -1.93 5.12 -9.98 -9.50 9.73 -9.35 3.32 -3.84 0.34 -8.84 1.57 9.56 6.92 -4.39 -2.50 8.76 -8.46 -3.37 -9.63 7.43 4.49 5.01 6.02 -2.02 3.15 8.76 -6.95 -3.06 -3.28 -8.62 -5.21 2.62 -8.65 -4.43 -7.26 -8.95 5.40 -0.96 2.07 5.80 1.83 7.79 -3.79 2.46 -2.09 8.76 2.62 6.93 7.84 -9.58 4.96 7.88 8.31 7.49 -0.08 4.97 -3.53 5.91 -7.34 1.87 -8.47 1.31 -9.77 6.32 -5.32 1.50 3.01 -2.72 -9.27 8.79 -6.14 -3.71 -9.01 -5.35 2.26 2.84 2.17 -3.27 -1.40 7.43 6.20 1.18 5.73 4.16 6.77 1.96 2.42 -0.19 -4.11 -3.03 -5.38 5.53 3.00 -9.39 5.36 5.72 2.20 3.08 -4.74 6.19 5.91 -5.49 5.41 -9.18 1.99 -6.56 3.92 5.63 -4.21 -0.27 -0.47 7.49 4.93 2.23 -1.99 -2.84 3.92 6.16 -1.59 -0.28 -1.83 2.42 1.42 5.19 -4.98 8.26 -4.80 -2.28 1.46 4.69 -2.36 -5.23 -7.01 -8.15 6.55 3.72 -0.72 0.54 -5.57 5.95 2.60 8.27 -2.96 1.14 -3.69 -0.40 -9.33 -0.71 2.84 4.36 -6.33 -2.54 -0.93 4.53 -4.35 7.64 0.49 -0.45 5.89 -4.04 3.39 6.23 -4.47 4.82 -2.66 9.94 0.53 6.71 1.63 -4.05 -2.06 7.92 -2.13 0.88 -0.72 1.33 -5.02 4.87 -5.59 1.06 8.40 9.40 -1.44 -7.50 8.20 -3.26 5.52 1.30 -3.18 7.40 3.27 7.57 0.76 -4.28 -7.56 3.11 
0.86 2.49 1.35 2.82 -5.17 2.58 -2.00 5.24 5.49 -3.06 -3.35 -1.45 -6.85 9.45 7.72 -6.94 9.18 -0.21 -7.41 -6.25 -3.73 6.37 -0.02 -3.61 9.56 3.31 -3.18 -8.91 1.55 -2.53 8.49 -9.52 4.68 -6.07 -5.69 1.93 -8.56 8.59 -3.23 -7.47 5.68 -4.95 0.68 6.90 -5.04 2.48 -5.34 -2.08 7.64 -7.67 9.04 3.07 -1.36 -7.82 4.12 -5.46 -8.25 -0.55 9.22 -7.15 2.71 -6.68 7.41 -5.30 -5.67 -4.84 7.68 -2.77 3.86 2.66 -3.01 2.94 -5.39 -9.18 2.05 -0.66 -6.68 -9.90 -0.67 -6.03 7.43 9.43 3.09 -8.61 4.90 6.35 6.62 5.56 -2.47 7.35 7.82 5.49 -6.79 -0.53 6.07 -6.62 0.57 5.67 0.01 -0.05 -6.93 5.80 -2.21 -6.94 9.84 7.31 5.65 -2.82 3.03 -6.07 4.62 5.94 -9.96 2.70 -4.83 5.07 0.59 -4.98 -6.84 3.29 -7.42 4.48 -4.05 -3.90 2.33 8.63 5.76 3.82 -4.06 -4.24 4.46 3.21 -1.42 5.78 8.84 -4.12 0.45 -8.19 -0.74 -1.87 3.96 -2.88 2.67 -9.83 -9.43 0.50 -7.19 9.47 0.05 -4.46 0.07 3.75 -6.36 0.30 -6.46 -5.39 7.46 -6.44 4.38 -0.29 -8.56 -6.35 -2.79 -9.53 7.29 3.38 5.88 6.68 9.54 -9.11 -5.68 4.62 3.89 8.71 3.75 1.74 4.42 4.60 3.30 5.57 0.04 3.52 -5.34 -7.70 -0.76 2.38 -0.43 2.08 9.63 -8.71 -3.69 -6.02 -2.75 9.70 3.64 -6.29 5.45 4.58 -8.41 -8.83 
4.04 0.47 -1.34 -2.91 2.53 3.32 0.31 4.08 -2.41 9.71 8.27 -4.39 -3.76 -9.59 -9.33 6.59 9.16 6.60 -0.03 -7.89 5.64 -7.45 3.96 5.12 -0.62 2.06 -8.40 -7.85 -5.07 7.65 -3.76 -6.33 -2.14 2.78 4.99 -4.39 -8.15 -9.09 2.99 9.04 1.54 -1.51 -6.96 7.27 -9.04 -4.38 2.46 -9.83 3.01 8.52 -8.60 -5.43 9.77 2.35 -4.56 -3.61 -0.08 0.05 -1.10 2.92 -0.95 4.31 2.52 -0.99 4.59 -4.99 9.09 -5.63 -9.93 -4.32 -8.98 -7.10 -4.10 -7.87 9.33 -0.04 -3.03 6.43 -9.42 0.74 3.52 6.23 -8.49 4.73 -7.41 -3.46 2.22 0.59 -8.92 7.00 9.62 -2.47 3.79 7.55 -6.33 1.79 -7.54 1.69 -4.48 -0.37 -6.49 -4.47 2.26 1.38 9.46 -7.83 -4.99 9.23 -2.07 8.45 1.73 6.68 4.98 0.15 -6.72 3.43 -2.87 -7.49 7.95 -1.44 -4.88 -7.32 4.15 7.29 -6.67 -6.26 6.60 -7.25 5.44 3.29 -2.93 -1.12 3.81 -0.05 7.01 2.67 -5.30 -1.16 -7.54 -9.91 7.45 -7.82 -3.24 -2.39 -9.99 -1.01 -6.88 7.51 7.49 9.82 5.45 4.29 -6.87 -4.98 -2.89 0.79 0.57 -3.63 -2.97 -3.15 9.97 1.01 5.23 0.62 6.12 0.96 4.97 8.80 -6.12 2.18 4.25 8.92 -1.42 -8.45 -7.45 -6.54 -9.16 1.31 5.65 -5.04 1.46 -9.13 -1.47 -0.78 8.08 -1.50 7.80 9.54 1.12 2.05 0.12 -7.12 -0.65 6.78 6.05 2.54 -8.32 -7.18 -6.16 8.84 
-2.40 -7.91 -2.42 0.33 -3.48 1.78 -7.10 -1.05 -9.73 -2.55 7.25 -8.25 -7.25 -3.37 -1.25 -1.40 6.05 -6.28 5.16 0.25 -3.07 -8.67 -9.58 -2.97 3.01 3.04 -4.69 -5.30 -8.30 -3.26 -9.80 -2.81 -3.37 4.99 -9.33 6.01 -1.44 7.31 -9.62 0.25 -6.93 -7.07 7.90 -1.99 1.33 9.79 4.63 -8.76 9.01 -3.77 -9.85 5.30 2.60 -2.36 -6.02 2.49 -9.67 9.06 -6.59 7.09 -4.68 1.67 7.41 4.38 6.00 -0.98 -7.53 -1.69 -7.60 9.59 -9.64 8.96 -6.31 1.48 0.52 -8.81 -5.38 7.60 -4.46 -0.36 2.21 6.09 7.84 -9.00 9.63 1.62 4.25 -8.58 5.51 -0.59 -2.49 -2.93 1.55 -7.06 -7.84 -9.25 3.66 8.11 8.23 1.30 -4.06 5.24 9.43 -0.11 -8.43 -0.25 5.11 4.49 -8.05 6.11 -7.76 -6.18 6.41 1.79 3.13 -3.38 -5.55 -1.86 7.04 0.44 6.71 3.32 0.89 -0.39 0.08 6.19 3.16 7.59 3.51 4.49 -4.54 4.72 -2.01 -0.63 3.09 2.56 -4.31 6.07 -4.38 5.89 0.02 -9.54 6.81 2.37 -2.97 6.99 9.18 2.29 5.49 4.64 4.50 1.71 -5.03 -7.05 -3.24 3.86 -9.07 0.62 -3.65 -0.05 -5.22 6.62 -9.76 1.41 -3.27 1.27 3.59 -9.28 -1.17 5.48 2.45 -1.24 4.91 -9.28 -5.05 -9.83 3.37 -5.40 8.35 -3.32 -1.04 9.59 4.93 -3.86 3.49 3.85 6.67 -0.21 3.60 7.18 1.11 -4.35 -7.98 -2.44 -7.26 3.34 3.66 -4.80 3.86 9.04 
1.38 3.09 0.05 9.91 -6.33 7.61 -0.68 3.27 -4.80 3.95 4.84 -6.28 -7.11 5.36 -9.50 -4.38 1.37 -6.47 1.10 -0.15 3.49 -1.85 7.86 -6.41 6.61 -9.49 -9.46 -0.17 -5.07 3.75 1.66 5.15 -0.88 0.05 -8.79 0.02 8.61 -4.33 8.01 -7.12 -7.46 -3.29 1.76 -0.94 2.12 9.62 -8.00 2.44 -5.43 8.57 5.70 4.75 9.93 -0.52 -1.97 0.54 9.46 1.31 6.94 -3.71 5.01 -9.33 5.45 -2.13 -4.98 -8.76 -7.01 3.37 0.59 -2.45 -3.99 8.77 -6.64 4.88 4.74 -1.66 4.87 7.72 6.10 -3.56 5.90 3.80 -9.95 1.55 -0.74 -8.16 6.46 -7.14 9.86 -1.13 8.83 -0.19 -5.65 -9.01 -5.75 -1.12 -4.84 0.92 5.17 8.51 6.50 -6.75 -5.83 -4.88 8.30 4.44 2.26 -7.33 7.02 -3.52 -7.88 7.51 -0.42 9.73 3.29 1.67 -4.13 7.88 -1.81 3.60 -2.86 -4.20 8.82 -9.54 -2.70 -2.92 -2.09 7.92 -8.52 -9.29 6.95 3.72 -9.65 -3.61 -9.96 -6.36 -2.99 5.51 0.07 -6.32 -7.80 8.32 -0.67 -4.23 -9.46 -6.67 5.14 3.13 2.51 -8.61 3.96 -2.00 2.18 5.84 -3.11 6.49 3.70 4.05 2.90 -4.09 -2.59 4.36 -1.08 -2.83 0.01 -1.88 -3.43 5.76 5.51 2.73 -7.22 7.60 -7.69 -6.96 -3.80 4.05 -6.52 -1.98 9.63 -0.18 7.14 3.84 0.76 -0.32 -7.38 -5.37 -7.41 -5.09 5.47 -9.56 1.50 -6.76 -8.42 3.08 -0.85 -3.13 -4.47 -0.53 6.62 -9.34 
3.19 0.91 7.70 -0.80 -9.15 -8.03 4.40 -5.30 9.70 -7.79 7.75 0.92 -1.05 -9.32 -6.81 -7.31 7.26 -4.20 -1.54 0.11 6.21 0.87 2.03 3.00 6.66 3.17 5.31 8.30 -2.70 -7.33 -6.33 -7.18 -8.00 -7.64 7.15 -7.77 -8.65 5.11 -2.27 -2.62 6.04 1.29 7.58 1.35 -3.23 1.31 3.15 9.50 2.18 -0.10 -4.54 -4.09 -1.32 7.81 -9.85 0.28 1.27 9.58 -2.45 -4.33 -4.01 8.15 8.17 -9.52 -1.70 2.38 4.40 2.21 -8.56 0.57 1.99 -0.13 5.56 8.76 -9.79 2.07 -3.13 -0.55 -1.16 8.58 8.61 -9.57 2.88 -5.25 -6.76 7.52 -8.95 4.39 -4.78 -1.48 -6.09 -7.60 8.14 -8.31 -7.62 5.89 -1.53 -1.53 1.94 -6.25 0.30 -8.66 -7.09 3.40 -0.26 7.53 0.56 8.97 2.15 -7.91 -1.00 -5.33 -4.74 7.57 5.93 -6.99 -3.54 -1.01 4.62 -6.61 -6.99 7.92 -8.05 4.74 -5.42 -7.36 -3.23 4.78 -7.56 -6.57 4.06 1.39 -7.53 -2.56 8.18 -2.78 8.84 -7.44 0.20 2.63 0.14 -6.24 -6.72 5.77 -4.37 -8.03 -3.54 -7.28 -1.10 -6.66 -9.00 6.79 4.89 -7.32 -0.82 8.67 -8.23 9.12 -4.17 8.10 4.55 -6.78 5.94 -1.69 5.44 3.48 -4.64 -6.91 9.11 -8.13 2.99 7.70 -1.22 9.86 -7.22 -4.46 -4.82 -5.65 4.80 4.88 8.05 6.03 4.85 -7.25 -4.61 -9.80 -2.99 -9.41 -9.60 3.25 8.67 9.21 -0.93 2.23 2.27 9.99 -3.57 -5.41 7.61 4.17 
7.24 2.91 4.43 1.61 -0.14 -6.92 -8.32 2.60 -1.54 -3.00 -5.94 -8.83 -2.21 -5.38 1.22 7.63 -3.94 3.80 -5.99 -5.60 3.74 -4.00 -9.97 0.65 -2.49 3.38 5.78 -0.67 -8.41 -5.58 0.04 1.83 8.94 6.43 -4.90 -3.57 3.28 -0.36 -0.65 -4.97 -3.69 -2.16 -4.83 4.67 -7.28 -4.69 -4.88 -2.73 -2.06 4.49 1.53 -3.60 -3.66 -6.38 9.81 0.67 7.45 5.28 0.24 -6.78 3.83 -2.76 5.35 -8.38 4.46 5.43 5.46 -3.91 -6.37 -8.88 7.03 9.06 -6.82 -0.10 4.33 -3.45 -1.50 -9.78 9.78 -8.38 2.53 0.86 -7.41 8.45 -4.12 -7.35 -8.48 3.58 2.24 -6.30 -5.41 -8.46 1.72 7.91 -3.43 8.62 -0.09 0.74 -5.65 -8.38 8.68 7.65 -0.80 4.85 3.62 -9.93 7.24 4.53 -6.48 4.18 -7.27 -3.04 0.64 -8.16 7.76 9.27 -2.13 -5.39 -6.67 -5.02 -9.78 -7.51 0.60 5.55 1.52 -7.80 2.82 -6.69 2.91 1.05 -7.37 -3.89 -9.63 -2.40 -8.52 -4.81 -6.03 -8.42 -7.26 -0.32 -9.23 9.24 -5.62 7.85 4.95 -5.79 3.27 -7.77 1.07 1.01 9.23 -3.64 2.18 9.31 -3.50 8.16 -0.37 -7.95 -4.45 9.80 -0.24 -1.75 3.88 -2.77 -6.15 6.76 5.23 1.92 -3.11 4.16 -3.46 2.86 -9.61 -5.99 8.29 2.55 9.45 -1.56 8.41 -6.44 -8.49 -0.73 -8.02 -9.60 5.98 6.42 4.73 -9.96 6.93 -7.50 -1.59 6.10 8.13 -4.62 -7.86 -9.72 -8.89 -5.65 -9.21 1.40 
9.10 6.00 1.98 -5.19 6.54 0.00 -3.06 7.99 5.21 0.53 -0.32 -0.00 4.74 -0.84 -5.36 -3.90 -8.88 -2.80 -6.46 -4.87 8.46 -2.78 -3.06 5.97 4.95 3.08 -8.14 -1.04 6.71 -5.13 1.84 -5.07 5.70 1.43 -5.45 8.25 8.24 -2.20 -0.01 -2.56 1.78 6.70 -7.88 0.97 -5.63 8.46 -8.71 -1.05 0.46 9.05 8.52 -1.00 5.66 0.71 -3.06 6.24 -7.78 -8.21 -9.81 -9.09 2.65 -5.64 6.26 -7.55 -5.20 -9.38 -0.11 3.77 -9.68 -3.01 8.58 -5.40 3.00 2.11 3.56 -1.66 -3.38 -8.97 -8.77 8.93 -5.16 -6.78 5.09 -7.92 -0.78 -8.35 -5.28 -6.07 -5.83 0.81 7.43 -3.32 -8.25 9.09 6.53 -9.15 -4.98 7.94 -6.29 3.45 4.89 -4.07 -1.32 -6.04 9.72 -0.94 5.12 8.92 -3.17 -6.10 6.99 -0.45 2.62 -3.56 0.84 8.92 9.21 -2.36 6.29 8.52 1.57 5.50 -2.06 5.67 1.66 -2.07 9.70 -8.41 -9.16 5.65 7.83 9.99 -1.68 5.38 9.99 -3.54 1.43 -6.49 -7.36 9.99 -8.39 1.76 -6.37 0.41 9.26 -9.70 -4.01 2.57 8.72 1.82 -3.34 -5.47 -5.54 0.96 9.59 -7.17 8.45 -8.83 8.08 -7.71 -1.24 -8.40 0.92 -9.94 -5.72 -3.17 6.08 8.42 -9.63 4.13 -9.20 8.97 -6.77 0.54 7.01 -2.82 -6.83 -0.21 -8.73 -3.04 -4.38 -0.64 -1.95 6.44 4.48 5.48 -8.92 0.51 7.67 -0.57 2.08 -8.43 -0.36 -5.33 6.72 1.59 -9.70 1.09 9.59 8.61 
4.22 -7.62 1.16 -1.93 2.76 5.02 -8.64 9.04 -7.82 -5.86 6.06 3.98 -6.19 2.64 -0.91 -1.38 -1.38 -9.95 6.53 -9.93 7.00 5.94 -5.69 -8.80 -3.84 -9.04 0.14 -1.55 7.34 1.19 9.75 0.39 -2.60 -8.06 -3.31 -3.80 8.02 6.83 -5.02 -2.37 1.32 -4.82 3.22 6.91 -4.13 0.41 -4.65 -7.17 -4.21 4.59 5.07 -7.80 -2.53 9.32 8.79 1.19 7.63 2.68 -6.47 7.95 4.77 7.89 3.19 0.10 3.31 -2.71 3.47 -9.31 2.54 -4.49 5.32 -8.73 -6.93 8.61 -9.12 3.46 -5.25 -9.49 1.59 1.42 -0.91 -8.02 -3.22 -6.52 0.21 -0.80 5.56 -7.37 -7.94 7.10 -0.94 -2.25 -1.32 -5.12 -9.11 -8.15 -5.10 1.89 -8.62 -2.37 0.38 -3.32 -9.34 -2.65 6.33 9.96 -9.88 -2.07 3.05 8.50 -9.84 -5.46 -7.70 9.06 -2.92 5.31 -7.89 -8.21 5.75 -1.07 -7.08 -8.72 6.47 4.36 -2.99 6.61 -1.94 -1.74 3.96 -2.80 -3.40 -3.27 0.16 1.45 -1.65 9.43 -7.07 -7.90 -3.38 -8.01 -1.14 6.40 5.00 -5.48 6.15 7.21 0.09 -2.10 -5.85 2.67 6.13 -8.02 1.74 6.71 -2.01 8.75 4.50 6.92 1.51 -4.63 5.64 0.93 -9.01 -6.33 7.25 -2.81 -2.07 4.17 -3.84 1.70 6.79 8.14 6.99 -8.60 7.17 9.64 5.22 1.40 7.45 -3.27 -3.87 -1.41 1.09 -6.33 5.83 2.39 -5.65 -3.25 -7.35 0.49 0.54 -1.81 -7.79 7.04 9.97 2.65 3.02 8.52 -7.87 2.47 
1.31 7.01 0.25 8.12 5.57 -7.98 -7.67 -0.59 4.30 -2.57 -4.08 2.67 0.59 -8.25 -7.48 5.56 0.21 1.33 -3.68 -5.77 -2.69 -1.32 6.32 -3.47 -8.11 6.16 7.69 -1.99 -5.02 4.64 1.86 3.87 7.04 -5.03 -0.21 9.98 8.70 -5.77 1.49 -7.67 -9.12 9.02 -2.17 -7.51 -2.89 -7.57 2.66 5.09 -8.52 -9.70 -0.71 -7.52 1.95 6.29 9.75 -3.05 -4.96 -1.19 -5.33 7.66 -2.69 -2.85 -9.76 -2.81 2.05 -3.38 -9.51 -7.65 0.28 9.97 -1.46 -3.34 8.45 -1.76 -5.44 2.53 8.90 -3.19 9.03 9.81 -9.93 -8.49 1.05 -3.86 3.55 -7.09 -0.18 3.64 -5.10 5.42 -1.87 3.04 -8.36 -1.46 9.62 7.31 6.93 9.58 -2.97 6.65 3.30 -7.14 -3.07 2.48 -6.08 -7.20 6.07 -7.43 -8.15 -8.62 6.76 -2.53 -3.07 2.91 -7.74 -6.03 -7.45 5.61 2.09 9.83 -9.93 -3.96 0.48 -6.48 -6.10 8.57 4.00 -0.41 3.92 2.27 -2.86 7.99 7.36 8.01 5.65 -5.64 -6.05 0.38 -7.03 -3.92 6.98 7.86 5.06 -1.46 2.37 -9.76 -5.03 -8.61 -5.13 -5.80 9.49 -0.39 -7.97 -3.46 -9.68 -3.71 -5.04 5.04 -1.80 -9.43 5.43 3.35 9.79 3.68 1.39 -6.67 -6.06 2.42 -1.27 7.68 4.60 7.10 -0.58 2.68 -7.61 -6.62 -8.12 -4.24 -0.00 -9.64 -9.45 -3.13 -5.28 8.16 -9.41 -7.68 6.10 -8.42 -6.63 -5.41 -2.00 9.78 -7.87 -9.78 1.78 -7.44 -8.00 -3.67 -9.88 -9.45 
-9.10 8.24 -0.72 -2.65 -7.71 9.57 -5.54 4.05 -4.36 -3.28 8.09 -9.92 9.87 7.30 -2.74 4.92 2.28 0.30 9.79 7.78 2.72 5.75 -7.73 -1.46 -0.07 -9.44 -0.30 6.52 6.64 -8.89 -3.06 6.45 6.45 8.98 1.24 -4.25 -5.19 -4.19 -4.07 5.18 1.73 -9.32 -6.46 -3.78 -5.63 -5.33 5.07 -9.65 -7.00 -3.22 -2.99 -1.68 2.21 9.58 5.77 -4.21 1.39 -8.77 -9.50 -6.86 -9.86 -0.02 -2.02 -7.31 -5.08 -0.43 -3.38 -7.38 1.25 -8.15 5.11 -3.17 -4.99 -6.10 -4.81 -2.65 -1.37 2.46 0.64 -1.82 3.51 0.09 -5.64 5.40 -0.84 -3.99 8.63 -8.45 -0.29 7.52 8.24 7.29 -5.10 3.58 -6.04 7.05 -4.98 0.05 -6.78 3.89 -0.66 -3.09 -6.34 4.29 -8.58 1.10 0.02 -4.00 -4.23 -2.20 9.61 8.71 2.92 8.17 -3.24 1.45 1.11 9.61 5.17 -5.38 -2.96 -3.17 7.83 -7.24 -0.30 3.91 -8.74 -2.72 6.76 6.26 1.03 7.53 8.20 5.19 -5.67 0.18 -3.56 4.26 7.35 -2.99 -0.27 -2.55 -4.31 -7.57 -3.87 -0.52 -3.27 -7.77 -9.00 -2.46 8.88 -4.17 -1.62 -0.22 -3.82 4.34 3.05 5.41 -3.19 -9.86 8.42 -0.74 2.54 8.56 -8.52 0.78 4.37 9.65 -7.00 -9.05 -6.97 -3.84 6.80 8.75 3.56 -4.84 -3.15 4.95 -8.52 -0.38 -9.60 -8.43 -4.18 7.65 -1.76 0.02 -6.64 1.91 -5.39 -4.28 -1.52 -4.41 -2.00 9.55 -4.61 -5.36 -5.69 8.65 1.35 -4.53 
2.23 -5.17 6.23 -5.21 7.56 -2.92 -4.24 -2.65 -2.75 0.79 -9.53 0.06 9.31 8.25 7.93 2.20 6.71 1.09 -2.58 -7.71 6.68 2.00 1.68 7.46 4.22 -4.94 7.77 8.60 -2.55 -0.93 -4.06 -9.83 2.82 -3.26 -7.89 7.98 4.89 3.13 3.99 5.74 -5.91 -0.34 -6.03 -2.27 -9.78 4.25 5.32 6.31 -8.68 -5.50 -2.21 -3.15 -1.66 -3.27 6.76 -0.06 9.91 -3.61 4.07 7.57 0.94 0.55 -9.51 1.27 5.60 -5.54 7.26 -5.93 -0.00 2.07 -5.13 2.51 -3.33 -8.75 -5.55 -1.19 -8.64 -7.41 7.91 -4.39 -6.66 0.41 1.72 0.60 -4.64 -1.94 1.23 0.09 -4.56 3.02 6.03 -8.58 6.50 0.77 -0.92 8.94 5.80 -8.96 1.95 2.24 -7.79 -2.30 9.58 -1.03 4.85 5.66 7.02 6.97 5.41 2.36 -3.56 2.95 -1.90 -6.95 3.55 -0.20 -1.59 9.92 0.93 7.80 -9.65 -9.26 0.69 -4.25 -3.38 -3.50 -3.76 1.54 -3.89 -5.62 0.97 -0.91 -6.54 5.17 -4.37 -3.71 -8.68 1.90 1.44 6.45 5.90 7.56 -7.45 -1.21 1.55 -7.52 7.04 -6.99 5.11 7.37 -2.87 2.11 7.18 -8.43 -3.63 9.45 -0.11 9.10 4.96 -4.56 -1.08 -8.48 -3.87 -0.86 4.49 -0.15 -7.08 -2.81 6.12 -1.24 -2.75 9.20 0.18 -5.98 -1.74 -5.17 -3.37 -4.98 9.85 3.65 -3.37 0.82 4.67 -3.23 8.30 0.99 -5.94 9.46 -0.29 3.80 9.21 9.04 3.41 -7.77 3.47 -2.56 1.79 5.46 -8.03 -5.20 
7.63 8.81 5.17 -2.55 7.78 9.49 2.07 -0.23 0.07 2.45 1.01 8.64 7.44 -6.00 -2.51 -6.62 6.50 -7.69 -6.83 -4.71 -9.46 -2.00 -6.51 -7.20 9.81 8.88 5.04 -2.84 1.57 4.84 -8.18 3.94 4.66 5.30 7.33 6.07 -1.08 6.30 2.13 1.82 7.53 8.81 7.05 -1.97 -1.20 -7.17 -5.01 -1.85 6.93 -9.81 5.45 4.91 -1.91 6.65 0.08 0.08 8.64 -4.78 2.65 -6.70 -9.64 1.31 -0.32 -3.80 -8.91 1.03 1.72 -9.55 -7.69 2.08 5.61 -0.56 -6.90 -0.42 -0.64 3.33 -8.33 1.06 1.10 -3.58 2.68 -0.38 7.15 -8.92 -6.75 9.01 -8.91 2.90 -0.47 -1.34 -4.85 -3.77 -2.14 -7.11 -7.83 7.26 -2.97 7.05 5.81 3.18 3.16 -4.03 0.05 3.89 0.57 -0.59 6.01 5.53 0.69 -1.70 4.89 6.85 9.31 -3.10 5.34 5.61 6.31 3.40 -9.79 8.50 -7.99 6.09 1.21 -8.01 4.79 9.56 -0.94 -3.79 0.12 -1.85 -8.30 0.55 0.82 3.83 1.45 -4.97 8.17 -0.86 -8.17 1.48 4.26 -8.69 0.51 -8.87 -1.80 -6.95 6.93 6.90 2.02 -7.90 -3.53 -5.35 8.05 0.51 -9.54 3.41 -7.92 3.94 8.52 -1.58 -6.34 -4.08 1.03 -0.34 -3.74 2.93 9.47 -5.66 -1.15 -0.41 1.07 3.33 5.42 -5.64 5.59 -7.71 0.52 9.11 6.00 2.30 -5.59 -2.68 -5.53 4.29 5.19 8.19 0.07 6.17 -6.75 9.67 6.80 -2.00 4.59 3.84 -1.11 7.63 -6.34 3.99 -3.97 8.67 
-1.46 4.61 -6.37 -5.08 3.94 -5.64 5.52 -0.28 8.30 -6.05 -8.33 -5.45 -5.07 -1.59 1.68 6.09 -8.21 8.48 3.49 2.08 -7.00 -4.45 -7.22 -3.23 7.92 -8.97 1.49 -2.93 -8.91 4.52 -7.48 3.59 -2.73 -2.34 -7.64 7.19 8.64 -3.12 5.69 4.74 -9.46 9.54 7.90 -3.99 9.12 -8.14 7.76 -9.19 0.69 -9.51 -3.19 -1.93 6.34 6.67 -6.36 -2.30 0.14 5.06 -7.29 -2.55 -1.44 3.95 -7.64 -4.69 -9.35 5.37 3.67 8.40 5.69 0.42 -4.31 6.50 -6.17 3.61 -6.81 6.48 -0.10 0.66 5.47 -1.65 -2.13 9.18 7.14 0.41 9.51 1.23 5.38 3.19 5.35 -3.05 -7.16 5.43 4.96 -4.28 -7.96 -5.99 -1.01 8.01 -8.13 -2.32 4.84 -2.82 -8.62 0.02 -0.65 1.41 9.54 9.60 -8.90 7.28 -7.78 -3.62 -7.84 4.88 2.50 -9.59 -3.48 4.65 0.15 9.66 4.02 -8.71 0.02 -2.44 -8.20 -1.01 7.97 -3.27 3.54 7.96 9.61 -9.39 -2.64 -1.17 2.44 -4.53 5.04 -6.66 7.89 -7.36 5.77 -3.47 5.33 6.41 5.24 -6.55 5.52 -2.68 6.81 -2.35 -8.76 -2.44 -3.78 3.33 6.53 9.43 3.68 1.23 1.95 -9.30 4.30 4.79 8.23 -7.19 2.68 -0.95 -2.64 9.59 -5.53 -6.23 5.70 0.36 1.62 9.83 7.34 -6.11 5.84 -9.98 7.71 9.76 -4.78 2.95 -3.98 -4.96 -7.33 3.36 -9.30 -7.45 -5.36 -6.42 -1.26 -2.82 2.46 -5.48 2.85 -4.21 0.03 7.55 0.17 0.33 
-0.69 1.32 3.95 -8.29 9.30 0.49 -7.70 5.28 -9.11 -6.30 -2.87 -6.57 -2.24 6.41 -6.32 4.64 -5.89 6.11 1.61 -3.77 -7.59 -8.71 -6.81 6.09 -8.30 -1.31 -7.48 -5.30 8.32 4.23 1.55 -8.64 6.62 8.99 5.85 -7.82 -0.09 0.10 -0.88 3.89 3.98 -0.71 2.87 -6.23 -1.55 -6.81 6.88 -8.84 -1.54 -5.63 5.60 -3.61 8.36 -9.83 -4.38 8.34 5.03 -5.18 -4.27 -0.71 -6.04 7.78 -9.79 -8.22 5.66 -1.51 6.90 3.13 -1.51 -3.87 3.01 7.81 -0.32 7.53 0.75 -3.88 8.00 -9.68 -5.58 8.60 -1.43 6.78 -8.91 -7.48 1.91 6.61 -2.50 -9.24 5.64 1.20 0.17 1.95 -7.62 8.63 3.51 1.00 -6.06 -1.29 -0.80 8.99 4.73 9.62 0.16 -3.35 9.74 4.52 -4.20 9.13 9.93 1.98 8.88 -3.57 1.63 -6.22 2.84 -2.26 9.67 4.01 1.03 -3.79 3.51 -6.16 -7.24 -1.25 9.97 5.36 -3.14 -0.80 9.07 -4.44 3.18 3.02 2.64 7.95 4.55 0.21 -1.53 -0.97 0.17 -2.66 9.46 0.93 3.43 -6.03 2.49 9.90 5.82 -5.88 3.45 8.53 5.96 8.50 -6.14 -5.66 -9.11 5.60 -0.95 -0.91 -4.88 -9.42 -1.37 1.95 -8.08 -7.34 2.88 -1.69 1.43 -5.48 8.32 -5.28 8.13 -0.42 -2.88 -2.03 -1.59 -8.09 -0.50 4.41 -3.67 0.33 -1.65 -8.77 -8.17 9.22 7.75 -8.53 5.29 9.51 5.11 -1.20 -1.56 0.81 6.11 3.78 -5.33 1.58 1.12 -5.84 -0.58 -8.20 
0.30 1.61 7.00 4.06 -1.14 -4.29 7.70 4.34 -8.71 -7.79 -9.58 4.46 -8.53 -4.41 -7.30 2.86 -1.51 -7.56 -7.12 9.76 8.28 -4.73 4.49 -1.55 -4.29 0.79 3.66 0.75 -8.47 4.84 3.83 1.61 1.67 -8.73 5.46 -4.00 1.95 5.27 7.49 9.57 -8.94 -2.58 -7.50 -4.30 -8.30 3.83 -6.07 -0.61 -2.32 8.13 4.98 1.40 2.80 9.85 -6.35 -8.05 -0.52 3.40 0.37 -2.57 -8.62 1.33 7.65 -0.67 7.67 4.60 8.25 3.60 5.38 -8.35 -1.51 9.01 -2.05 1.32 -3.77 -0.48 -2.83 -4.32 7.59 4.23 -2.75 -9.38 1.64 7.09 2.62 3.35 -5.75 -3.63 9.74 -2.61 -1.64 7.06 -8.52 7.14 -1.44 -3.17 8.66 -6.37 -4.76 -4.30 -4.77 -0.56 -7.06 3.06 -7.28 -9.55 6.63 -0.52 -2.69 0.55 5.99 -4.83 -9.57 -2.48 -5.89 -7.47 -4.41 -7.84 0.73 3.64 -5.62 1.91 2.39 -4.19 8.98 8.39 6.13 1.30 -5.42 5.26 6.82 7.62 8.22 9.94 -3.68 -3.16 -7.09 2.98 5.79 -4.08 -1.68 -7.99 1.01 -9.76 -8.99 3.56 9.13 -4.57 -7.66 1.50 2.12 0.86 2.27 8.68 3.68 -4.73 -0.21 -8.38 -0.12 8.42 -6.01 7.60 3.13 -2.66 9.38 2.25 -0.09 1.60 8.64 -3.10 -3.47 -5.85 1.07 7.71 -5.12 3.72 -6.63 8.92 -6.56 5.29 2.76 -7.25 5.46 7.35 -0.77 -2.69 -2.74 -0.64 -3.87 2.73 6.63 9.30 6.09 -9.96 2.52 -7.08 -2.21 -3.99 -3.01 5.25 
-3.26 -0.56 -2.70 -7.83 -1.61 -3.57 -9.38 7.44 -5.10 -1.11 -5.42 0.31 5.63 2.11 -2.91 -8.81 2.57 -8.82 6.23 2.13 0.08 -5.81 -9.42 -1.41 6.66 -0.95 -8.02 -6.83 0.16 0.17 -8.74 7.64 -9.74 0.03 4.00 -9.12 1.88 7.68 8.28 -0.83 1.09 6.24 -3.23 -6.75 -1.02 2.78 -4.91 -8.65 -3.07 -2.51 -9.00 4.88 -0.25 8.71 8.94 7.63 -5.50 1.89 0.30 5.40 -6.22 -1.39 8.01 4.87 6.56 -1.10 2.68 5.16 -8.09 -4.96 7.37 -2.13 2.73 -5.86 2.86 -2.20 -1.53 -7.58 -6.60 9.88 -7.96 3.33 -9.74 8.18 -3.92 7.29 -4.33 5.60 -3.07 -7.87 7.21 -6.72 -1.30 9.43 6.65 1.79 -9.87 9.27 -0.59 -3.15 1.79 6.92 4.93 -8.35 1.21 5.69 -4.27 8.05 2.89 5.27 4.39 7.33 5.70 9.03 -3.28 5.63 -6.80 8.15 4.94 -0.54 -1.67 8.00 -8.37 4.52 -8.76 -4.18 -1.23 -6.87 -5.86 1.00 -8.35 -2.97 -3.54 2.68 -2.81 1.32 -8.50 7.52 8.32 -4.13 -7.17 -9.44 -7.23 -1.05 -6.44 -6.54 -0.06 5.90 8.96 8.95 -6.86 9.45 -1.95 -8.84 6.59 -1.12 9.68 -8.25 7.20 -6.19 -6.36 3.61 6.75 -2.56 -7.50 9.72 0.72 -2.89 -9.62 3.90 5.03 -8.89 -1.64 7.99 8.90 1.78 -1.47 -1.81 -0.49 8.20 -0.31 3.36 4.26 5.97 6.06 -0.93 1.04 7.00 -7.11 3.04 5.81 -5.05 -7.67 6.09 3.99 3.39 -6.48 7.08 -7.86 -0.16 
0.85 6.74 -4.57 -4.60 2.88 2.07 -5.74 -2.12 -5.56 8.14 -2.04 -6.94 -0.04 -3.14 3.79 8.29 7.28 -9.11 -0.36 -6.27 9.46 1.20 7.96 9.13 2.34 -0.82 7.41 -6.00 -6.80 -5.19 0.78 -4.20 8.95 5.59 -5.27 -6.43 -1.80 6.17 3.34 -2.84 3.61 -7.31 3.44 2.30 6.74 7.75 2.39 -0.30 -6.31 -4.19 -1.93 -8.24 5.86 -9.85 -7.71 7.00 -4.46 -2.00 8.66 6.44 -8.61 0.12 -2.33 -5.13 -2.30 -4.67 -4.12 0.33 7.84 -6.85 -1.85 -4.36 -8.13 1.72 3.23 2.58 2.17 -4.03 4.27 -4.09 7.48 6.96 -5.88 3.52 6.72 -0.70 -2.14 -8.40 -8.71 -1.46 -6.08 1.56 3.43 -7.99 -7.34 5.29 -0.74 5.98 -5.50 2.82 -4.81 6.30 -9.30 3.60 -2.22 7.73 5.73 8.17 9.18 6.66 5.97 -0.21 -7.23 3.30 3.59 -8.72 -4.98 2.07 -1.94 2.33 5.63 3.32 2.17 -0.73 -3.84 1.68 4.42 -3.51 -2.35 4.26 1.21 7.83 0.76 6.11 0.21 9.74 -6.03 -3.00 -9.16 2.99 6.36 -9.18 -7.34 -8.01 -2.70 -0.08 4.32 3.79 0.91 -0.72 -4.93 1.20 -5.49 -5.82 -7.76 -9.13 -0.58 -0.52 0.15 1.76 1.90 -1.07 1.79 7.83 8.86 7.24 5.13 -8.03 0.52 -9.28 2.48 -4.13 8.89 -9.01 -3.05 -4.25 1.42 3.90 -0.43 9.42 2.85 3.64 -5.27 -5.46 -5.80 -0.99 7.52 -0.26 -6.07 8.60 9.51 -7.34 -6.75 3.16 1.32 4.33 3.95 -8.28 8.46 9.23 
3.79 6.39 2.01 7.90 3.88 -2.02 0.91 0.89 -9.85 -3.35 0.54 -3.80 -8.78 -7.34 6.71 -6.87 -5.97 6.87 -6.93 0.15 0.67 -6.49 -9.37 -1.58 -4.38 5.24 9.16 2.78 -6.83 -5.97 8.22 2.38 -9.42 -0.32 1.27 5.13 1.76 0.84 4.15 -7.49 -2.20 -9.79 1.64 -6.01 6.89 4.34 -7.94 6.19 1.83 1.87 1.94 -1.21 -2.43 5.10 -2.35 8.90 -3.26 -8.75 -6.34 -7.47 3.13 -1.50 -6.69 -8.28 -1.26 -3.17 -3.69 -2.47 3.63 -9.41 7.03 -2.75 -2.62 1.43 -6.22 -6.66 7.91 -8.96 -9.93 6.04 -0.92 -1.70 -1.43 7.53 3.92 -1.82 -2.64 3.32 -9.89 3.56 -3.46 4.51 1.41 -8.23 -2.77 9.15 -7.42 2.78 3.74 -4.43 9.84 -0.48 -4.92 4.96 1.75 5.40 4.75 0.47 -5.23 -3.87 6.66 -2.66 -3.21 6.07 7.92 -5.13 6.17 -6.27 -6.37 -7.58 -8.71 8.73 4.78 -4.15 -4.29 6.14 -1.21 7.21 5.63 7.23 0.28 3.49 -8.90 2.16 -0.74 0.68 -5.20 0.30 4.38 8.11 1.60 -9.78 -8.04 -9.30 5.71 -8.47 4.55 -0.42 3.35 -9.05 5.44 4.92 6.15 -4.59 4.47 7.22 -3.43 6.35 -3.36 1.50 1.72 1.50 -9.62 2.98 2.90 -8.45 4.55 5.63 2.50 -5.09 -5.10 0.09 9.45 -1.69 9.00 1.47 -5.95 -8.19 1.97 5.12 -7.78 1.48 -9.45 4.85 -4.00 -2.12 -8.82 -1.90 8.20 -7.13 -6.50 5.51 6.04 8.58 5.45 -0.62 -6.65 -9.66 5.13 -1.98 
1.31 -9.83 -5.51 -8.06 1.50 5.66 9.66 4.02 -1.28 -1.79 -4.71 1.84 -1.89 2.65 1.53 2.41 0.95 -4.18 -1.68 -5.26 5.15 0.05 -7.24 -6.60 5.42 2.13 8.71 3.14 -3.58 1.00 4.79 -6.04 -2.95 -6.40 9.88 -2.52 -9.15 -3.33 0.16 8.45 -0.32 2.34 -3.19 9.88 -5.48 -8.08 0.70 0.04 4.55 -8.38 -9.24 -4.70 -2.62 -4.24 3.75 -4.61 -3.68 -4.13 5.33 8.13 0.83 3.57 2.29 -2.63 1.55 3.62 -3.98 -7.79 -0.29 -0.31 4.89 -5.17 -7.78 6.52 -9.91 -2.29 7.04 -6.82 7.85 8.84 4.44 -6.41 -1.93 -3.82 0.62 3.95 9.95 5.19 -0.68 2.49 -8.10 5.69 -6.08 -1.01 -8.04 3.82 -9.08 6.82 1.98 -0.98 -1.51 9.79 -9.30 3.16 -3.17 -4.50 8.54 2.00 3.38 -3.00 -1.09 0.91 4.06 2.16 4.50 -1.03 -0.40 -4.74 4.17 6.13 6.82 6.99 -7.75 7.30 9.17 -0.73 8.90 -7.47 2.54 -3.19 6.12 -4.01 -3.37 -8.82 1.21 2.12 4.30 7.23 6.20 0.56 -0.51 3.75 9.07 3.12 0.50 -2.41 5.93 -8.25 2.64 -4.66 -2.66 -4.24 3.79 -6.22 -6.15 -7.13 3.34 -4.23 -3.34 -0.69 8.87 -2.06 1.38 -1.12 9.48 -1.22 -2.03 -1.62 4.71 -6.20 2.02 4.04 3.59 -8.66 3.60 1.32 -7.03 -1.28 5.83 1.97 0.24 5.16 -0.87 3.85 5.14 7.63 -6.69 1.39 -6.32 1.04 2.66 2.91 -7.14 -5.60 -8.69 8.91 -0.01 0.88 -7.57 -1.85 
0.94 -2.23 -8.98 -1.66 -6.49 7.82 1.19 -2.00 -4.20 -3.64 1.37 -6.61 6.87 -1.84 8.97 -3.97 -8.25 0.53 2.13 4.09 -7.91 -5.32 2.99 1.27 6.15 -7.61 0.27 2.43 -9.27 -7.53 -3.48 -9.35 -2.25 -6.83 1.89 -0.60 6.27 -1.79 -3.75 0.93 -8.57 -0.38 -6.08 8.95 -5.26 3.49 9.58 8.99 -3.90 3.52 1.33 -0.58 -6.29 2.90 -9.15 6.92 -5.81 0.36 -5.73 -6.32 -1.16 5.48 -2.01 -2.54 9.56 -9.79 7.82 4.10 8.06 5.35 3.19 4.36 3.19 0.79 9.27 8.33 -2.87 0.93 6.78 2.19 -2.60 -8.61 -0.54 2.62 -1.49 -6.39 -9.45 5.90 -9.24 -6.56 -2.86 -0.33 6.64 -3.28 7.68 -1.57 5.51 0.06 -9.53 -2.06 -6.34 7.92 -3.90 0.13 -7.00 7.28 2.42 4.43 6.29 -2.64 3.38 -5.39 -6.62 -9.45 6.97 -2.63 2.38 8.81 6.39 -4.77 3.64 -3.83 -2.45 -4.96 5.90 6.90 9.71 7.08 3.20 5.74 2.59 5.36 7.78 3.88 3.94 -2.55 8.04 6.28 -2.79 0.16 1.40 -4.95 -0.62 1.25 -4.27 -7.64 -8.91 -6.25 -7.34 -6.49 5.13 1.31 -4.59 -6.13 -6.50 3.05 -0.65 2.53 -7.30 3.19 6.38 7.27 6.94 -6.68 1.79 4.90 8.53 3.38 5.31 -9.58 -4.19 -9.81 -3.82 9.01 3.00 1.46 -0.26 -9.78 -2.61 5.08 1.86 -4.67 8.83 0.22 5.09 -0.80 -5.71 -1.59 2.91 -1.89 -4.72 1.61 -7.75 9.55 1.87 -7.77 -7.04 0.91 -1.88 3.92 
5.36 6.29 0.66 -8.45 3.84 -8.34 9.61 1.22 2.77 1.66 -4.67 -5.24 -6.06 -2.54 -3.64 2.59 -4.05 -9.92 8.18 -3.82 2.26 -9.29 -0.23 -2.57 6.09 -7.85 -4.85 -5.36 0.25 -7.74 8.04 3.87 -9.24 9.02 -5.52 -9.35 -9.03 -7.59 1.55 6.64 -0.74 -6.28 -1.43 -9.65 3.02 -1.88 1.55 -6.99 -0.76 8.06 5.76 -7.60 -8.66 -6.47 3.54 -4.98 1.52 -7.14 -1.45 8.05 -9.67 -0.67 -5.56 -4.61 4.40 1.26 -0.25 -1.15 -1.81 -4.38 -8.99 -5.04 0.93 6.98 3.34 4.66 6.36 9.97 1.49 7.28 5.10 -3.54 4.28 -4.93 -3.30 1.91 -0.86 -1.78 -7.60 6.07 -4.94 6.28 9.78 9.08 7.64 1.57 -3.18 4.15 -1.46 -3.25 6.15 6.24 -5.72 -6.11 9.13 -4.15 0.25 -1.94 -4.43 0.41 1.35 8.44 3.97 8.52 4.67 -1.49 7.38 4.30 -6.80 -9.07 8.42 2.14 -8.27 -2.68 -1.49 -8.71 -6.45 -7.59 1.99 -2.61 -5.90 -8.28 -3.02 1.98 -4.92 -6.27 -2.39 -6.58 8.51 8.91 7.63 -2.92 -6.94 3.56 -4.20 -5.55 -2.07 2.94 0.26 -2.96 -9.60 7.66 7.50 3.73 1.73 -8.38 -0.74 -6.68 -0.66 -0.21 5.72 5.69 7.01 9.78 7.50 6.15 -3.70 -3.44 -5.44 4.00 9.78 6.80 -5.06 -7.97 9.18 3.18 -9.17 7.68 7.50 6.38 -1.35 2.33 1.30 4.81 4.75 1.06 3.14 -7.31 -9.74 0.72 -1.97 -9.64 2.42 6.65 9.31 -2.58 -2.41 -7.33 0.08 -3.61 
-4.08 -5.91 2.80 -7.88 -5.55 -7.83 6.35 7.90 -7.54 -4.71 1.04 9.82 2.28 9.19 -2.80 2.63 -7.44 -9.28 0.96 -5.36 -4.95 -0.73 -2.85 -6.02 -6.31 -4.02 3.98 -9.37 8.75 -7.96 -5.36 -9.75 -0.90 -0.24 -8.63 0.69 -0.48 -2.09 9.46 3.52 4.83 -5.85 6.36 -1.30 8.05 -8.42 9.27 -4.41 -9.15 3.86 8.14 -4.83 1.06 -6.67 -1.88 -7.70 1.30 5.10 0.80 5.50 5.58 1.81 -3.13 -9.68 2.06 0.82 9.71 6.08 2.04 6.14 -9.82 -6.71 9.43 2.81 4.58 1.04 -7.62 2.91 1.09 0.59 5.37 2.33 3.91 0.48 1.82 -9.22 3.53 -7.09 1.97 5.34 4.97 5.58 -2.34 4.72 -5.35 7.18 9.62 -2.39 -6.65 4.95 6.40 6.48 8.63 0.65 9.42 5.03 -3.72 -6.83 2.17 1.18 -6.11 5.50 -5.48 9.15 2.73 -5.93 -9.49 -1.74 -5.95 -4.21 -0.90 6.64 -7.03 5.33 2.46 -7.40 9.79 6.59 -2.32 1.76 6.22 -3.86 0.51 7.02 3.14 -3.32 -9.54 -6.53 7.65 3.34 6.83 -0.83 -1.64 9.37 -1.06 3.74 -8.93 -7.09 -6.09 -5.51 0.73 -8.70 9.53 -5.23 -8.29 -7.18 5.98 3.81 -9.68 6.81 8.85 -8.08 -9.20 8.78 -9.15 -5.48 -8.12 7.12 -8.63 -5.26 8.22 -1.97 -3.20 -3.64 6.32 5.56 8.00 -2.67 4.14 -8.43 7.20 4.56 -0.44 -5.25 2.61 -0.12 -5.74 7.09 -3.58 3.17 -4.54 4.09 6.74 9.21 9.17 -2.71 2.86 8.25 -4.38 3.52 
-5.94 9.88 -6.85 -3.47 -3.77 -8.41 -0.03 -0.57 -6.11 7.70 -3.15 -4.92 1.60 -7.37 -7.12 6.45 -9.49 -8.72 8.39 -1.78 6.73 -7.55 -2.49 5.29 -2.13 2.79 0.04 -2.64 -7.71 5.62 -7.87 1.64 3.82 6.61 4.44 8.88 -2.30 -4.83 -1.80 -6.74 9.26 -1.13 6.83 -6.07 -4.73 3.01 -9.20 2.99 -4.83 -4.97 -4.44 -5.20 9.02 -1.22 -4.08 9.87 -8.96 3.95 -6.77 5.24 4.60 6.32 9.98 -7.15 -2.09 -9.79 -0.72 -6.88 9.25 -1.12 2.11 7.47 -4.14 -9.12 -7.17 -7.99 2.70 -0.36 -9.49 -3.55 7.62 8.96 8.29 3.15 0.67 -6.67 -5.92 1.82 1.49 -0.47 0.86 5.69 9.38 -1.28 -6.16 -2.32 -2.58 -6.81 -7.29 -1.27 -0.74 9.97 6.45 -9.74 -1.36 2.96 2.15 9.73 -9.45 5.07 7.63 4.26 -3.01 -5.67 -4.19 8.43 0.41 -8.93 -2.11 -6.93 9.63 -0.21 -3.20 4.18 1.11 -4.73 -3.12 -1.57 -2.63 -8.43 6.69 -7.08 5.75 0.34 9.27 -2.23 0.43 1.97 8.55 9.82 -5.18 1.01 6.41 -5.63 0.38 -5.48 -5.71 -5.47 -1.44 9.30 8.44 7.57 8.87 -6.74 8.66 -6.83 2.89 0.49 -6.37 8.27 9.36 -7.89 4.00 2.02 5.66 -9.07 8.80 6.56 -7.00 -4.92 -7.58 -5.25 7.29 -5.23 -8.75 -0.83 0.35 5.61 0.09 0.69 -3.54 6.87 -3.14 -1.62 -5.56 9.10 6.49 6.95 -4.03 -5.13 -8.93 -0.44 8.07 1.84 -9.43 -6.34 8.41 -2.62 -2.55 -1.34 
-3.88 5.28 7.77 1.58 6.65 2.54 -2.23 0.14 -5.71 3.04 3.08 -0.57 3.79 9.42 7.83 -5.41 -8.34 0.81 4.77 3.08 9.01 -1.60 -1.18 5.11 9.72 2.93 -4.92 -5.23 4.44 8.00 -6.54 -2.04 -0.18 -9.82 -6.23 -2.15 1.86 0.92 -5.84 -1.52 2.74 -1.54 3.57 -8.20 9.32 0.05 -3.01 -9.46 0.68 -1.63 4.45 9.50 7.23 -5.19 -0.61 -1.39 -2.66 0.68 9.50 5.01 2.57 -0.79 9.19 0.94 8.65 8.36 7.02 -5.23 -1.61 8.73 4.77 -7.43 -0.52 -1.22 9.37 -6.84 1.49 -3.56 2.40 9.90 -5.72 8.75 6.23 3.12 -5.91 0.53 -5.36 8.48 -6.06 -7.68 6.49 2.79 7.77 -8.89 -9.06 -1.70 7.17 5.48 -1.69 -5.59 8.27 -5.69 -2.07 6.37 -2.69 6.75 -2.26 -6.92 -4.11 8.19 7.39 6.43 -6.71 4.80 0.15 -3.39 -6.82 4.08 -0.07 4.93 0.65 1.39 -7.95 -8.17 1.61 -1.64 -5.78 -8.09 6.43 4.48 0.61 -4.02 4.16 5.15 -8.38 -5.83 0.26 0.11 5.54 -9.92 -3.87 6.37 6.61 -4.11 5.82 -5.65 -1.17 -8.62 -7.08 -6.73 -6.64 -6.37 0.55 4.51 7.74 -6.82 -6.05 -6.75 -7.52 -8.97 1.85 3.79 7.39 -1.20 -1.28 7.18 7.57 4.13 -8.68 -3.87 -6.02 -7.93 -6.99 5.82 -1.43 0.85 1.49 -4.05 -0.88 1.42 7.47 0.51 -7.68 4.81 -6.75 3.70 -3.39 -4.03 3.01 -8.36 7.12 -3.39 -5.47 7.56 8.30 6.62 -2.88 4.26 -6.72 -4.62 
-8.43 -0.77 -0.10 9.24 -8.22 8.33 -7.45 -0.29 -8.57 4.32 0.37 5.33 -1.80 -1.15 -8.15 -5.59 -4.93 3.07 8.41 -3.36 6.28 5.58 -4.69 1.85 -1.82 -2.40 -1.94 8.30 9.27 -3.13 -8.03 6.29 -0.56 5.59 4.49 -0.91 5.94 9.97 6.14 -1.76 5.89 -1.02 -8.36 1.11 -3.93 -8.91 -2.90 -1.81 -1.02 3.77 3.07 8.91 9.89 -7.04 -7.20 8.42 -5.09 -8.65 -9.49 -0.91 -7.79 6.93 9.06 -2.43 -6.53 8.06 0.31 -5.93 9.24 6.94 -1.35 5.09 2.68 -1.69 4.41 2.24 9.02 -1.63 4.49 2.75 -8.99 6.14 -2.11 2.64 9.00 1.56 -0.12 8.01 1.24 -7.88 -2.51 4.40 -4.58 5.20 6.57 3.46 -5.17 3.21 7.51 -9.86 -7.49 -4.47 -0.62 4.34 7.37 5.97 7.56 0.19 3.02 -7.23 4.82 3.48 4.16 4.91 8.42 -5.94 6.34 9.28 6.72 6.65 -9.51 -5.37 7.92 -5.70 9.70 -5.21 -1.33 1.89 -2.17 9.65 7.85 -2.83 6.38 -1.42 4.30 -5.63 6.14 -8.74 8.38 6.79 -9.14 4.06 -3.26 1.15 -1.72 -9.11 8.90 -6.13 8.74 8.23 2.33 4.43 5.18 -5.40 4.75 -2.51 7.00 -0.17 -8.83 0.91 5.31 2.30 -0.67 2.96 7.96 -0.42 7.56 -0.08 -8.96 5.85 -6.67 -4.06 5.51 -0.38 -8.07 9.24 6.83 5.37 -9.96 -8.62 -8.31 8.03 -8.33 6.51 -4.19 -7.28 2.84 -0.40 9.59 1.12 3.27 1.78 -7.11 -9.02 -3.19 -7.44 -8.65 -0.28 9.89 9.51 
-6.16 -9.39 5.17 2.93 6.50 7.67 -4.71 -7.91 3.04 3.89 0.27 -8.48 -1.96 -4.14 5.90 -4.86 -7.35 -3.17 -8.29 0.11 6.62 3.52 0.52 -6.66 -0.05 -0.75 4.83 -3.98 -7.06 1.77 -3.28 1.00 -6.05 0.07 -8.22 9.54 -5.99 4.39 -5.84 -9.55 -1.34 -7.29 9.87 7.90 -5.25 7.81 1.12 -9.47 2.73 5.83 -4.93 8.71 9.78 -1.76 -3.30 7.74 0.67 -7.99 -8.99 2.74 9.94 -3.33 3.86 0.48 -4.29 1.25 -5.95 -1.76 0.44 3.72 -8.19 -5.32 5.14 -7.50 3.28 8.70 -5.78 0.27 3.03 -0.25 -2.66 6.22 4.70 -1.06 0.32 3.46 -4.76 6.94 -6.81 -8.22 5.76 2.07 2.38 1.33 -6.58 -1.67 8.90 2.50 -5.98 6.00 0.91 0.74 -5.23 -4.99 1.79 6.46 9.34 7.73 -3.07 -8.87 3.56 3.93 -4.70 9.15 -8.82 9.78 -2.56 7.85 6.29 2.17 -0.79 -1.86 1.58 1.49 8.65 1.90 3.08 0.94 2.49 0.54 -3.02 -9.54 0.73 8.30 -7.64 -0.71 -1.63 -9.72 -4.23 1.23 2.99 -4.04 -0.18 -4.05 6.47 -0.99 7.95 -7.53 1.04 -9.17 4.76 3.49 6.08 -9.29 -3.61 0.51 0.70 -2.90 -4.24 -4.54 8.65 -5.72 -6.05 9.89 1.89 1.93 8.70 -3.44 -6.58 -5.16 -3.60 9.29 4.40 -1.37 2.71 -6.59 -8.32 6.38 -0.45 7.93 1.60 -2.33 3.76 3.00 0.25 7.93 1.81 -5.53 -6.25 9.95 6.26 5.41 8.21 9.60 -0.25 5.23 -5.61 -2.08 0.77 -6.93 
-6.22 9.51 8.27 0.53 -4.38 1.62 -3.85 -1.17 2.13 -2.18 9.92 5.27 7.40 -6.39 6.60 4.93 9.68 0.07 8.96 -5.33 2.18 -3.27 -4.80 6.86 -9.44 -5.44 5.62 9.91 4.97 6.33 -6.89 3.87 -9.72 2.33 7.35 -8.84 -8.22 5.31 2.84 6.87 -7.09 7.40 -3.21 6.78 -2.70 4.74 -5.85 5.27 6.26 -5.02 8.42 1.16 -7.00 8.97 4.44 -9.09 -7.97 6.12 -8.96 -5.03 5.97 -1.24 -6.32 0.62 8.25 7.12 -7.95 -8.27 0.81 -7.01 -6.89 9.05 1.15 7.42 -7.36 1.88 -9.44 -7.24 7.17 -0.88 4.84 8.22 -8.94 0.58 5.14 -9.44 9.02 3.79 9.87 6.29 4.39 9.76 7.99 -6.84 -0.21 0.62 -8.15 -8.67 -6.14 -8.83 -5.90 -2.26 -0.93 3.49 1.41 0.15 7.94 6.56 0.35 -6.83 3.65 -5.90 -9.93 -4.83 0.04 -0.57 5.58 -9.36 -9.21 -4.56 4.41 5.90 8.20 -6.55 6.99 -7.47 6.63 6.36 5.43 6.09 -9.12 0.65 0.87 -0.37 4.18 -2.02 -4.25 7.73 2.93 -0.02 -9.16 -1.33 -5.46 -7.84 3.32 -2.46 7.90 6.88 9.83 2.80 5.43 1.57 -5.98 2.54 4.49 7.17 4.17 -7.85 9.96 5.32 -8.73 3.51 5.65 -6.95 -1.73 -7.45 -8.60 6.03 9.66 5.95 5.21 9.22 -1.26 8.10 1.37 -5.34 -1.06 6.40 -3.62 -0.66 4.49 8.28 6.04 -6.56 1.16 0.84 0.35 -1.44 5.51 7.54 -2.29 2.05 4.69 -3.54 -3.88 -1.82 6.18 -7.92 3.94 -2.11 
7.88 -1.41 0.47 2.67 -8.54 -9.80 1.94 -1.24 4.37 4.29 2.22 2.03 3.54 -4.78 9.47 -9.36 -8.03 4.73 -1.80 -2.49 -3.06 0.66 -9.57 -9.73 -0.01 8.34 0.60 9.66 -6.24 3.23 7.90 1.01 8.33 3.82 5.95 5.45 -9.95 -4.67 4.90 6.13 5.67 -3.09 -3.28 -4.24 -2.00 -5.01 -6.28 -1.38 3.79 -4.81 3.34 -2.95 4.77 -0.69 2.36 6.19 -3.49 2.11 -6.65 5.20 -8.87 8.69 -6.72 -7.38 -2.39 -1.77 -0.10 6.97 -0.82 1.97 -8.43 -8.10 5.62 -3.45 -4.93 -2.72 3.08 -8.90 1.60 8.19 -6.09 8.38 8.62 -0.87 6.61 5.17 -6.48 -2.41 -6.66 -6.95 -9.39 5.38 -8.89 -5.58 -4.22 6.47 4.59 0.54 -8.19 -0.95 3.41 0.60 2.57 -3.07 8.40 -3.79 -0.13 1.30 -2.59 -5.11 8.40 -8.95 -7.66 4.68 -2.36 -7.32 1.72 8.33 -0.67 3.88 2.45 5.87 9.95 -8.85 3.61 2.91 8.01 -2.43 -1.79 1.37 6.49 -0.79 -8.51 -1.13 7.27 -9.15 2.60 4.69 8.92 -9.57 7.96 2.41 7.31 -0.53 -0.75 -9.42 -4.24 -4.01 3.84 5.33 -4.44 -1.82 9.07 -2.03 -0.83 -0.60 5.05 -8.49 -8.02 4.24 -8.67 2.89 -5.89 3.34 -9.46 8.20 7.21 -3.34 -1.59 -5.89 -3.31 -8.44 -7.42 -2.80 -0.84 -6.79 4.98 4.90 -8.23 3.51 9.51 -9.80 8.15 -6.57 -5.54 -9.85 -5.75 -5.31 -6.18 -4.75 -1.29 9.56 4.91 -4.59 -7.47 2.41 1.75 -8.81 6.42 -0.51 
-5.77 9.72 9.91 -1.10 -4.27 -4.30 7.73 2.04 -7.73 9.11 9.67 -3.00 -4.87 0.42 3.26 -6.50 1.68 6.98 5.32 -5.22 7.67 9.64 -7.86 -6.70 6.11 -7.03 7.10 -6.66 -4.67 8.15 3.92 -1.57 -8.57 -9.41 -6.20 8.02 -3.66 6.70 -3.52 -5.39 -8.08 -5.61 8.56 -9.48 -4.81 -3.73 -8.00 -6.05 -7.87 -5.75 6.24 -5.40 -1.12 -2.94 -9.46 4.17 -4.67 8.07 -8.22 -9.57 7.38 -3.14 -5.86 -9.88 0.98 1.95 6.55 2.04 -8.64 9.26 -8.89 8.79 -6.87 4.13 5.23 -2.91 -9.51 -0.79 1.71 -2.40 -6.78 3.86 -3.81 1.98 -9.74 6.49 9.34 -1.32 -1.78 -5.35 8.20 1.47 4.71 -6.36 -5.38 1.26 -9.48 6.34 -6.73 -0.83 4.47 0.81 -1.51 8.39 -7.65 8.92 -1.87 9.14 -8.25 -7.43 4.18 7.49 8.42 5.37 -4.68 -4.89 6.79 -0.08 2.62 2.51 6.00 -0.20 -5.14 -4.63 3.73 8.94 0.30 2.57 -1.70 5.02 -0.21 -0.89 -7.31 6.31 -2.27 -0.38 -9.46 -9.93 -4.87 -5.87 -2.38 -0.08 -7.09 -0.52 -3.31 5.73 -1.63 3.37 -8.86 3.28 -5.92 9.83 8.69 -2.99 -4.38 -5.89 -3.41 5.98 -9.41 3.26 1.65 2.78 6.05 6.08 -8.98 -7.12 -5.89 -8.54 -6.24 8.14 3.04 -9.37 -5.30 -8.22 -8.73 8.89 -9.00 -9.15 8.69 -0.47 5.47 9.97 0.16 3.93 -2.87 -0.58 -6.52 6.86 -9.34 0.64 4.17 -2.40 -4.52 1.34 -1.88 8.62 5.10 6.00 -6.44 5.36 
-7.02 -2.93 -1.48 5.53 8.34 6.71 -1.79 6.59 -0.34 0.04 -5.91 -4.44 7.29 -2.21 -7.77 -2.88 -6.93 2.55 -5.73 -9.16 7.34 -0.82 -3.99 -8.79 2.16 -0.73 -6.48 5.96 8.66 3.50 -5.50 -6.78 -4.34 9.51 3.03 8.63 -7.55 -5.11 7.55 4.19 4.58 -1.85 9.31 7.28 0.25 0.69 3.47 6.39 0.11 -7.91 8.75 -9.80 2.20 -0.22 -0.97 -9.78 -5.19 -8.42 -9.72 4.76 8.82 5.10 -9.42 0.19 1.45 7.54 -2.49 -1.48 -3.91 -2.19 7.53 0.57 -2.34 8.76 8.30 8.47 -4.03 7.48 -4.78 6.63 3.93 6.26 -7.71 2.69 -0.19 -2.15 2.60 -8.35 0.50 -1.17 -3.57 -0.43 6.70 8.14 1.87 0.15 -5.41 -1.43 1.09 -5.60 6.43 -6.16 -1.74 3.49 -7.56 -6.03 -0.06 8.35 0.45 -6.98 7.27 2.47 0.97 2.14 -3.86 -6.00 -0.83 -6.74 -2.92 3.81 3.43 -0.33 -1.23 -2.59 -7.49 -3.49 -3.24 -8.29 5.55 -7.21 9.34 3.91 3.08 1.55 4.98 -9.21 -3.53 -5.35 7.56 -4.01 -9.26 4.59 3.69 6.74 9.85 5.51 -5.55 1.40 -3.60 6.43 8.41 9.80 3.65 9.99 -0.45 -4.39 -4.72 7.08 5.00 -2.21 8.56 9.73 -4.30 -1.89 -6.43 -1.40 9.53 -1.18 2.53 -1.32 -9.69 9.31 3.03 1.64 -5.64 1.34 3.73 -9.27 -4.87 -9.05 3.66 -7.38 -8.25 2.37 5.66 0.76 -0.80 2.45 3.60 5.89 -2.15 -4.38 -3.06 9.29 9.99 5.31 6.40 -9.93 4.27 8.89 
-8.77 7.43 0.12 2.76 5.83 1.90 0.13 -8.02 -0.61 -5.12 3.90 8.97 -4.29 9.48 -9.34 -9.75 1.54 -9.77 -4.18 9.84 1.66 -4.63 -2.10 -7.60 -0.53 -0.04 -9.43 -7.48 -0.57 6.31 -2.77 4.45 5.80 -8.91 -1.79 -6.84 3.48 -8.82 -1.10 3.36 -7.30 5.79 -9.81 -0.27 2.55 1.54 -6.18 2.35 -1.83 4.92 7.52 -7.56 1.85 2.86 5.38 8.54 -7.18 0.69 -2.04 8.50 -0.76 -4.19 5.30 -5.78 -9.70 -1.99 3.48 7.10 7.39 -1.18 -2.34 -5.56 -9.01 -1.34 8.15 -5.75 -9.93 3.10 -2.03 -6.47 2.58 -3.05 -4.49 3.39 -2.84 2.30 1.01 -7.28 -5.30 -0.88 3.90 5.94 -8.60 1.83 8.29 -6.86 3.77 1.53 -6.76 -4.92 4.45 3.21 -1.01 -5.62 5.65 0.84 -5.05 6.13 0.26 9.35 -8.03 -9.75 -2.16 0.29 -0.19 0.76 -4.90 9.21 5.54 -8.65 -2.61 -2.21 8.45 -2.50 9.36 6.77 -8.93 3.75 5.67 3.32 -8.88 0.05 -0.90 3.33 4.19 -5.39 8.68 -5.34 8.70 -6.96 -9.81 -0.82 3.33 -8.40 2.05 1.94 7.46 -9.77 3.84 -1.21 9.06 -4.93 7.73 -8.51 -0.61 5.46 2.13 1.30 2.46 -9.46 -8.10 8.71 2.52 3.77 9.86 -3.36 -1.24 0.33 4.24 1.22 -3.64 2.27 -0.37 1.52 -8.92 -9.85 6.24 8.90 -0.40 -3.17 6.28 5.17 -2.15 0.27 8.39 2.26 2.00 2.01 -2.86 4.79 -3.65 -5.92 -5.81 -5.99 -4.57 -3.10 1.84 6.81 -5.92 -4.86 
-4.71 7.74 -2.18 -8.25 1.40 6.30 -3.30 -8.54 8.38 -2.49 5.62 4.46 -9.47 -6.09 2.02 2.99 -7.15 -4.53 -7.48 5.39 3.82 6.43 9.87 1.00 8.01 4.33 -6.60 -0.28 5.06 4.51 8.18 4.08 5.18 9.49 -5.54 7.00 6.06 -2.97 -0.03 -3.87 -2.89 4.54 -8.16 -1.20 -8.22 7.69 -7.80 7.38 2.84 -9.61 -4.60 7.32 8.63 -5.86 -4.91 3.68 -4.88 -4.28 8.75 8.10 -3.43 4.95 -0.57 -5.70 -7.38 -4.16 -5.58 -1.45 5.64 7.44 2.94 -9.59 -3.15 5.96 -7.50 5.36 -3.44 -5.70 8.88 -9.30 9.04 2.52 -8.76 1.97 6.17 6.78 1.55 5.73 -8.86 -0.41 -0.07 -0.05 9.54 -7.95 -1.75 6.86 -8.95 -7.52 2.89 -6.02 -0.80 -8.09 -0.84 -3.47 -7.14 2.86 8.72 4.19 9.52 1.45 -2.73 7.86 8.86 -4.72 -2.50 4.78 -0.41 -4.60 0.19 3.56 3.81 1.94 -5.59 -0.62 -8.33 5.59 -9.49 5.27 2.99 -1.88 4.98 -3.79 8.52 8.35 3.76 -2.33 0.38 3.24 6.15 -8.06 -3.45 0.92 2.95 -5.34 -7.34 4.53 -7.78 -8.66 -4.60 5.58 4.57 -4.69 6.91 8.55 9.17 -4.71 9.32 -1.95 -3.21 -8.03 -0.02 -0.07 0.09 -6.58 3.51 -7.10 -2.64 -4.58 -3.82 -2.41 -5.68 6.01 -9.57 -2.24 7.25 7.56 -5.65 -9.65 -1.47 8.72 9.32 2.37 -1.36 8.21 7.50 6.30 -5.24 7.30 6.67 1.03 -3.42 2.03 8.77 4.04 8.03 6.17 -8.99 -9.75 5.49 -4.11 
2.20 -7.79 -6.77 1.09 -9.04 6.43 -3.58 -6.63 2.90 5.67 -4.86 8.68 9.82 -9.26 1.23 -6.52 -9.97 4.84 8.62 1.93 -8.38 9.66 0.83 6.46 -6.15 -8.14 -0.09 -6.01 1.84 -3.24 -6.85 3.90 3.90 -6.80 1.24 -0.05 7.39 -5.97 6.27 1.74 0.04 -2.24 -7.66 8.46 -8.35 -6.19 8.39 -8.80 9.07 4.30 6.75 -6.36 -8.31 5.86 -6.92 4.84 4.14 -7.01 4.62 8.93 7.84 -4.04 -1.89 4.92 9.06 -7.98 2.72 -7.56 -7.72 -4.07 -3.37 -8.69 1.48 7.38 4.77 -9.94 1.03 -4.71 8.79 -3.53 -2.56 4.62 4.72 -1.91 6.60 -5.14 -0.37 -6.43 5.02 -0.05 8.14 5.42 -5.75 6.35 -6.02 6.56 8.65 -7.11 0.41 4.71 6.20 -7.80 -8.37 -1.00 -2.67 9.84 0.08 6.42 9.07 1.04 -2.72 -4.65 2.79 4.29 1.69 -1.39 4.61 4.55 1.74 -5.85 3.24 -3.88 8.79 9.65 -8.65 8.73 -3.53 8.78 2.24 5.37 -4.26 2.36 6.14 3.70 3.64 4.92 -6.69 -4.86 5.26 1.52 0.62 5.87 -2.39 9.70 -4.10 4.36 1.27 -6.35 -2.41 7.19 -0.79 3.86 8.79 -1.57 -8.15 -0.26 -3.11 1.14 -2.74 -3.29 9.99 -9.09 6.94 0.37 5.89 9.95 0.45 4.02 -4.95 6.56 4.41 -5.29 -6.97 -4.43 -4.23 9.72 3.91 -3.68 6.61 -5.35 -0.53 -5.47 -2.85 -7.69 -2.15 7.50 -0.28 -0.22 3.30 -1.54 8.37 5.18 -2.53 -5.92 -7.34 -0.57 5.51 2.42 6.85 9.85 
8.61 -9.00 -3.69 5.16 6.14 -8.03 6.22 2.46 4.61 0.83 -9.75 -2.13 6.65 8.44 1.41 7.12 -8.27 -4.24 -9.98 6.04 -7.35 3.97 -2.63 -7.45 8.14 6.96 -8.57 -8.69 -4.15 6.23 -0.44 -2.75 -5.06 2.42 3.71 -0.89 -2.38 6.44 -8.56 3.76 8.00 6.62 8.74 9.75 -3.16 -2.95 3.73 6.67 -3.86 -6.19 -7.94 2.51 6.07 -6.66 -4.58 3.17 7.14 9.48 4.77 7.43 8.37 3.14 5.26 -9.04 9.60 1.67 -1.19 -1.46 1.66 8.85 -7.80 -3.44 7.94 3.44 -8.56 7.45 -2.88 3.60 -2.10 -0.31 8.42 1.84 -2.09 3.05 6.79 -6.96 2.60 2.67 -6.65 9.58 8.69 7.40 1.58 3.62 9.12 -7.23 -4.16 7.45 -0.62 -4.09 8.21 -1.02 0.03 -6.46 -1.06 8.82 5.28 2.08 3.38 1.47 -2.38 -8.03 9.92 4.54 6.01 3.62 8.54 7.17 9.56 0.32 -0.13 -2.99 -4.76 -2.45 -6.04 -6.75 6.29 8.42 -3.45 3.85 3.58 1.11 -5.03 -9.36 -1.20 -1.37 -5.90 -7.89 -8.76 -4.54 7.49 -8.55 5.34 -1.27 -7.33 2.75 1.01 -1.03 -1.16 3.70 3.76 -5.19 1.90 5.87 4.65 -5.31 -3.30 2.99 0.73 4.52 -4.81 -1.35 3.71 4.61 -4.74 7.24 5.46 8.19 4.63 -8.72 4.52 -3.82 3.78 -1.26 6.69 -6.61 1.35 0.41 -1.95 7.95 -1.75 -9.96 -5.02 -3.47 -6.21 3.27 -6.00 4.42 1.13 4.22 -6.64 6.39 7.68 -6.53 7.84 0.64 -3.71 -1.56 5.57 8.87 
-5.76 -0.66 -8.64 -1.21 -3.67 -6.84 0.84 -6.91 -0.72 -7.43 -1.37 -3.99 2.53 -2.74 -9.53 8.15 -5.65 -9.74 9.90 5.85 2.44 -7.02 -4.32 3.64 7.20 -9.05 -5.03 8.88 -1.48 -4.50 1.12 6.05 -3.78 6.98 6.44 -7.93 2.69 -7.41 -4.44 -7.81 5.52 4.46 -3.31 -1.07 -7.70 4.45 -0.28 -5.03 7.38 -9.98 -4.78 7.85 6.80 -0.09 4.92 -6.04 7.58 -8.05 3.02 9.83 -2.80 4.94 9.63 -7.99 3.36 10.00 -0.34 7.21 9.22 -2.33 -0.53 7.09 9.07 -0.11 -7.92 7.85 -4.39 9.09 7.04 -3.76 -9.97 4.22 -6.81 -2.85 -3.12 6.29 2.86 7.17 5.51 -2.22 -0.11 -2.09 -0.63 -2.55 5.76 -2.88 -6.75 2.00 0.07 -9.59 -8.96 6.35 -1.03 -4.17 4.08 3.21 -2.27 -6.66 2.02 5.60 -5.09 -3.08 1.78 -0.77 -7.17 -7.44 -1.42 -6.25 4.76 -2.07 6.73 -8.16 -1.32 3.22 6.76 3.87 1.71 4.16 4.45 -8.45 1.86 -7.07 7.88 4.06 -2.57 7.21 -3.80 7.65 7.96 -5.88 4.50 -1.82 -4.35 5.62 -0.78 9.07 -4.46 1.42 -0.54 -2.29 8.98 5.85 -2.34 6.42 8.22 -8.20 8.95 2.15 1.93 7.65 -7.63 -5.16 -1.54 -1.06 -9.28 -8.86 -2.50 2.85 9.94 -2.22 -9.04 -3.44 -1.04 8.40 7.52 -9.44 -3.30 0.62 0.04 9.66 3.45 7.50 -5.85 -5.33 9.39 4.11 -5.42 -7.58 -6.72 -8.06 4.21 8.22 -1.34 -9.80 7.98 -6.70 3.40 0.26 -8.19 -6.22 
0.10 -7.06 8.69 -5.84 -8.94 9.85 8.37 -7.55 8.07 -9.94 -4.36 -6.33 4.61 4.86 0.11 -2.68 8.72 5.97 -9.01 -6.91 2.14 8.16 -5.91 2.57 -0.91 -0.59 4.32 6.86 1.66 7.54 -7.21 -0.33 -4.26 0.29 -9.28 4.91 -5.13 -7.14 6.10 3.81 -4.00 -7.34 -2.56 6.23 -9.53 6.23 -0.44 6.38 2.65 0.22 -4.57 -6.05 -6.56 2.60 1.22 -4.40 4.97 -1.03 -8.38 4.19 -3.97 1.46 -6.84 -1.82 -1.22 8.62 9.33 9.55 -3.41 -2.72 1.65 6.97 -9.06 7.57 6.12 9.44 2.54 0.47 -3.66 9.46 5.23 -1.90 -6.04 -8.05 -8.72 3.15 3.17 0.31 7.66 -9.45 5.12 -2.83 8.67 -0.75 -5.78 -2.98 5.84 0.67 -0.65 -1.86 -8.99 -8.60 -8.47 4.56 4.48 -7.88 -7.32 -3.22 4.61 4.79 -2.06 5.79 4.60 -4.73 -1.75 6.13 9.10 4.24 -8.10 9.85 -9.80 -2.83 -4.25 -5.76 -1.96 -9.86 0.40 3.35 -8.49 0.55 9.77 0.65 0.45 -3.88 7.33 -6.49 -2.55 -5.52 7.16 6.60 -0.50 3.97 9.04 7.66 2.26 5.83 -3.40 4.22 0.40 -6.46 -5.61 9.85 9.84 5.15 8.69 6.46 0.54 -1.58 -9.69 0.18 -2.35 2.40 3.51 2.90 -6.17 -6.05 -1.00 -7.50 7.16 -1.27 -1.86 3.43 2.86 -2.61 -3.92 5.81 1.66 -1.03 -4.58 7.39 -6.97 -0.08 8.51 -0.02 0.39 -0.65 -5.46 8.25 -6.02 -7.63 7.60 -4.26 -6.58 -2.60 -4.56 6.31 8.60 -0.25 -5.75 7.76 
-4.02 4.47 5.89 -6.50 7.23 4.00 5.32 4.41 -9.04 0.26 7.20 8.38 -7.84 -8.55 6.00 0.50 0.67 1.21 -3.01 9.59 -5.72 6.80 8.13 2.62 -4.41 -5.33 1.37 9.70 -9.37 -0.89 2.61 0.49 9.18 -7.39 -5.76 -5.11 -7.72 2.43 -3.46 -1.87 -3.46 0.05 9.02 3.98 -9.01 -1.78 -3.05 -4.86 2.91 -4.32 -3.12 0.25 6.59 -8.73 3.87 -7.09 0.40 -7.99 2.14 -9.69 6.12 1.42 -4.04 2.49 2.90 -1.74 0.30 4.74 -0.70 5.20 -1.12 -2.02 4.74 -2.73 6.02 2.70 4.50 -4.99 -9.13 -1.35 9.25 7.41 -9.85 -3.24 -0.57 1.71 2.93 -2.66 8.52 0.81 0.09 5.12 -6.80 4.86 2.53 -2.66 8.18 -5.67 6.73 1.10 1.43 9.06 -5.38 -2.82 -2.81 -3.13 -4.17 -9.77 0.78 -9.77 3.06 2.57 -1.57 8.96 4.64 0.91 -3.78 6.54 -5.77 -4.57 0.92 -9.29 -5.02 -3.00 -9.03 5.49 9.63 -1.10 -4.88 7.56 -5.70 6.42 5.70 7.80 1.69 -0.28 8.43 9.24 -1.99 -8.19 2.25 -3.62 0.77 -8.11 -8.89 -5.73 -1.17 1.78 8.81 0.20 0.56 -3.84 -5.87 7.92 0.09 -6.49 0.26 8.99 4.54 -2.41 5.23 2.55 8.08 6.07 5.35 -6.96 -0.42 9.06 0.74 7.37 4.72 -5.14 8.56 3.44 -4.81 -0.97 -4.83 5.41 6.35 0.56 9.21 1.35 -4.09 -2.43 -6.10 0.18 0.55 8.60 5.86 -3.77 3.38 3.25 6.34 1.95 2.10 -6.75 -5.27 -7.57 4.41 7.98 
-0.49 -7.44 -3.92 -7.15 5.86 -2.65 2.60 -2.11 2.18 5.61 9.29 2.75 9.75 -3.46 6.85 1.84 7.40 -1.19 4.24 -3.45 5.55 9.45 2.94 -3.47 9.18 3.37 -8.17 -1.75 -5.84 -8.16 -2.25 2.07 -4.35 -8.57 -7.15 -2.11 -6.80 -4.28 -2.52 -2.56 3.16 -4.07 7.99 9.96 -3.67 3.93 -9.06 4.92 8.75 1.90 3.90 -6.50 4.87 3.51 8.78 -0.33 -5.63 -8.92 -9.79 -4.64 5.95 -1.05 -8.89 3.51 9.91 2.32 -9.58 -0.55 -2.33 -4.80 6.55 -5.56 -6.51 0.05 -5.70 3.88 0.07 9.00 -1.88 -2.02 1.48 8.39 1.36 -4.52 6.11 -3.14 -8.82 2.94 -1.96 4.97 5.75 7.88 -3.44 8.81 3.46 8.63 -4.56 -6.03 -6.79 -4.87 -2.81 -2.78 9.73 -1.44 4.62 -1.94 1.86 4.96 8.50 -0.31 8.34 -1.29 -6.18 4.74 4.64 3.70 -1.94 0.91 0.95 -6.93 -6.41 -8.00 5.43 4.91 6.63 -6.20 1.21 0.92 4.70 8.24 -0.80 -8.29 -3.57 -5.48 -5.87 -6.52 2.20 2.51 5.50 0.36 -7.81 6.75 2.62 -1.86 -7.46 7.07 5.40 -8.60 9.69 -7.26 7.71 6.14 6.39 -4.96 7.58 9.83 -8.43 -0.05 7.03 1.50 9.74 6.73 -4.02 -5.69 -4.14 9.53 -9.72 -8.55 4.90 6.53 -8.25 6.51 -3.43 -5.34 2.68 -8.06 -2.55 -7.25 -0.21 6.40 -3.03 8.05 6.11 1.57 -5.22 8.10 -1.61 8.65 3.06 -7.02 -9.23 -0.76 -1.32 -9.00 5.48 -5.13 9.33 0.69 -4.54 -4.85 
-8.58 7.25 -4.74 -0.99 1.75 4.14 9.91 4.74 -7.71 7.21 -8.73 0.23 7.78 9.17 4.32 7.22 -1.07 9.17 0.08 7.05 3.01 -6.21 -2.44 -0.31 5.74 -1.38 -1.48 6.44 2.60 7.93 -3.19 7.46 -8.78 0.08 -3.89 -1.42 -7.53 -2.07 -1.62 2.46 7.41 -6.58 -6.88 -9.90 -1.89 9.73 -1.14 4.12 -0.39 -5.80 2.41 0.43 -7.19 5.11 4.64 -1.58 1.07 1.52 -5.73 2.34 6.00 2.47 2.30 7.63 -7.99 4.59 -3.38 6.91 -5.81 -2.98 3.82 -0.35 5.25 -1.07 7.21 -1.79 -2.06 2.27 -7.73 -3.68 -8.45 8.64 -2.27 9.02 5.30 -5.82 2.38 -4.33 7.91 5.27 9.76 -3.03 2.49 -8.42 -8.82 3.72 -3.27 -4.16 -0.21 5.90 2.05 2.07 -6.73 9.46 -5.07 -2.24 2.73 2.73 -4.18 2.25 -6.33 -0.70 0.42 8.26 -0.99 -3.25 3.70 -6.87 -5.39 5.35 -1.17 2.05 -6.74 -0.88 9.59 -9.09 4.47 -7.28 -6.62 8.93 2.29 0.29 -4.11 -6.94 6.20 -4.10 -8.84 9.63 -5.43 6.47 -2.59 -3.85 -9.78 -1.59 8.13 -0.84 8.56 2.81 3.15 3.90 -1.90 9.45 -6.20 -6.03 9.39 -6.30 1.31 4.42 -9.79 1.39 4.36 3.04 7.52 -3.98 -5.70 -1.13 5.64 -1.58 -1.03 -6.32 -0.71 -6.83 -6.78 -9.83 2.75 3.52 9.94 -9.06 -4.77 1.16 0.57 8.06 -1.81 -5.36 -2.41 5.74 0.37 4.27 -3.67 -5.66 5.50 4.07 5.55 -6.63 6.83 6.87 -6.38 -2.54 1.70 2.86 
-5.95 -4.67 8.48 5.62 -4.49 8.41 3.71 -2.85 4.98 -1.74 -5.10 -1.35 6.10 -9.63 -6.98 -9.73 -9.98 -4.62 -4.98 -1.36 5.33 3.66 -9.36 4.41 2.99 -2.85 4.28 -9.27 -6.68 9.34 1.18 -9.41 -1.82 4.26 -0.06 3.91 4.27 -3.88 6.04 7.11 1.10 -2.59 3.56 -9.94 -1.72 -2.90 5.24 6.28 -7.88 6.21 2.96 1.36 3.16 1.28 8.75 -9.05 -0.88 8.20 7.65 -2.10 9.05 -8.56 -5.69 -0.75 -1.41 5.90 6.93 7.77 8.09 -7.89 7.12 -4.16 -9.29 2.53 -0.57 5.37 -4.48 -6.91 -0.95 6.98 -0.41 1.31 -8.35 4.30 -0.89 -8.08 3.12 7.47 -5.15 -9.55 -7.29 4.60 -5.58 -3.47 7.13 0.13 6.45 5.59 0.15 -8.16 -4.59 7.25 -4.56 4.15 -4.42 -5.92 -5.78 -3.72 7.54 -2.00 2.78 9.93 -1.83 -3.05 -8.83 -6.27 -3.01 0.49 8.42 2.58 -6.81 5.97 4.49 -6.90 6.97 0.31 -6.29 8.09 7.18 6.10 -9.20 1.86 5.72 9.93 2.18 2.36 6.04 -0.09 6.45 6.34 -9.50 -6.35 -9.33 -6.33 1.63 -1.25 -0.87 6.80 -5.43 -6.80 -6.09 6.50 2.70 -2.80 -2.32 -6.59 -7.48 -6.87 5.19 6.32 -3.56 4.97 -8.23 1.95 -7.38 7.69 9.29 -2.87 5.88 -8.22 6.93 6.30 5.24 2.69 9.42 9.21 1.67 3.20 -0.26 6.41 -8.58 8.26 -8.57 -3.08 -2.97 7.20 5.84 -6.31 -4.58 6.28 8.89 -4.68 -2.04 6.63 9.56 -6.95 4.55 7.20 7.99 0.45 
-7.88 9.09 6.24 5.70 7.23 -5.49 0.42 7.52 -5.77 0.62 2.09 -4.73 -0.09 2.06 -2.44 1.77 -8.64 7.69 -5.11 -7.81 -1.70 2.40 3.89 4.91 8.90 8.53 -8.22 9.66 4.71 -3.35 -5.99 -9.31 -0.69 7.39 -6.10 -6.00 9.22 0.22 1.90 0.41 2.57 6.15 0.18 2.97 8.37 1.84 -3.59 -5.46 -8.93 7.29 1.04 0.14 7.73 -2.08 6.78 -8.95 6.42 4.12 7.00 5.06 -5.69 -3.06 -6.03 -2.10 5.67 0.74 3.07 6.21 1.18 -3.29 -4.25 2.82 -9.10 -8.45 5.14 -9.69 -8.94 6.27 8.49 -7.22 -6.91 6.86 0.80 -2.77 9.11 2.94 2.34 -6.52 4.44 9.60 -2.53 2.14 0.54 -5.85 -3.65 6.11 0.70 -0.64 4.41 1.23 -9.04 4.76 -1.88 -7.91 -8.60 -3.05 -1.79 3.20 -3.47 7.89 0.16 -9.34 -1.59 2.15 5.07 9.30 5.84 3.80 8.92 7.16 -1.81 0.42 -1.10 -6.82 8.83 6.06 8.36 5.19 8.25 3.67 5.03 -7.59 7.64 -0.57 -2.35 -1.42 9.71 -9.79 2.29 -3.31 -2.45 1.23 -9.09 -0.23 -7.04 3.87 2.44 0.98 1.78 4.90 -9.40 -6.68 1.13 1.97 9.98 -9.33 3.39 -0.86 -8.05 -3.62 2.98 -8.56 3.58 -8.72 -5.08 -7.07 9.33 4.65 7.88 9.96 -0.42 0.95 0.38 3.85 -9.37 -9.68 -3.82 5.02 3.75 2.32 1.56 9.32 6.61 5.85 -3.00 7.01 -2.94 7.92 -8.00 -9.68 -8.41 3.24 8.41 7.03 4.63 7.77 -5.42 9.64 1.27 -7.84 
4.84 -8.99 0.35 -6.69 9.59 9.55 7.61 6.15 4.43 2.50 -1.41 1.32 8.69 -8.08 -7.30 3.49 -2.29 9.24 -0.78 6.85 -3.09 -2.32 -6.17 6.40 -4.43 5.48 -3.55 6.03 0.20 -8.23 1.05 3.96 3.49 7.24 -2.47 9.16 2.94 -3.08 -9.16 1.58 1.20 -8.65 -0.61 -2.61 7.32 4.24 0.88 5.85 2.45 2.29 -6.30 1.69 -1.54 -5.23 -7.26 4.13 3.35 -3.16 -1.08 5.17 -4.69 -7.62 -4.96 0.94 -9.38 -7.35 -9.67 7.90 -6.22 -6.69 -3.61 0.99 6.78 2.84 -3.88 -3.22 -8.35 -7.04 -1.21 -1.33 -3.09 -4.12 8.38 -8.39 3.03 8.96 0.64 -0.25 -5.06 4.20 -9.15 0.74 -9.18 0.80 3.55 0.31 8.96 7.48 2.40 -6.92 1.96 -2.44 6.76 2.61 -8.31 -1.74 0.28 -6.05 -7.40 -1.66 3.59 4.65 2.20 -8.15 2.12 -5.96 6.31 6.52 -9.39 -4.38 8.00 6.57 3.81 -5.82 -5.55 6.98 -0.86 -5.60 -8.49 9.76 -6.74 -3.10 -5.28 3.03 7.78 -8.28 -6.39 -0.60 -8.48 6.61 -0.83 1.74 9.56 7.16 -4.83 2.72 -5.08 5.18 1.10 -8.38 -8.01 -7.42 -4.20 0.78 1.06 -6.76 7.16 7.97 -4.15 6.44 -0.56 -4.15 8.79 -0.11 7.19 7.62 -4.99 8.70 8.08 9.23 -9.05 5.44 -0.87 -4.99 2.78 7.56 7.55 -8.28 -7.34 -1.85 -6.85 7.33 9.81 -1.17 -9.63 -1.45 -9.34 8.05 -4.57 9.03 -7.23 5.33 4.52 4.75 8.55 -7.87 4.39 1.54 8.10 -8.61 
3.17 8.86 3.86 -7.66 6.00 -2.34 5.33 3.48 -6.56 -0.93 0.66 6.22 2.34 6.34 -1.24 -3.86 -6.75 9.68 -0.03 8.50 -0.25 7.91 3.60 -0.28 4.55 5.18 -2.38 2.94 -6.37 5.76 4.88 7.20 6.64 9.20 3.22 -6.50 1.61 7.13 8.91 9.37 3.19 -7.56 -9.26 -6.93 2.41 -2.80 -4.38 1.28 6.08 4.64 -8.31 3.18 2.55 1.97 -3.34 8.73 -1.60 1.73 -6.10 4.87 3.62 7.74 -7.51 6.79 -3.06 2.36 9.27 6.97 9.01 -8.60 6.55 8.53 1.27 8.26 -1.04 -0.32 -0.50 5.60 4.00 -3.25 -8.68 -4.28 -8.86 -0.68 1.53 -9.34 1.49 0.40 -6.58 -6.72 -4.82 5.13 -5.05 -4.44 7.10 -0.36 9.90 4.59 0.72 2.55 2.49 -3.75 2.52 6.32 9.02 3.78 -3.04 -2.75 -9.35 -0.82 7.13 -8.72 0.92 -0.81 -1.04 -3.96 -3.97 -6.96 -3.99 0.19 4.98 9.46 0.51 7.77 -0.26 -7.75 7.00 -1.65 -7.10 6.13 -4.32 -1.66 -4.46 -6.41 3.84 -7.72 -4.87 5.22 2.93 -9.47 -1.45 0.94 7.49 -3.93 5.55 3.17 -9.37 -2.85 9.46 7.86 1.82 -9.11 -5.01 -1.54 9.23 -8.96 -9.32 -7.08 -4.99 -2.72 -4.51 1.40 -1.69 7.47 6.68 -1.87 -5.91 -6.09 7.39 9.22 -3.79 7.80 -9.92 6.53 -8.30 -4.69 -6.42 1.23 3.09 -5.91 6.87 -6.84 -4.73 -2.80 -1.92 3.45 2.26 -7.40 9.21 2.93 2.19 6.48 0.02 -0.88 2.70 2.41 4.95 -7.16 -8.27 -3.92 
0.12 -9.10 -8.62 -0.56 4.29 -3.54 8.81 -9.69 -1.60 -8.44 9.63 0.30 6.84 7.75 9.37 -1.29 -6.94 -1.61 -0.10 7.59 1.96 -0.51 9.95 3.65 -2.50 3.61 8.79 5.56 -7.39 3.70 3.04 -8.66 -7.71 2.50 -7.21 6.33 8.12 1.97 5.98 -3.67 3.46 2.71 5.10 2.43 -1.98 6.11 -7.99 -4.12 -3.78 7.28 -8.01 -8.90 -5.24 -5.50 1.29 -5.98 0.74 -1.32 -4.10 3.37 2.94 5.25 -8.72 -8.19 -1.59 -2.82 0.41 -0.63 0.23 -5.38 -1.88 -6.42 4.95 -8.24 0.85 -8.15 -9.34 0.97 4.33 -1.94 7.08 0.13 8.39 3.07 2.24 -8.95 0.43 -1.60 -5.65 -8.73 -5.16 1.00 -5.54 -8.68 1.72 6.44 1.50 -3.68 8.79 3.87 -5.62 -8.79 -4.94 6.84 1.69 -7.71 -4.94 -0.96 -6.62 -8.71 -9.90 -0.72 -1.69 2.76 -8.58 -5.50 -8.90 1.37 -6.96 8.43 8.80 2.77 1.89 -5.59 -7.00 7.86 -7.40 3.66 7.43 8.03 -1.59 -2.53 -2.41 9.29 -6.38 5.52 8.11 8.80 1.45 -5.08 -4.65 3.42 -9.40 3.49 -4.91 0.20 -2.13 5.76 -5.75 -0.12 3.71 5.89 3.34 3.96 -6.95 -3.50 -3.43 -8.01 -0.53 -8.35 -4.51 -7.71 3.72 3.30 3.23 2.84 -4.12 5.09 -9.39 -2.15 7.15 3.23 -6.50 5.07 4.30 -6.59 4.53 5.43 -2.19 -9.87 -8.59 -9.03 8.33 8.95 -2.65 -8.87 3.06 8.12 -4.83 8.73 -4.20 -2.44 7.75 -6.20 -3.11 9.04 8.65 5.09 -5.24 -7.04 
0.67 2.30 6.45 -9.37 -0.33 7.15 -0.25 -0.36 -1.68 -3.28 9.99 3.23 1.72 5.21 6.25 -6.20 -5.27 7.40 4.66 6.75 8.39 -0.45 7.91 8.15 6.05 6.03 -9.64 -0.67 -5.86 4.05 3.17 -6.19 -6.13 -7.11 9.82 9.33 8.71 0.06 -6.04 -7.08 -9.01 -2.12 -1.86 2.44 -8.99 -2.51 -4.63 3.02 -2.82 -9.28 -9.99 -2.70 1.89 6.67 -2.15 -0.67 7.19 -2.97 -5.15 -3.76 5.21 3.44 0.52 -4.87 5.45 5.17 -5.00 -0.49 -9.87 2.16 -2.22 -0.16 8.01 -0.92 6.27 -6.08 9.68 -1.49 -9.07 -3.09 -8.91 7.55 -2.05 -9.42 -4.81 8.96 -2.83 -5.86 3.64 -7.99 -7.83 -7.02 -2.16 0.59 9.55 3.60 1.77 1.61 5.20 -4.35 -9.97 4.61 -5.64 -9.60 7.10 2.97 8.65 1.17 -6.61 9.18 -8.03 -7.50 -0.61 -5.20 1.17 7.73 0.30 3.89 -3.39 5.31 3.58 2.34 -6.66 7.14 -4.09 -7.87 9.24 -8.15 7.53 -2.76 6.22 -8.18 -3.55 -0.84 -8.15 0.10 -8.77 2.03 -8.86 1.81 -9.13 2.48 0.22 0.68 3.54 -2.22 9.43 -4.99 1.63 -9.62 3.16 0.42 -1.39 1.95 7.53 4.09 7.96 5.09 0.57 8.95 9.56 8.64 8.07 -4.46 -7.89 -0.47 -1.18 -0.53 -0.28 -2.98 -7.96 -8.61 -3.94 -4.60 -2.40 8.64 -3.86 -2.64 1.58 -4.24 2.80 9.25 -9.79 -5.93 -3.84 5.89 7.94 -7.44 -2.22 -0.95 8.16 -1.72 -4.67 5.22 3.21 3.62 -0.70 -4.78 -4.44 -9.27 
9.20 -5.15 7.07 -7.02 6.81 0.10 8.22 -6.22 8.79 6.30 -9.88 -1.03 8.29 -9.96 -8.69 -3.05 -2.30 5.00 -4.00 -9.62 4.30 2.59 8.76 -1.17 5.97 -7.91 -8.25 9.46 -3.51 -7.45 5.34 -8.12 -9.22 3.76 3.44 2.60 -3.37 5.48 -8.62 -1.04 7.20 -3.15 6.69 6.10 3.62 -2.50 -7.62 5.95 -8.61 5.83 8.63 -9.74 9.83 -5.00 -1.92 6.91 0.44 6.13 -2.32 6.13 7.12 0.29 -7.06 8.19 0.02 -7.48 9.70 1.39 -4.82 0.77 4.86 7.44 -3.30 3.45 -1.44 2.33 -4.46 -0.55 -1.51 5.72 5.23 -4.70 -1.11 -1.93 -9.84 -8.67 3.00 8.88 1.58 -5.79 3.75 9.34 9.66 -5.78 -9.08 2.36 0.42 -0.82 7.93 5.84 4.67 0.67 -8.63 -4.68 -5.34 1.35 6.83 -4.71 1.86 7.28 9.94 -1.34 -8.47 -2.24 4.08 5.23 1.15 2.24 5.74 -3.49 5.05 -3.23 -3.31 -5.64 8.74 -0.28 -0.04 6.93 7.39 3.28 8.19 -5.98 4.22 2.50 -2.91 -3.03 -8.62 -4.50 -9.32 6.75 -7.80 6.75 -7.87 -3.26 -7.47 -5.73 -6.95 -0.35 -6.06 -1.27 -1.66 -7.22 7.95 7.68 -8.38 -1.71 4.41 1.37 -1.80 -9.04 -4.63 7.66 2.23 5.86 9.62 -7.46 -7.00 8.65 9.22 1.11 3.80 -5.13 -2.54 -3.27 3.96 1.79 7.90 -3.77 3.51 -0.68 -9.49 -2.87 6.55 -3.73 -5.45 2.44 -6.43 4.69 -8.13 1.69 8.88 -6.24 1.92 -4.37 -7.04 -9.36 4.59 9.44 -7.15 8.96 
-6.29 -7.14 0.72 -1.82 9.85 -6.55 -8.33 -0.88 -6.99 6.86 -2.26 9.38 -7.74 -3.28 1.63 -0.04 5.47 9.95 6.94 3.05 -7.12 -8.64 7.43 -3.90 -2.96 -9.79 -8.74 7.27 5.32 -9.79 -5.51 4.59 -4.06 2.84 -3.89 6.88 -3.95 8.19 1.10 -9.43 6.82 0.79 7.37 -4.89 -5.56 -7.24 5.98 -3.67 1.69 -0.92 -1.00 -1.99 7.58 0.43 -8.31 -7.63 -3.33 3.04 3.05 -8.04 7.51 0.80 1.71 -4.68 5.30 -8.38 -0.76 1.95 -2.10 8.41 -5.71 -4.60 -7.24 -6.34 9.40 -4.93 -7.22 -7.29 2.94 6.18 -5.45 9.06 -5.15 -8.10 -6.03 4.44 -7.98 -6.53 -4.56 -2.86 -3.97 9.58 -0.28 -9.93 9.31 -7.06 1.97 -4.21 -4.48 8.80 6.43 -4.44 3.75 -2.88 2.03 -8.03 7.91 5.31 -9.81 5.37 -2.44 -8.51 -4.42 -8.03 6.14 4.96 -4.17 3.25 2.42 6.22 1.54 0.54 3.69 -5.46 -3.64 4.85 -7.32 9.68 -9.91 -0.32 3.40 -5.08 -5.58 -1.96 3.37 -4.02 -1.86 -6.27 -9.85 -3.19 8.44 0.89 0.74 4.08 0.07 -6.58 1.81 3.88 9.29 -7.96 -0.56 8.22 5.88 9.47 -1.54 -7.15 -2.30 -6.20 2.93 9.09 -1.68 5.90 -6.65 9.58 -8.83 2.82 -1.95 -2.77 3.39 7.78 -2.20 -5.26 1.29 0.16 1.72 2.42 6.09 7.86 -5.74 -1.21 5.63 -5.45 -0.15 5.13 4.73 -0.83 3.78 8.29 7.66 7.44 -2.06 0.47 4.74 2.47 -2.13 2.06 -0.04 9.73 1.55 -3.53 
9.74 -1.47 9.71 -7.87 -0.06 -7.52 -8.37 6.86 4.64 -3.40 -4.43 0.27 1.59 -4.73 3.38 -2.02 3.76 7.94 6.98 6.26 -5.34 9.14 1.60 -4.73 3.48 -4.76 -6.14 -1.92 -7.15 8.64 4.52 5.64 -1.58 5.51 1.66 -7.53 7.18 -6.42 -9.73 -1.44 -1.56 -7.77 9.17 0.24 -2.78 -8.18 1.51 9.83 0.97 -9.61 -9.48 1.46 5.35 4.25 4.05 -0.75 -5.58 -2.26 8.64 -7.67 3.16 -1.45 -6.97 9.82 5.99 9.08 1.15 -1.23 -2.43 -6.51 4.26 -6.58 1.01 6.84 -2.58 -6.44 6.20 -3.59 7.08 0.27 8.04 8.39 5.13 -4.34 -5.42 -1.16 -5.70 -3.16 5.10 -8.93 8.87 0.43 -6.40 5.42 9.73 8.06 -1.43 -8.73 0.46 -5.16 -3.98 -1.12 7.63 -4.85 -3.65 -8.57 4.62 1.48 -2.69 -9.21 3.86 0.08 3.09 -9.73 -8.39 2.50 9.30 3.40 3.03 8.18 -9.87 -3.33 -7.57 -3.36 1.21 -9.72 -2.30 2.69 -6.67 -8.90 -8.96 7.37 -7.08 -9.92 -0.47 -1.35 -1.51 -8.88 -3.94 -4.49 -5.47 7.89 0.90 -1.43 2.84 0.81 2.74 1.11 5.05 -6.56 6.73 7.27 -6.68 -4.46 -5.78 -4.84 -9.68 2.73 6.61 5.31 2.92 -0.19 -0.22 -2.14 1.79 -4.51 6.51 7.52 -7.71 0.90 -3.38 0.74 7.81 8.87 -0.57 6.07 4.01 -1.32 9.74 -1.58 5.15 4.50 -5.41 0.19 -1.28 -1.72 7.84 3.79 -8.91 -7.24 5.72 5.36 -0.03 -6.19 -5.41 -8.08 -2.41 4.78 8.05 8.97 
-7.83 -3.00 9.15 1.20 3.46 7.84 -2.76 4.07 -7.69 2.09 -4.95 8.25 -7.64 5.56 -6.16 9.26 3.97 8.78 4.17 -1.02 3.50 7.38 -2.17 -9.87 -0.01 -7.69 9.84 -8.56 -2.64 0.59 -1.80 7.02 1.86 -7.83 -3.87 -2.90 4.03 3.15 3.86 -8.75 -8.54 -9.22 8.32 2.14 3.07 -2.01 6.62 7.82 -2.01 6.97 -8.58 4.03 -7.61 -3.40 -9.04 -8.53 6.11 -5.35 0.72 8.55 -2.10 -1.16 -0.16 4.29 2.95 1.49 7.19 -1.62 5.79 7.81 -5.17 -6.51 9.89 -4.46 -5.49 -8.18 -4.84 -8.55 -4.22 0.43 6.91 -1.05 8.07 6.22 7.53 4.91 6.57 0.85 4.38 0.53 3.12 1.91 -8.24 -8.05 3.47 -8.24 3.75 -5.84 -2.80 -7.91 -7.98 1.66 1.14 -3.15 -8.04 1.69 9.32 8.55 -0.47 2.67 3.37 -5.90 -9.33 8.94 0.70 -5.81 -7.04 9.28 -4.91 -5.82 -7.59 8.61 9.98 -7.98 4.67 -1.11 -3.26 8.73 -1.18 -4.57 2.82 -2.74 -8.89 -5.60 4.15 -5.14 -6.08 9.44 1.14 -1.81 -6.47 -8.77 -0.17 4.57 6.83 -4.94 -6.11 4.46 -9.68 0.40 3.84 -7.47 0.90 0.26 1.51 -2.98 -8.47 -8.38 -0.11 -8.85 3.66 -5.00 7.58 6.73 -9.02 -3.96 -8.89 -9.19 4.45 -1.06 1.12 -3.85 6.76 -6.77 0.86 -4.44 5.98 -6.77 2.41 -1.08 8.08 3.39 0.98 -7.92 2.79 6.73 -2.71 -3.53 -9.60 -4.64 -7.33 -1.91 -6.12 -4.34 1.70 -0.51 1.25 -0.49 2.90 5.98 
-5.49 8.30 -7.70 8.23 -1.99 3.70 -1.61 -7.00 -4.50 -2.60 -4.06 -3.30 -8.17 -8.25 -8.08 5.67 -3.02 5.81 -2.46 2.93 9.75 4.98 -3.79 6.82 -0.45 0.84 -5.09 -9.82 -3.33 7.91 2.91 7.40 -3.89 -4.63 -0.54 5.31 -7.30 4.49 2.04 -9.37 0.20 9.07 -5.48 -7.89 -6.89 -9.65 2.88 -7.33 -0.74 -7.29 5.59 0.02 -4.01 -8.65 2.84 -0.71 -6.42 -7.82 -6.52 -3.02 -6.45 2.96 -8.73 -8.54 -1.32 3.47 -7.54 0.62 3.32 -4.59 6.66 -8.88 9.06 3.91 -5.54 3.88 -6.51 7.57 -2.75 3.19 2.12 -3.92 7.56 -8.93 6.93 -9.83 -9.42 6.78 6.14 2.92 -1.59 -1.35 -7.51 -9.11 -2.58 -5.40 -2.22 8.60 8.25 2.69 5.35 2.48 4.28 8.86 -9.66 -8.89 0.40 -1.34 -2.34 -5.29 -8.29 -7.16 1.94 -8.46 -5.84 7.41 -4.24 4.18 5.63 3.05 -3.64 9.82 7.82 -6.76 3.55 0.93 -6.54 2.67 5.75 5.62 -2.09 -9.78 -4.18 -1.05 3.26 -9.06 -9.43 0.55 2.89 1.51 -2.39 9.23 2.51 0.79 -9.57 2.56 -6.77 -3.93 -7.58 1.77 3.64 -9.10 1.66 9.35 -7.00 1.00 7.84 6.76 -0.95 6.17 -9.19 -2.54 1.64 0.30 -8.88 2.10 -6.33 -5.88 7.45 6.80 2.64 2.43 1.66 -6.11 0.83 3.92 1.11 6.93 -5.85 -3.16 -0.97 8.41 7.12 7.66 7.07 3.02 -3.57 -6.59 1.55 4.86 -4.85 7.31 -4.86 -4.01 -2.91 -4.05 8.53 5.04 4.51 -5.16 
4.54 2.43 -7.40 7.57 4.27 -3.21 7.81 0.40 3.15 9.30 4.94 -7.24 -4.40 -7.01 4.02 7.69 5.91 -5.45 0.78 -3.49 1.47 -8.77 9.54 3.96 1.47 0.13 8.72 -5.88 -9.90 -6.10 -0.69 -6.46 -8.96 7.80 6.20 6.20 -3.59 3.16 -9.13 -3.03 5.07 -7.27 1.32 5.25 8.97 -5.51 7.83 9.01 9.53 -5.40 -9.03 0.46 -6.86 2.25 -5.13 8.42 6.14 8.84 -8.04 0.96 -0.42 -0.79 -3.06 2.94 7.17 9.07 8.70 -2.72 7.25 -3.72 0.97 -0.59 -9.83 3.10 -4.48 1.12 9.09 0.79 6.13 3.70 0.72 6.30 -1.14 0.39 -3.67 8.54 6.39 -2.58 4.79 7.54 7.22 5.77 3.04 -3.17 -7.96 6.51 5.29 -4.70 -2.59 4.41 -6.93 -2.74 4.21 9.39 -8.84 3.12 6.67 3.64 9.95 2.08 -6.11 4.13 -5.23 -8.53 9.20 4.60 5.91 -2.55 -6.85 9.95 2.98 4.94 9.25 -2.68 9.97 3.82 -6.37 2.03 -0.25 5.05 9.70 -3.05 -8.54 7.59 0.56 7.69 9.30 9.73 -4.77 4.05 -9.04 6.28 -9.28 6.07 -3.72 8.16 4.43 -8.02 2.02 8.49 -8.12 -6.90 -7.48 -0.01 -3.59 3.62 5.39 7.09 -5.73 5.49 4.63 -0.54 -5.52 -2.08 1.62 0.77 -5.71 -5.09 -4.02 -1.55 1.15 -2.09 6.73 4.79 -4.86 -4.26 9.19 1.07 5.58 -9.57 5.04 -4.43 -5.48 -6.30 -1.06 0.80 1.24 1.51 -5.26 -1.00 -8.32 -3.53 -7.88 -0.54 -5.25 -1.33 2.95 5.95 2.19 4.85 
9.52 -3.31 1.52 -0.44 -6.83 2.52 5.74 2.28 7.23 3.76 -2.07 4.03 -5.39 -1.37 7.58 4.02 -5.94 1.34 -4.14 9.51 -7.57 -8.46 -6.57 -2.95 3.73 9.10 -8.06 -0.41 -5.98 0.83 -3.36 -2.40 6.39 8.77 -3.32 -9.97 9.11 -7.78 4.85 7.00 -1.94 -6.69 1.28 -5.31 6.74 0.80 -3.84 6.93 1.03 -2.05 -2.44 8.63 2.17 5.89 3.70 -8.09 4.19 9.81 -0.90 -8.55 -2.87 2.80 -4.24 -3.45 6.77 -0.11 -2.04 4.99 -1.04 -6.43 -3.62 -5.82 5.20 8.10 8.39 1.91 -0.03 8.53 -1.43 -3.73 -5.06 6.93 4.99 1.97 -2.46 0.57 2.92 6.14 -9.09 -7.08 5.44 3.57 -1.04 -8.18 -2.21 -5.47 2.79 -7.12 6.05 2.10 -6.23 4.40 -2.66 -7.49 -7.39 -7.31 8.95 5.30 -9.81 -6.80 -5.69 6.92 9.38 4.05 -1.91 5.10 0.59 6.92 6.26 1.15 5.27 3.20 -9.70 -1.53 -6.95 4.33 6.53 -0.20 -9.58 -3.85 2.23 9.76 -2.11 -6.05 1.73 6.61 9.11 7.58 -2.94 -1.91 4.90 -1.09 0.46 4.14 9.45 1.69 3.17 -5.79 -2.47 5.91 -3.76 5.79 6.48 4.46 1.57 -9.94 -0.35 1.63 -6.53 4.48 9.85 -4.03 -0.75 -3.04 -7.83 7.64 -8.88 2.52 2.49 5.87 1.05 -3.57 -2.52 1.03 4.91 4.63 2.27 -4.27 7.07 7.64 -1.47 8.44 6.40 4.52 2.21 5.75 -2.59 -0.70 9.99 1.74 -8.59 5.13 5.36 9.23 -1.00 -2.74 -1.14 -7.05 -1.75 -6.10 
6.75 -1.45 4.02 7.73 1.60 1.00 9.87 -7.39 -6.21 -8.98 1.26 -2.99 -2.34 -0.05 -7.52 -8.04 -7.97 -8.00 -4.91 -3.18 -3.22 -9.66 7.49 0.06 -4.19 -8.98 4.47 -9.59 1.54 7.00 8.39 -7.97 1.77 7.29 1.27 -6.25 2.87 9.53 6.92 0.92 -5.34 -8.45 1.67 -5.28 9.45 2.58 -5.72 2.78 -5.92 4.45 8.24 -4.04 8.85 9.08 -2.87 -2.14 -5.22 -4.00 -0.25 -6.17 7.64 2.89 -5.53 6.52 0.36 3.81 -9.06 6.16 2.38 3.97 4.71 -4.61 -7.34 -8.34 1.52 -4.66 1.99 9.35 0.05 6.46 -0.17 -5.99 3.76 -9.83 8.29 -7.68 2.37 -4.51 3.67 -2.90 4.99 6.71 -7.44 4.34 8.67 -4.60 -7.70 -8.50 0.64 6.72 9.71 -8.71 -7.13 -5.26 6.00 8.39 -2.94 2.40 -8.70 9.29 -4.84 -7.93 4.38 8.39 3.39 5.43 -3.88 7.95 -6.13 4.60 6.04 2.51 -7.69 6.02 -7.05 3.84 4.36 7.12 -0.99 7.93 -4.63 7.29 5.72 -4.97 8.20 4.86 9.18 4.85 -9.07 -6.95 -9.79 3.76 -6.42 -4.64 8.52 -7.07 0.64 4.03 0.10 -3.93 -0.73 5.36 -3.95 -7.66 9.20 1.21 2.18 7.72 1.39 -2.05 4.07 4.49 -8.57 8.37 -8.41 4.80 3.23 6.03 3.11 -0.74 1.51 1.31 1.19 -2.08 -4.39 3.11 6.39 -1.44 -5.02 -4.10 -2.26 0.17 2.19 8.91 -2.43 -9.06 0.41 -2.23 9.78 -0.06 0.11 -8.88 -6.94 3.08 -3.53 3.27 8.43 -5.45 0.33 -8.12 
-8.08 -9.24 -4.01 6.62 4.48 6.92 1.34 -2.64 6.58 9.95 3.73 4.43 1.18 4.15 3.07 -1.35 -9.54 3.63 1.44 0.65 3.02 8.39 -1.60 -1.02 -1.22 4.45 -8.00 -4.26 7.81 3.55 -6.76 -2.06 -1.14 -0.45 3.92 -7.98 -9.23 -9.07 0.44 5.60 5.24 -2.62 4.93 7.90 7.95 1.05 -9.86 5.61 5.68 -5.97 4.67 -0.31 1.34 -6.20 -1.84 5.47 -3.77 -6.28 -6.24 -4.93 -5.65 -6.71 -6.14 -8.04 -6.40 -3.16 9.49 2.48 5.63 -4.60 6.30 -1.90 2.07 4.34 -2.20 8.65 -7.36 8.50 0.41 -2.02 2.23 8.73 -2.27 -9.52 -6.91 4.47 8.50 -3.46 1.49 8.24 -2.61 4.57 -7.71 -0.73 -2.85 -4.15 3.98 -9.74 -2.37 4.68 -1.03 8.13 -7.94 0.82 -2.32 -2.99 -5.41 -1.45 -6.06 5.49 -7.31 -0.07 5.71 0.19 2.98 -6.31 -3.71 -0.91 -8.37 3.10 -1.87 9.42 -5.79 -2.46 -2.53 -7.04 5.17 -7.96 -4.72 -3.87 7.50 0.34 -9.98 -2.25 -4.64 9.30 -1.60 2.06 -8.47 -0.82 5.65 -0.32 0.16 -8.94 -6.11 -7.88 9.81 -1.26 -6.65 8.32 -6.05 -6.55 4.48 5.17 -7.24 -6.77 6.33 -5.81 -7.18 3.65 8.97 2.32 -3.37 -7.28 8.14 1.06 0.28 4.01 3.32 4.91 8.88 4.15 2.77 6.70 6.52 -4.70 3.08 -7.66 -4.59 7.83 9.67 8.53 -8.67 6.87 -6.48 -9.61 2.55 6.99 -5.41 6.28 4.97 3.64 -5.13 3.70 -3.88 3.34 -10.00 1.88 2.45 6.24 
-1.74 -6.11 7.00 -8.57 4.74 -8.01 -3.22 5.83 8.66 -4.35 7.65 -3.10 9.74 -7.88 -3.83 -4.57 -1.87 -8.42 0.08 4.39 8.08 -2.89 0.38 -8.37 5.16 -9.20 8.51 8.90 -6.84 -8.68 7.83 -4.32 5.00 0.04 -5.88 3.38 -2.80 9.68 -2.62 0.22 2.29 1.39 -2.02 -6.07 6.57 8.93 6.96 1.52 -9.13 -8.20 4.73 -3.43 -9.81 4.17 7.47 6.13 -2.65 5.65 4.34 2.54 3.95 3.50 4.54 -3.92 -7.69 -2.22 -6.18 -6.34 5.18 7.80 9.55 -9.22 9.55 9.62 6.87 -3.39 -3.95 4.39 -2.63 -7.16 -9.08 0.34 -8.42 8.39 5.96 2.10 3.04 4.84 -9.52 8.62 -0.90 -6.10 8.51 2.06 5.58 9.24 0.73 7.37 9.88 -5.66 -8.59 5.73 2.32 8.85 3.44 -6.64 4.43 -8.76 -2.02 -5.02 -9.09 2.52 2.86 1.41 -9.92 -3.94 -2.92 -2.84 5.06 7.48 6.56 -8.41 0.37 -7.65 0.24 1.01 -7.27 8.70 -6.86 -8.22 8.19 3.20 2.83 8.76 1.63 -0.82 -8.05 0.71 6.76 -7.62 7.51 -1.02 0.98 -5.73 8.43 7.85 -2.64 5.28 -3.84 -0.98 -8.84 -1.19 9.96 -2.38 3.70 -2.40 -0.97 -1.16 0.16 -3.25 3.46 5.07 -0.41 3.68 -0.82 3.19 -7.35 -8.20 5.82 5.02 0.30 -9.94 -4.03 -4.21 -0.20 3.39 -2.78 5.82 -6.20 0.93 -4.09 9.79 9.69 5.12 -3.00 6.63 3.11 -2.23 9.31 5.83 -8.16 6.96 3.35 8.52 0.45 5.61 5.16 9.77 -8.32 -6.60 
8.43 -0.14 -1.05 9.60 -1.81 0.63 -6.92 -1.08 -9.40 7.18 0.60 0.67 3.71 -0.78 6.09 -6.46 8.91 -9.25 3.22 -8.37 8.42 -6.75 -6.35 -6.32 8.94 6.39 0.11 6.23 -1.43 -3.17 -5.59 -1.15 7.64 7.37 1.94 -6.94 1.12 -2.28 0.16 6.20 8.02 -1.91 0.08 -9.86 3.46 2.14 -3.27 -1.75 4.47 4.66 -7.83 -7.65 -2.63 9.01 -0.01 -6.71 -4.14 4.98 -3.16 -1.46 6.21 2.60 -8.73 -6.68 4.14 7.11 3.64 8.17 8.19 -6.48 -0.98 -8.40 -1.07 -7.39 -5.57 -4.05 5.76 1.21 3.89 4.19 6.15 2.05 -0.57 -6.31 -5.12 7.43 -2.98 7.66 -1.22 0.94 3.96 7.65 3.98 -6.31 -1.79 -3.31 2.16 3.18 4.14 0.86 4.59 5.54 8.54 1.32 -1.24 -0.79 8.50 0.02 8.35 9.86 -8.33 -6.01 8.14 3.55 8.12 -1.80 -6.24 5.28 -2.47 5.04 2.96 4.81 -0.79 -0.10 4.55 -8.49 4.08 -7.10 3.56 7.40 9.92 9.94 -0.89 8.24 -5.53 7.34 -4.32 -3.90 6.69 -3.68 8.10 -8.54 3.19 3.72 4.83 5.32 0.66 -2.66 5.98 -7.73 2.16 0.92 8.40 -3.27 -3.98 -7.60 -3.53 3.49 -8.82 -2.41 4.41 6.35 7.23 0.81 -5.72 0.08 -0.52 -8.11 2.82 4.73 8.18 4.57 3.22 -4.89 -8.82 0.22 -0.34 -7.71 3.05 9.34 -7.63 -3.92 8.03 8.42 2.64 -0.22 2.65 9.65 6.37 -9.50 -0.93 -5.11 -2.92 -3.81 -2.04 1.80 9.20 7.58 -9.87 -2.90 
-7.29 -8.19 0.22 7.04 -1.85 3.31 2.15 4.59 7.94 -4.79 -5.45 7.48 -9.33 5.55 1.64 1.64 -5.98 2.11 9.67 0.60 6.69 -3.96 -9.30 -2.00 3.18 -3.75 -8.16 -9.54 6.28 8.59 3.21 5.30 -0.99 7.93 4.79 -5.21 3.28 2.49 1.29 9.08 -7.51 5.13 -1.57 0.42 9.64 7.11 -0.30 -8.89 -5.36 1.54 -0.69 -7.12 -5.81 -4.49 4.07 8.21 -7.12 6.14 2.24 6.91 1.38 6.72 5.49 2.30 -3.09 6.05 9.81 6.90 -7.39 -9.09 5.53 3.22 1.30 7.64 2.38 8.98 8.09 4.84 -6.98 9.14 -3.63 -6.22 2.42 -8.11 7.60 5.81 8.23 -9.80 0.15 -9.58 2.39 8.56 3.83 -8.02 -1.52 0.66 -3.88 -3.11 2.39 -3.40 3.76 7.74 -4.56 3.83 9.10 2.97 9.87 1.23 -6.99 -9.29 8.66 -0.79 -3.87 -5.65 2.22 3.52 2.82 1.98 9.27 -4.44 3.92 5.66 5.07 4.05 -8.60 3.26 3.16 -5.35 -9.72 0.69 8.68 -0.81 9.65 -1.86 1.62 7.14 -2.76 -9.96 -0.93 5.72 -1.86 6.50 -2.94 -0.73 -6.95 -4.56 -8.29 -2.18 5.15 -2.41 -4.39 4.06 -7.26 -5.65 8.48 -8.70 -8.67 9.21 -0.44 6.79 -4.48 -7.09 6.66 0.18 -0.99 -6.03 -5.04 -1.52 2.02 6.09 -0.82 3.85 -4.57 6.11 4.45 -0.04 -9.90 2.66 2.04 3.81 7.25 -3.76 8.86 -5.87 2.76 9.09 7.19 5.65 7.47 1.40 1.64 -8.45 -4.53 -5.34 7.59 -5.17 1.46 -8.49 -4.43 -6.51 
5.81 4.48 -2.20 6.67 -7.00 -2.25 -8.76 6.37 9.65 -4.41 -6.30 8.98 4.37 4.83 8.00 -0.00 -2.69 -9.56 -5.66 -2.57 5.48 1.28 -3.31 5.18 -9.93 7.30 -0.04 6.53 2.72 2.21 -6.87 -8.16 -6.58 5.23 -8.00 1.02 4.51 0.29 6.97 6.68 0.46 6.41 -0.28 -3.45 1.29 4.90 1.77 -3.53 -6.58 2.81 8.98 -6.35 9.97 8.33 -5.67 -5.28 -4.05 -2.26 -0.14 4.78 2.54 -4.28 0.03 4.58 -9.98 9.28 -6.54 -5.42 -3.64 -6.32 3.81 7.50 -4.27 2.88 1.18 6.62 -0.34 -7.28 -7.78 -2.56 2.60 -7.98 4.34 8.19 4.29 7.12 -7.81 4.96 -7.49 6.97 -1.75 5.33 9.62 4.93 6.61 4.49 3.39 -6.61 -6.88 -5.69 1.74 1.49 0.93 9.45 6.42 -0.09 0.96 9.41 4.43 1.50 6.95 -8.79 8.52 4.63 -0.94 -3.38 6.26 -0.74 -9.36 4.18 -8.58 -2.02 -5.57 8.54 8.13 0.06 -5.73 -8.44 8.66 -3.25 -6.31 1.61 -0.27 -1.26 0.90 4.31 -6.51 1.63 9.12 -5.48 4.66 -5.58 -1.65 -7.98 4.26 6.85 -6.96 1.47 8.63 6.93 -8.15 -8.41 0.08 -1.86 -3.61 5.70 9.65 3.30 -2.80 -8.29 -3.84 -5.30 1.75 -1.45 -4.76 1.66 2.84 -9.59 0.37 -7.39 -6.56 5.72 8.09 7.69 -7.07 -2.19 -0.85 -6.41 8.54 -0.84 -6.33 -5.39 4.42 2.23 -4.62 -6.04 2.62 -4.31 -9.71 0.35 9.92 9.80 -6.12 4.84 -7.88 1.03 2.66 -8.93 -3.23 -9.90 
1.90 -7.74 0.36 -4.07 -9.34 1.77 4.72 -9.82 1.93 -4.23 8.64 -3.44 6.47 -9.77 -9.88 -6.48 6.51 7.85 -4.70 -4.68 -9.36 -3.03 5.80 -8.46 -3.16 -1.82 -9.09 6.45 -0.24 9.09 0.78 5.86 0.51 1.28 7.56 -7.78 7.19 0.89 9.65 -9.82 -2.37 6.68 6.89 4.49 -3.45 0.75 -9.61 6.35 -2.97 0.95 1.65 5.59 -6.56 5.24 -8.37 8.82 5.64 0.37 9.07 -3.28 -4.47 0.50 7.83 -4.01 -3.09 0.92 4.96 9.40 3.57 8.94 1.33 -7.44 5.49 3.32 -8.29 6.02 7.98 -5.15 -3.63 6.16 -1.15 2.44 3.85 1.40 -6.53 2.59 8.02 -5.98 -9.75 2.61 -1.45 8.54 -5.09 -6.80 -1.92 4.17 9.81 -8.56 7.68 -1.95 6.92 -5.62 -1.30 3.06 4.92 1.84 5.50 -4.81 -2.56 2.63 1.78 6.74 -2.21 0.81 -4.80 3.55 -8.51 1.21 6.17 2.25 -1.22 -6.18 -0.12 2.00 4.07 -8.91 6.08 -0.22 -3.27 -4.27 -9.81 5.70 -2.45 -3.17 8.53 4.63 9.31 -7.44 3.40 -9.62 -9.43 1.21 4.83 -6.48 0.06 -4.55 -7.16 3.81 4.52 4.94 7.54 9.52 7.06 1.24 -8.18 -3.94 7.96 8.58 -8.32 1.86 2.94 -2.96 5.62 6.31 -1.39 -9.32 -0.38 1.05 -4.14 -6.52 3.66 4.98 3.06 -7.27 9.18 -2.59 -5.05 0.82 -7.15 7.43 -8.62 6.31 -6.57 2.41 0.27 -8.71 -6.62 0.74 7.35 0.53 2.72 -5.62 -1.09 -8.93 8.13 9.97 9.25 0.08 -1.86 -7.87 
-3.02 -6.15 9.65 5.89 5.81 6.89 0.26 1.87 -5.47 -4.91 -7.55 -1.81 1.94 -0.05 6.50 1.82 9.72 2.31 -8.05 2.53 5.93 3.35 -1.60 7.41 -5.80 -3.79 -4.86 4.52 -8.29 -0.54 9.26 8.85 3.03 -8.78 -9.55 8.54 -7.38 8.26 5.82 7.54 9.77 3.68 8.17 8.73 -4.20 8.02 6.92 -9.60 -2.74 6.78 -4.33 4.73 -5.19 6.03 6.89 -4.73 8.20 0.52 -7.36 -9.30 3.53 4.22 -1.45 8.51 7.83 -5.30 7.35 0.91 0.93 7.97 3.67 0.01 -0.06 -6.24 -5.21 3.27 -0.17 8.01 6.92 -7.78 2.22 6.31 -9.80 9.18 6.73 9.65 3.86 -0.40 7.63 -7.37 -7.88 -7.91 4.97 -6.97 2.80 4.47 -6.40 -9.55 -0.57 -0.11 -6.07 7.55 -4.23 -7.74 -5.29 6.95 -8.33 2.01 4.95 8.85 -5.08 0.54 3.63 0.45 -2.16 0.78 -2.64 6.30 4.82 6.51 -9.02 3.74 -1.53 3.63 6.80 -0.06 -5.22 5.46 4.87 -2.49 5.78 -2.84 5.20 1.55 -6.30 -1.51 1.68 6.73 -3.03 2.55 -0.85 4.58 -6.98 9.37 -6.14 5.74 7.12 1.53 2.41 2.93 -7.75 -8.96 -4.26 5.83 -7.08 7.03 9.78 7.21 7.89 9.96 4.50 7.72 4.00 2.88 -7.66 -5.32 0.26 -2.37 -8.67 2.30 5.35 6.91 -2.58 1.58 0.45 2.11 3.27 -4.09 4.78 1.05 -0.81 4.09 5.98 7.51 -2.46 -2.19 -9.96 -4.02 -2.90 0.50 8.60 -5.39 -8.95 -3.09 -7.34 -7.76 5.09 -4.86 -3.31 5.87 
6.06 2.06 0.53 2.01 8.52 -6.69 7.72 -3.34 -3.32 5.81 3.97 -2.52 9.86 5.62 9.21 1.51 -7.25 5.78 -7.05 -6.42 -7.96 -2.47 -3.60 -8.59 0.15 -9.30 -6.99 -5.36 -4.94 -5.67 -1.89 0.99 9.71 4.89 -5.87 -1.83 -0.11 5.71 3.84 -8.66 -5.26 -3.70 3.00 0.28 5.05 -4.08 -9.91 -2.02 -4.88 -2.44 7.15 -4.58 0.15 -6.52 -6.49 -3.65 4.70 -7.41 -8.10 5.92 1.98 -2.88 8.31 -0.35 6.13 4.65 -2.69 -3.08 6.93 -3.83 5.40 7.07 7.54 4.57 8.04 -1.29 8.88 -5.96 3.61 0.52 -9.18 3.92 2.86 -2.40 7.69 -8.18 7.35 9.29 -7.76 -1.54 -5.57 4.25 -7.70 -1.65 -7.31 4.52 -2.22 2.33 8.00 -7.06 -7.08 7.05 -9.12 1.12 -8.72 -2.95 8.70 -8.02 4.64 8.03 -2.67 -3.55 -3.14 -7.50 5.30 2.78 -9.09 9.02 -4.41 1.41 9.10 -1.01 3.66 -8.28 3.60 8.58 -6.84 5.04 -0.62 5.91 4.27 -7.55 6.28 -8.59 -8.73 -0.49 0.02 9.04 -8.13 -8.61 -4.26 -8.95 3.94 8.29 -3.06 -6.45 9.08 7.98 -6.55 4.60 -4.15 -0.61 -9.92 1.53 -7.52 -0.27 -2.99 4.31 -2.51 7.98 9.30 2.96 6.75 6.25 4.42 -7.52 -1.88 6.67 2.43 -7.56 8.93 6.05 -9.06 6.64 -7.36 4.31 -5.73 -8.74 -1.83 5.31 6.57 4.01 8.84 -1.06 6.80 6.51 -5.75 -7.81 7.59 9.94 3.02 2.53 -9.69 -7.99 -6.37 -5.37 7.42 -1.72 -1.27 2.61 
-9.78 -1.34 0.95 -7.10 1.23 -8.08 -4.35 7.56 2.52 -9.07 9.67 7.29 -8.81 3.20 6.14 0.58 -4.46 8.00 3.76 -9.74 -0.85 9.74 6.29 7.25 -7.71 -0.85 -0.76 9.78 1.87 -5.16 -6.68 -1.70 -0.24 7.21 -0.42 -9.96 0.80 0.75 -4.66 9.37 8.78 2.57 9.49 8.46 -3.39 2.12 -5.37 -3.76 -3.53 -5.44 -9.59 1.34 -5.54 3.74 0.92 -7.39 3.60 -8.60 4.65 -2.93 3.88 -8.93 9.14 -8.20 9.29 -3.10 8.70 5.07 -7.08 3.10 -5.20 -1.72 -0.69 -9.78 -8.13 0.68 3.10 -2.09 7.99 -7.97 5.26 6.99 -4.26 -5.54 8.32 7.58 0.43 -0.08 2.84 1.80 -2.32 -3.70 -9.96 -2.89 9.03 5.13 -0.44 -4.02 9.91 6.41 5.81 4.73 -1.15 -3.48 0.69 4.64 -9.92 -3.60 0.76 2.67 -0.79 4.67 4.72 -3.43 -6.58 0.87 8.89 3.57 -8.25 -0.89 -1.19 8.13 3.39 2.27 -3.18 7.28 8.35 -2.74 6.17 -7.93 -4.45 -5.74 -7.19 -6.01 -5.63 -9.07 1.45 -5.17 8.38 -0.46 -4.71 -7.93 3.43 3.44 -3.11 4.04 -6.72 -8.94 -4.93 0.72 -6.80 6.44 7.20 2.79 -6.74 3.58 -5.56 4.63 -4.09 -2.69 -5.81 8.13 -4.31 -8.41 3.77 8.57 -0.68 -9.22 -2.60 -0.55 -6.66 -8.37 3.22 -2.37 -8.97 3.31 5.41 1.43 -3.05 5.65 -2.53 5.73 0.40 8.11 -2.79 -1.17 2.69 8.50 6.90 -3.44 7.57 -8.82 4.76 9.93 -1.60 4.96 -1.03 4.78 8.60 5.77 
-2.42 1.26 5.31 1.15 -1.27 0.78 -7.82 -4.86 -2.66 -6.64 2.37 7.44 9.35 -7.03 -9.26 -4.78 1.88 8.26 -5.92 -2.96 8.52 5.87 -2.69 -4.57 3.72 5.98 -7.04 7.94 6.19 4.60 -4.09 7.34 1.96 -0.34 -4.72 9.91 -4.59 -3.13 6.01 -3.77 -3.41 8.33 -5.38 -4.10 -9.04 6.20 9.05 -0.70 -1.52 7.22 -4.72 7.74 5.09 8.65 -8.48 -1.90 0.76 -8.52 -5.86 6.88 1.82 5.01 -1.55 -5.55 1.15 6.03 -9.25 1.31 7.07 8.47 0.56 2.82 1.30 -7.44 -8.00 7.60 -4.23 -8.00 3.77 6.49 5.83 3.01 8.41 -6.14 2.33 7.70 6.25 -2.02 7.79 1.16 -1.45 -4.86 -2.50 2.88 -7.29 7.16 -3.24 -2.18 -3.30 1.02 -3.72 0.79 3.55 -5.52 9.63 4.97 7.97 9.00 6.76 9.78 6.09 -2.90 6.31 9.08 -6.75 8.00 3.77 7.36 -9.42 0.91 -4.66 -7.76 3.92 -1.43 -3.01 -1.05 7.45 -9.37 -3.21 -8.18 -7.14 -9.81 -2.14 1.21 -3.24 -6.88 -4.44 -1.40 5.45 -0.20 9.53 -3.62 -3.39 8.42 4.06 8.91 7.34 8.17 -1.60 8.56 -7.11 0.35 -5.88 -3.29 -9.16 -6.25 -9.63 8.79 0.64 -1.96 -3.67 8.77 -3.50 -5.21 -2.18 -9.17 7.71 2.24 -4.41 2.65 -2.88 -2.97 6.71 9.90 -3.28 4.61 4.16 2.85 -5.43 1.28 -2.92 -2.46 0.73 5.27 2.82 -6.51 -9.15 -5.13 -9.51 -5.92 5.99 8.60 -9.29 -1.63 0.76 2.48 -2.97 -0.51 -0.64 0.28 
-1.15 -2.01 -6.00 -5.38 -4.55 4.06 6.96 0.84 -5.58 9.49 2.29 -9.42 8.86 -8.65 -4.57 -9.43 6.09 -8.20 -9.82 9.44 2.76 -6.66 7.30 9.82 9.57 2.86 -9.27 5.04 1.83 -5.13 -4.22 0.98 -6.13 -3.12 -5.44 5.61 -4.98 9.93 4.86 -8.13 7.39 -0.10 3.79 1.03 -3.73 -0.14 -9.70 -1.72 6.41 8.32 4.74 -4.83 1.86 9.29 -4.71 4.89 2.63 -2.85 1.77 -1.69 8.45 8.84 0.04 6.76 6.64 -1.85 -2.10 -2.38 -0.39 -5.80 -5.71 -7.94 9.92 4.11 -2.64 4.51 -9.51 8.78 -3.10 -3.43 4.74 -0.17 -6.66 2.66 8.84 3.57 4.82 -5.69 8.11 8.23 -4.72 5.91 -2.12 -8.70 -2.59 -0.98 -8.21 -4.39 9.21 2.81 6.63 4.41 -5.26 5.56 -4.67 5.33 -6.75 0.87 6.57 0.66 -8.14 -4.42 -7.12 1.39 -8.01 5.37 3.05 -2.53 -4.22 2.30 1.77 6.03 -6.15 4.82 6.36 -4.58 -6.30 -2.24 2.29 1.39 0.02 -0.24 -9.99 8.62 6.00 -3.08 -3.48 1.19 -1.14 4.02 5.62 2.06 -6.41 5.37 2.01 -6.48 -1.80 -9.12 9.06 8.45 7.44 8.98 5.65 -9.13 0.71 -1.26 -1.38 7.76 -5.28 -2.48 -2.42 4.44 -8.82 9.50 -3.91 -3.83 -5.24 -4.96 3.85 9.65 -6.19 -6.52 -5.07 -1.03 -1.62 -2.67 -7.76 -9.80 4.37 0.11 1.80 -4.07 -8.37 8.07 -5.83 9.41 -2.50 4.97 -3.72 2.57 7.90 -9.17 -8.96 -0.44 -6.81 7.04 -3.13 -7.14 -1.95 -5.38 
-5.02 -3.97 3.14 -6.86 -2.85 -0.67 -5.70 -4.60 5.88 5.04 -7.90 -1.28 -0.30 -8.63 2.41 4.21 0.41 5.18 -8.86 -7.56 0.75 6.61 -4.37 -2.71 2.33 8.21 -1.74 5.95 -4.83 -0.64 2.15 7.86 -5.77 -3.66 -9.60 -8.81 7.57 3.66 8.10 -5.74 -1.65 8.10 -6.19 -4.30 1.60 -9.57 2.80 2.47 -2.81 4.21 0.87 0.04 -1.20 9.53 -5.26 -4.48 -7.97 -1.09 -7.47 5.01 -4.30 -5.30 2.66 7.25 -1.20 -6.37 -6.26 -1.51 7.47 3.59 6.49 -9.89 2.38 5.04 2.86 4.92 6.96 -0.54 2.56 -0.49 -8.11 -2.90 6.11 9.68 5.07 3.18 -8.77 -8.16 -8.45 5.76 -0.69 -2.33 -0.41 6.69 8.41 0.42 -1.97 -1.62 3.30 -4.06 7.80 5.99 -2.19 8.08 1.84 4.08 -8.46 3.00 1.73 9.98 6.91 5.34 -1.90 -0.66 -8.10 3.95 -0.85 -4.49 -3.55 -8.14 2.18 4.17 3.30 2.92 -7.78 1.71 -1.13 8.92 3.60 -5.65 2.45 8.99 -3.33 9.54 6.96 -4.99 -0.33 7.92 -1.21 -2.11 4.14 -4.61 -0.67 3.35 -0.10 0.09 2.41 8.74 -4.36 -8.06 -9.12 -4.19 -7.33 -0.58 -0.94 -5.39 -0.31 -7.06 -8.32 5.64 5.52 -6.97 -0.81 0.52 9.14 3.35 -0.98 7.34 -4.56 -7.86 1.02 3.19 -5.18 2.59 0.33 -1.71 6.80 -4.91 5.91 8.66 -8.57 0.18 -0.54 -6.41 -3.82 -5.69 8.34 8.69 8.21 9.42 -7.70 -3.52 -5.38 7.39 -6.60 0.58 -2.74 4.15 -1.58 3.81 
-9.08 0.80 1.23 -3.89 9.95 -9.74 7.66 4.73 -6.30 1.22 2.61 1.08 -9.95 7.96 -9.74 1.71 -7.34 5.70 -5.09 -8.30 4.83 4.85 4.82 6.88 -6.02 2.12 4.98 9.38 7.78 6.45 5.79 6.50 7.02 8.66 -2.79 7.00 3.08 2.89 -3.03 -2.62 -5.14 -7.84 6.59 5.74 -2.40 8.99 -3.01 -5.53 -8.93 4.56 6.12 9.63 6.11 5.49 0.77 -5.19 6.47 -4.26 2.74 6.74 9.98 -9.04 3.62 -2.78 7.20 9.09 4.26 -1.34 -3.08 7.06 -1.22 -3.65 7.16 4.91 -9.56 8.22 0.05 -5.63 -2.66 8.41 9.11 3.62 2.23 -5.74 6.79 3.07 6.34 -0.74 3.02 -3.27 7.62 3.06 8.06 -3.35 -0.61 3.10 8.59 -0.48 5.65 2.37 -7.48 5.53 3.84 6.52 8.97 -2.20 8.55 9.87 1.42 -0.47 -4.65 3.33 -4.33 2.30 9.82 4.97 4.17 -5.32 1.43 -7.96 -5.71 5.28 8.15 -2.70 4.33 -4.88 -9.26 4.62 -4.02 9.39 -0.92 6.84 -3.83 1.15 -5.55 -5.13 -9.44 -3.70 1.01 -2.61 -0.43 5.41 9.34 3.40 6.26 0.09 -9.07 3.43 8.37 -2.24 -3.46 -5.55 -6.80 -5.22 -6.73 -2.35 9.20 6.10 8.62 -0.51 0.70 3.57 -4.83 -4.90 9.89 6.21 6.88 -4.10 7.27 5.27 8.53 -0.49 7.15 -7.72 3.70 -1.56 -5.23 -4.14 -0.82 -8.08 -9.14 -3.07 8.89 -8.78 3.50 6.86 8.71 0.63 1.89 7.72 -5.81 4.18 4.50 5.80 7.74 5.14 8.91 6.45 4.94 2.84 
1.02 -3.99 2.92 -1.18 5.56 -8.80 1.20 2.77 6.36 -2.11 -6.93 -3.28 1.40 -9.71 2.37 9.87 -5.83 1.43 5.51 4.33 7.32 -9.63 8.48 -5.03 3.92 -4.25 1.46 5.97 -9.86 6.20 5.39 -2.36 -0.61 -2.67 -8.00 1.84 4.09 9.51 5.36 1.64 4.83 3.49 -1.00 -4.34 -0.61 6.24 -6.19 -4.37 5.14 -2.36 4.83 -4.00 4.95 8.53 3.58 -3.84 -1.83 -6.63 -7.36 -9.79 -8.07 -1.33 -4.66 -5.99 9.95 -1.92 3.85 -9.97 -2.55 7.22 -6.04 4.28 1.18 8.65 1.50 9.25 5.43 1.81 -8.14 4.70 -6.59 0.12 0.38 5.51 5.38 -4.28 5.89 1.95 -4.07 1.76 1.14 1.71 -4.76 8.35 3.87 -3.18 -3.97 -3.04 8.95 0.47 -4.67 1.72 8.46 -3.10 -3.75 -9.82 5.88 9.15 -5.72 1.51 -3.77 -2.54 -4.89 1.57 4.31 -0.65 0.15 -3.29 6.01 -9.86 -5.41 -3.44 7.51 -4.14 -9.44 2.83 3.08 8.29 -6.66 9.69 1.35 2.66 0.31 2.33 -9.05 -7.52 7.24 0.18 -7.16 8.52 -4.30 8.25 2.38 -2.14 -9.82 -6.79 -6.11 -4.45 -5.53 -7.35 7.98 7.64 -8.94 -8.43 -1.53 1.74 -9.92 6.90 -6.77 -3.02 1.22 -2.10 4.90 -4.68 -2.12 -4.69 4.76 -7.36 -3.68 -4.95 -7.12 -1.39 -2.79 -7.41 -5.18 5.22 -7.29 -6.59 1.05 -8.91 -1.44 -8.46 7.65 -1.49 -7.90 3.87 -2.22 -8.91 5.75 4.00 8.93 4.76 7.98 -0.31 8.55 -1.41 1.04 7.48 4.54 -5.09 
-5.75 -4.90 -5.74 7.78 -9.48 -7.12 8.92 1.46 9.16 7.36 3.50 6.68 -0.95 1.43 4.53 -3.76 -3.11 1.93 -5.12 9.15 -6.03 8.27 5.68 -5.33 -1.07 0.27 -4.42 0.72 3.85 -5.78 -0.04 9.81 7.05 -8.01 -5.75 8.96 2.85 6.55 -9.08 -5.12 -1.53 -5.36 4.11 -8.15 8.04 -7.24 -0.70 -4.31 -8.94 -3.01 -5.74 -9.13 8.31 -3.03 6.28 4.22 -3.06 9.31 9.75 -2.30 -4.14 -4.53 -2.16 -8.11 -6.95 -8.26 6.77 -9.20 -2.99 0.56 9.95 -1.35 -6.76 8.80 1.04 7.57 -2.95 -8.01 2.05 -6.73 5.93 -2.14 8.57 -3.21 0.94 -6.92 3.90 -6.26 -2.12 4.36 -9.29 2.62 6.01 1.34 0.62 4.59 -0.59 6.03 3.62 -9.15 -2.37 2.92 7.31 -4.01 7.49 4.61 1.03 2.16 -3.17 5.76 -4.19 -4.57 4.74 6.72 6.11 -4.20 -8.60 8.23 9.30 0.73 6.33 -1.96 8.34 2.37 -2.04 1.42 5.51 -8.93 4.76 2.38 2.12 -7.03 -6.01 -9.80 6.19 -6.07 7.43 -6.96 3.96 -2.18 -6.15 -9.76 1.68 2.30 -6.24 1.59 6.61 -8.34 -9.54 -7.38 1.08 -1.16 -3.31 -2.18 5.89 2.24 -4.83 -5.46 4.31 -2.22 2.94 -2.19 3.20 3.13 -0.31 8.65 -0.38 3.58 -9.25 3.75 9.40 -4.37 4.44 -6.53 -3.54 -0.22 -9.04 2.31 3.57 0.50 6.45 -1.98 6.76 -2.91 7.03 -6.56 3.33 3.99 -5.03 6.04 2.68 -3.48 -0.21 -5.39 5.66 -0.50 -3.29 9.30 0.66 -9.90 
6.04 9.69 5.30 -4.21 -8.43 8.30 -4.40 7.60 -6.72 0.70 -9.83 -5.45 -4.31 -2.56 0.81 -8.80 -8.35 -7.09 1.04 2.99 -3.56 -0.63 -3.63 9.52 2.12 6.36 -6.79 -8.67 8.29 8.89 8.34 -8.64 1.57 -8.90 -7.59 -4.66 -9.43 3.65 -3.13 3.63 -7.29 7.30 -4.92 7.76 -6.89 -9.55 -4.89 -6.07 8.40 0.18 -5.06 -6.39 -0.94 -7.39 1.60 2.55 -5.88 -2.91 -5.83 6.10 2.42 6.41 -2.35 0.87 -0.42 -1.21 7.93 4.21 8.70 -2.24 -7.70 7.92 -4.25 -0.84 -5.37 5.16 7.47 -4.13 2.05 -9.14 -5.21 7.76 0.61 -6.19 6.82 -5.31 -3.66 3.61 5.36 3.10 2.68 -1.06 -1.36 -1.50 -5.07 -1.60 -5.98 2.66 8.58 7.39 5.49 -8.77 -3.79 -3.71 8.51 0.31 -6.75 7.79 5.23 -4.33 7.81 -8.66 -4.88 9.94 -3.20 -4.01 -3.58 5.07 1.67 6.36 3.92 9.10 -4.20 2.52 -2.03 6.30 -0.85 7.47 9.84 -9.81 -6.98 -5.21 0.30 5.36 -8.18 8.70 -7.60 -1.51 7.07 6.81 -7.92 -6.40 1.46 8.57 3.15 5.25 -2.54 5.59 -0.08 -7.37 -7.90 -8.71 0.63 -1.90 1.16 -8.35 -7.90 -3.00 -3.86 -9.24 -7.66 4.58 -5.05 9.22 -9.47 5.35 -5.87 -6.42 -5.49 -7.22 9.63 6.71 0.52 -6.28 0.67 -8.61 1.47 5.63 -2.08 4.24 3.64 -7.93 -3.43 1.36 1.96 7.05 -6.68 -0.19 -3.86 -2.33 2.70 -8.28 2.66 -2.55 0.88 -7.62 -1.59 2.58 -0.55 -4.78 
-5.72 -5.16 2.60 -5.70 -7.87 2.41 5.42 3.34 -7.12 2.89 -0.22 4.11 3.16 3.02 3.82 8.84 -2.25 -6.75 -4.15 3.46 5.20 7.68 5.96 -5.59 9.21 3.03 9.22 3.19 -3.53 8.80 6.52 9.43 -5.44 -0.49 6.39 8.22 -3.04 -2.67 -9.13 -3.35 8.73 -0.23 -5.22 6.09 -4.40 -7.97 -4.35 -5.65 -2.20 -2.11 6.10 -3.85 3.51 -2.86 4.51 -6.26 -4.53 -0.37 1.42 8.36 -9.15 7.70 -3.06 0.98 6.95 -8.42 4.43 -6.11 8.63 -9.32 -1.78 -4.02 7.75 0.10 -9.81 -7.16 1.53 9.00 -6.42 1.14 -6.67 -5.26 5.34 6.19 -1.21 -9.62 -1.06 -7.09 6.45 9.74 6.85 9.33 -8.63 -2.75 7.08 -4.65 -1.28 -9.02 -1.99 7.40 -3.48 -1.24 -1.80 3.25 -2.48 3.32 -7.24 -2.35 6.77 4.03 2.52 -8.48 0.05 7.90 8.72 -0.10 3.31 -1.51 -3.27 8.66 -4.62 2.00 6.88 -6.67 -4.83 8.56 2.18 8.81 5.06 4.79 -6.22 3.26 4.40 -6.74 -3.21 -2.51 -6.90 3.37 -9.89 2.11 0.97 3.20 -3.61 9.64 -4.33 -9.45 0.85 7.85 4.76 -6.55 -8.58 -5.15 7.38 4.90 -8.27 1.19 8.58 6.59 1.47 -7.28 5.00 -9.08 -6.38 4.35 4.83 4.12 -6.85 -0.87 2.60 2.10 -0.84 -7.85 -0.99 -9.68 0.71 2.29 1.62 -8.90 1.85 8.52 5.43 6.26 -2.92 -2.06 -7.29 -7.13 -1.48 5.09 0.72 -6.04 -5.38 -1.40 5.64 -1.21 4.35 2.24 -6.33 -3.21 -4.00 7.49 
-9.97 9.14 9.18 -4.01 9.22 5.72 3.93 -5.66 -8.36 6.24 1.09 -3.17 -3.54 2.64 -1.36 9.80 -3.83 7.29 -7.80 -3.01 -4.20 0.98 -6.76 -1.66 -2.42 -6.96 -9.53 3.02 8.39 8.41 -6.21 -9.88 7.08 6.13 2.38 -4.80 6.56 -8.37 2.38 3.56 6.87 3.60 1.53 4.08 3.97 -3.73 -8.16 -9.72 -8.64 5.29 7.74 -1.98 -3.47 4.19 7.45 6.60 -2.27 -9.65 -2.92 4.35 7.58 2.08 9.15 6.31 -0.13 -2.01 9.50 -8.29 -6.43 -0.57 0.33 5.59 -1.56 9.93 -0.35 -8.19 3.65 5.29 0.06 0.03 0.35 7.59 -9.87 -8.29 3.91 -0.36 -2.47 -2.75 7.74 9.02 3.96 8.87 3.47 -8.90 2.14 6.87 -0.11 -4.03 -7.85 -3.18 -4.91 0.78 -1.89 -6.43 -3.77 8.12 4.28 5.26 5.39 -3.16 -9.59 -5.27 1.56 -7.27 -6.01 -4.05 6.94 1.96 -8.83 -5.46 6.02 -4.78 -3.30 -8.93 8.03 -1.10 -5.78 -3.17 0.01 -6.24 -0.99 -1.26 -8.31 4.85 -7.41 7.96 -0.59 5.65 5.80 5.86 5.00 -5.56 7.03 5.81 -2.28 -1.28 7.40 -5.39 -9.31 5.51 -9.65 9.43 5.83 8.56 7.32 -2.15 -7.32 -6.19 -2.76 3.66 1.38 -4.08 0.81 5.71 -8.58 -9.33 -2.14 -1.15 9.26 -8.74 2.93 7.39 -1.85 0.63 4.03 7.62 -3.08 4.02 5.33 9.92 1.05 3.75 0.98 -0.12 -2.35 -7.17 -3.34 -7.98 6.45 -0.01 -8.20 -3.94 -3.88 2.58 -8.32 -8.74 -1.45 -6.44 7.54 4.25 
3.33 -5.55 2.32 1.32 -8.57 1.83 -1.90 -7.27 -8.06 8.26 2.73 7.44 0.98 8.82 1.72 -4.52 0.25 2.07 5.09 -2.45 -3.76 -2.38 -1.74 -2.40 1.58 7.71 -4.86 6.00 -1.73 -2.74 2.77 -0.94 -9.46 4.10 5.10 -7.38 -5.86 -8.83 4.09 -5.75 -7.15 7.40 5.48 -4.97 -6.95 -5.19 6.26 -8.00 4.52 9.01 6.95 6.98 0.47 8.20 3.50 3.53 -2.77 2.62 -7.28 -3.96 -7.62 3.89 8.52 -8.80 3.55 6.64 4.14 -4.78 3.84 0.68 -6.06 -6.07 -3.40 -7.82 -3.72 2.23 5.52 -7.17 9.00 7.76 7.46 -8.60 -1.82 5.00 -4.04 -2.82 -3.34 -0.54 -9.41 -4.21 1.16 2.11 7.66 -9.68 -2.77 -0.01 7.08 -4.56 -4.17 8.64 -6.89 5.59 -7.44 1.38 3.09 -0.55 4.59 2.14 -4.90 -5.87 5.55 -3.36 -4.06 1.65 -0.25 -0.23 -5.08 -1.16 9.76 -0.06 3.73 -6.50 -5.99 8.15 -0.31 1.12 -7.04 -0.63 -2.04 2.90 -9.11 1.03 5.85 1.93 3.94 4.26 -0.60 -9.81 -4.83 -7.88 1.53 -2.11 4.10 8.29 7.12 -1.67 -0.96 6.08 -9.99 1.56 -1.78 5.14 7.54 0.34 -8.16 -6.65 -3.72 9.08 6.97 9.16 -8.12 3.94 -0.75 -7.63 -0.08 -9.83 -5.60 8.92 -6.51 -0.99 -3.53 -3.02 5.81 -1.34 4.21 8.99 2.38 6.52 -3.07 7.19 5.17 -7.15 6.83 -0.74 -9.17 -9.20 0.16 -6.94 -4.71 1.17 -6.57 2.40 2.19 -4.31 -8.03 -8.08 -7.83 -2.88 -5.64 -6.49 
3.86 -0.26 -6.41 7.52 -1.86 2.79 -8.24 1.07 8.72 1.68 -1.56 6.88 -3.88 -5.98 1.46 7.08 4.36 9.14 -2.76 -5.87 -3.89 -4.38 -6.76 -6.66 9.58 -2.11 -4.76 -1.75 7.83 6.82 8.03 8.89 -9.48 -7.07 2.96 5.67 -1.72 0.53 -6.55 -4.57 6.35 2.46 -9.06 1.26 7.64 1.15 -8.15 6.24 3.14 -7.94 -0.17 6.07 7.20 0.87 3.87 -8.96 -4.72 -5.42 2.35 2.21 -4.81 -2.27 -8.32 -5.07 8.72 6.60 -3.06 5.98 -2.53 6.98 3.25 2.16 7.15 9.75 2.77 -7.04 5.29 4.36 -4.28 -6.13 -2.52 -0.19 4.93 -1.03 -6.82 6.43 -1.98 -1.28 -3.19 -9.93 9.94 -9.60 1.38 -2.71 2.93 -9.66 -4.51 -5.44 -5.23 1.14 -4.50 -7.88 -2.47 -1.72 -4.78 -9.22 1.28 4.71 9.84 -9.43 9.37 5.53 7.01 7.40 8.90 8.36 -7.11 -3.56 -0.26 7.71 8.94 -9.80 -6.95 8.23 -3.29 9.15 -2.85 8.85 4.77 -4.07 -2.06 0.13 0.05 -0.41 4.13 -1.08 -6.38 8.78 6.76 -3.08 9.91 1.73 -8.95 -5.32 3.66 -6.63 6.81 -0.50 -4.93 6.20 -4.69 -3.63 9.72 -8.48 -3.56 0.89 4.96 4.76 -8.72 -4.67 -9.65 1.99 1.79 9.27 -5.03 2.49 -0.50 5.63 5.83 8.59 0.11 -4.45 -1.49 6.79 -2.10 4.19 -6.78 -1.04 4.33 -2.65 0.30 1.75 -3.33 -4.41 8.80 -4.97 -0.37 -0.34 9.78 -8.59 -3.28 -7.47 -6.46 4.95 -2.29 -6.94 0.37 9.01 6.17 -2.37 
-2.87 2.46 -7.23 8.94 9.75 2.44 -7.25 6.62 -3.70 -5.15 0.66 -5.54 -0.28 7.75 -1.28 -0.51 -0.43 -7.65 8.13 4.56 3.17 9.24 -3.92 9.94 -5.17 -0.70 -2.48 -8.15 -6.81 -1.55 -4.23 -3.69 1.24 1.56 1.68 9.76 8.84 6.83 -1.88 -0.84 1.05 3.72 -8.62 -1.91 -2.87 -9.57 9.83 8.99 -8.89 -4.44 1.99 -8.86 -0.28 -7.54 -7.31 6.42 -6.52 -9.29 2.71 -8.82 -4.27 8.27 -1.09 -9.13 -6.41 9.02 1.89 -4.50 9.05 5.84 2.47 -4.75 5.84 -1.09 9.33 6.64 -8.69 -3.63 -6.73 -9.20 -7.65 -6.31 -4.46 -3.30 4.48 -3.92 -0.60 -1.03 1.75 0.77 -4.71 -2.14 -0.67 -2.24 -1.57 -9.38 -7.23 -3.97 6.06 3.86 -7.64 -6.64 -3.75 -1.46 4.89 -9.03 4.86 7.39 8.92 -5.72 -0.41 9.02 -2.32 -6.91 3.68 6.29 8.86 -3.78 1.21 -4.35 -9.57 8.85 8.26 6.61 -9.13 9.78 -6.12 -2.14 3.75 0.51 -2.12 -9.70 2.33 -7.39 4.69 -5.50 0.43 8.95 -3.26 -9.46 6.52 -9.15 9.49 -4.19 4.40 1.07 1.22 2.75 6.88 2.23 2.68 8.42 7.17 -7.08 6.12 -3.33 -4.00 0.48 5.62 9.79 -2.15 -6.70 -9.52 4.99 8.81 4.75 -8.57 2.34 1.08 -0.61 -8.09 -9.07 3.69 6.08 -2.73 6.21 -3.37 -1.00 5.60 -2.67 5.43 -2.34 -4.39 -2.41 -6.74 6.01 4.17 -3.24 6.16 -4.82 -0.36 6.86 2.46 0.71 -4.23 -9.19 9.37 -8.35 9.69 7.62 
-9.30 -8.46 7.59 -4.29 -2.63 9.95 1.43 -2.72 -5.49 0.82 -9.66 -3.81 5.96 -9.16 -1.36 -0.61 0.30 6.29 -1.85 2.93 -1.81 -2.50 0.87 0.36 3.39 0.22 2.80 -3.33 -4.99 -3.27 5.79 2.05 -2.10 -5.86 -5.44 7.96 7.90 1.19 7.93 -1.56 -2.98 -6.50 3.80 8.52 -9.60 0.27 -2.37 8.28 3.82 -4.29 -8.08 5.85 6.89 8.27 -4.86 -5.71 7.33 9.05 5.63 0.93 -9.39 -4.11 -2.28 -0.27 -4.64 8.22 0.45 4.39 -1.26 4.90 -2.83 3.52 -7.37 0.47 -7.21 0.10 -8.47 -9.72 9.45 -6.68 -1.40 5.43 9.72 -8.86 9.85 5.87 -3.52 -1.30 -5.34 -0.92 6.36 -6.96 -0.16 4.68 -6.09 7.50 0.08 -0.98 -9.40 -6.77 3.26 0.90 1.62 5.07 0.82 -3.80 -8.60 6.07 6.78 -4.49 -8.77 -6.58 8.57 -3.97 -3.99 7.22 7.26 -5.26 -9.09 -2.01 1.11 -4.29 -7.72 -7.35 8.97 3.93 -0.12 -1.45 -0.39 9.37 -3.66 1.10 1.02 -5.53 4.50 -5.13 -1.09 4.28 -6.85 -2.42 -6.47 -2.03 4.01 -0.88 -3.74 2.57 9.08 -1.96 5.36 3.36 -0.33 -5.85 -3.79 6.31 -7.57 -2.73 1.53 0.92 -3.33 -5.48 0.35 2.56 -5.77 -9.12 -3.88 8.92 5.61 8.45 -8.61 1.92 -4.37 -3.69 2.48 1.29 9.89 -6.24 -1.91 6.14 2.69 -0.95 -7.29 -7.75 1.85 4.80 6.12 -8.44 -0.23 -1.94 -6.53 4.02 1.42 -8.33 -9.26 -5.99 -0.55 -0.84 -0.83 2.51 -2.64 3.13 
-0.59 6.30 -6.25 8.67 8.56 -2.62 -9.79 -6.98 -2.22 -6.49 8.57 -0.09 6.37 8.73 7.19 -6.12 9.64 -6.14 8.06 6.74 -4.37 3.53 -4.41 1.78 8.82 6.45 -7.92 8.93 -2.11 -6.75 -1.70 5.52 -9.60 8.61 -3.46 9.95 -5.88 2.39 -1.04 -0.06 9.02 1.75 -3.20 9.71 2.58 3.59 5.99 -1.45 4.11 -3.59 -2.39 4.67 2.80 9.19 0.67 2.57 -5.01 9.28 4.46 9.75 -7.04 2.26 -4.54 8.55 -8.46 1.80 -4.02 -8.39 0.19 4.34 -7.09 4.25 -3.27 7.91 0.02 4.10 -8.51 9.49 6.18 -6.48 0.61 -3.52 -1.66 7.10 3.99 -2.60 -8.97 -3.77 3.70 -6.18 6.92 0.36 -6.96 -7.76 -8.17 -7.83 -6.67 -2.03 -7.31 1.50 -7.30 -3.00 3.90 -7.17 3.39 -3.89 -9.58 -0.34 -8.85 1.28 -8.78 6.70 2.07 3.12 -9.13 2.33 2.25 -8.32 1.18 1.37 3.55 4.38 8.53 8.31 8.59 -4.87 2.36 7.08 1.58 -0.18 3.75 -0.08 4.35 -5.67 6.48 1.32 -6.92 7.14 -9.67 7.63 5.34 3.25 -5.43 -2.01 7.30 -3.78 6.31 -6.59 6.49 -9.70 4.35 1.83 8.81 8.03 8.78 1.46 7.85 -6.75 3.72 -6.81 2.22 9.54 8.23 -1.58 1.47 -0.18 -4.26 8.15 6.69 -7.40 -2.67 6.55 3.92 6.71 -4.43 3.46 -9.17 -1.30 7.59 -8.27 3.84 7.68 4.99 -3.98 -4.95 4.78 -6.81 -5.13 -8.89 -0.36 -2.09 -5.14 -5.23 -1.93 1.51 8.22 -8.10 5.69 6.56 9.27 
-9.81 1.15 -2.36 -7.84 8.23 -6.65 4.75 -1.20 2.57 -1.54 5.07 1.63 -2.63 -1.45 -5.44 5.60 -8.30 8.94 -2.93 -9.25 -8.85 6.50 -9.45 -1.40 5.83 -4.00 1.37 9.84 -5.77 -2.18 -9.68 1.07 3.49 6.98 3.98 9.17 0.68 -4.32 -3.62 5.03 0.23 -9.62 -8.17 1.91 -2.48 -0.61 -4.33 -4.38 -2.77 2.83 4.41 -4.47 -1.70 5.12 -1.80 -9.12 -8.86 4.45 -6.59 -4.71 -3.77 9.20 2.98 5.40 9.09 -5.54 -6.12 1.10 -8.52 9.69 3.29 -7.40 0.71 -2.90 9.33 6.23 5.41 -7.93 1.42 3.32 6.63 -2.41 -5.15 -2.03 4.97 -0.27 -8.70 3.93 -1.83 -0.39 9.27 9.67 -9.36 -1.45 0.79 3.60 -1.15 -2.99 -9.58 0.00 -5.48 2.56 -1.11 7.08 5.50 -6.84 2.29 9.33 7.36 -2.29 5.25 -5.74 8.75 5.40 -7.04 4.90 0.64 -6.31 -0.64 5.82 0.15 5.02 2.75 1.87 0.76 -2.55 1.95 -7.07 -5.58 -0.07 -2.08 -2.97 4.90 -2.52 4.81 9.87 -6.98 -3.50 0.99 1.69 -2.24 6.77 2.03 7.34 -2.93 0.99 -8.67 -6.45 5.89 -9.44 2.07 -0.78 6.04 -9.14 2.52 -0.68 -1.32 -0.25 -4.39 2.70 -1.31 -4.23 5.67 7.92 -6.53 8.98 8.39 9.91 -2.32 9.39 6.00 -7.82 8.49 -1.29 7.00 9.28 7.65 2.98 5.21 9.02 7.00 -6.70 -6.01 3.05 -6.66 6.05 -2.46 6.77 6.26 -3.13 3.13 -5.39 2.72 6.26 0.95 2.86 5.38 1.51 7.64 -7.67 
-5.00 9.20 -3.56 -1.71 1.10 2.43 3.05 -1.73 9.27 1.83 -9.55 -6.98 8.16 0.35 -7.10 3.05 9.83 2.21 4.01 -0.45 0.01 8.83 9.69 -0.43 2.86 0.36 -1.96 5.03 -6.66 -8.30 -7.76 7.09 1.36 1.18 -3.77 -3.78 -1.82 -3.90 -2.71 -6.01 -2.35 -0.93 -5.81 4.56 5.54 -1.08 -9.71 4.90 3.74 -3.27 8.05 -0.16 8.75 9.35 -0.75 6.66 8.29 -9.46 1.24 6.97 -4.23 8.81 8.06 2.45 -1.73 -8.14 -2.83 3.96 -5.64 6.86 -6.15 -1.07 -7.64 -0.72 2.97 3.30 -8.12 9.83 9.11 6.91 1.30 2.50 -8.00 4.74 3.42 -0.81 -1.19 -0.89 5.58 -1.85 2.56 6.03 8.18 -5.84 8.48 -5.42 -4.36 -4.31 -9.07 5.03 7.71 -5.25 -2.14 -1.47 -3.19 9.75 3.15 -9.54 -2.12 9.75 -0.09 -5.91 -7.02 -1.08 0.19 6.63 5.75 -5.74 9.64 -7.20 -1.11 -2.00 8.28 -9.81 -2.95 -9.23 -3.28 -1.55 -0.39 0.82 1.78 -5.26 3.33 4.49 1.65 0.66 1.07 -1.42 4.50 -3.37 -4.26 -8.53 3.92 0.74 -0.99 9.08 -6.70 -4.57 5.92 9.59 1.67 -7.53 3.25 6.74 -7.02 3.79 3.62 -5.44 5.07 -3.02 4.74 4.81 9.75 -6.69 -6.75 2.49 -6.76 6.10 2.61 2.66 9.64 4.17 5.53 0.63 2.76 6.54 -5.80 -9.50 4.35 0.88 -2.63 -6.18 7.86 6.14 0.67 1.70 1.44 -0.43 -0.96 6.45 2.43 -0.32 -0.97 -6.79 -9.30 -2.17 -4.00 1.69 -4.43 -1.11 
9.79 2.62 4.34 1.54 0.26 -5.37 3.85 -6.68 -7.72 -3.82 -1.57 -5.48 -7.94 3.66 -6.85 3.50 1.96 -1.70 2.01 -2.67 -7.09 -4.58 -1.50 -2.31 -8.84 -7.71 -9.53 6.21 -2.24 -0.18 -1.15 6.55 2.10 0.28 -7.44 -9.13 9.27 3.08 8.81 4.39 -4.37 -0.86 3.30 -6.38 -6.27 -3.90 -3.50 -5.30 -7.86 -1.67 4.24 -4.34 -0.16 -7.48 8.29 -5.90 7.99 -6.94 0.09 0.26 -5.66 -4.78 -2.86 9.10 5.25 -8.70 9.75 1.44 -3.49 4.97 5.92 6.36 -2.30 -2.15 -3.62 -4.44 4.93 7.25 8.58 -4.54 -7.97 0.21 9.97 -2.01 -1.60 2.51 -8.14 -0.10 5.51 7.85 -3.55 -0.25 -5.05 -3.94 0.25 -3.48 8.81 -4.37 3.19 0.03 2.88 9.82 7.23 -2.47 1.84 0.51 1.66 4.15 -1.03 5.50 1.10 -8.84 -1.44 6.23 1.25 -6.66 -0.48 -4.40 -7.26 5.12 7.29 0.84 -9.58 -5.11 -8.07 0.66 -6.58 -9.92 -6.78 -0.16 2.85 -7.26 1.34 -2.29 8.44 7.22 -9.48 8.24 1.44 9.98 4.97 -0.84 0.65 9.74 -9.80 -9.39 -2.31 -3.73 2.72 2.71 -7.09 -4.10 -9.01 8.12 -0.59 -9.75 -8.96 4.31 8.98 0.39 -2.93 3.26 -8.20 5.78 -8.87 -2.15 9.06 -0.51 5.77 7.16 -0.99 -7.74 8.19 9.87 -9.66 -9.87 6.73 -1.85 3.86 7.64 7.82 4.13 7.36 2.44 5.19 1.23 4.81 0.27 8.40 2.68 2.39 4.05 -5.30 -2.03 -5.42 4.93 -8.58 -5.96 3.10 -4.82 
0.22 -9.88 2.71 -0.93 7.40 9.58 -0.70 3.74 -0.61 1.97 -7.67 -0.42 9.64 7.19 8.06 -9.46 5.56 4.12 4.24 -1.43 -2.83 9.93 -6.98 3.32 -1.74 -9.69 5.54 2.71 5.81 3.94 -3.82 2.20 -8.65 -9.88 -6.77 -5.13 7.40 -6.49 2.97 8.41 -9.23 -2.31 -7.91 6.12 5.28 1.62 -1.70 -6.72 -8.45 -3.33 3.90 -8.63 7.69 -7.65 1.10 2.99 -0.57 -0.97 -8.46 -1.35 0.96 -0.76 -6.84 -8.46 -2.73 -4.91 3.45 4.37 6.50 9.72 7.52 7.04 1.42 -1.39 0.68 -2.47 2.51 9.63 7.27 -4.69 6.06 -1.90 4.10 4.98 0.61 8.20 7.37 -0.65 -3.33 2.24 0.69 -5.01 -1.39 -6.85 3.36 -8.74 2.85 -2.13 2.92 -2.19 -3.70 2.12 4.42 -1.31 0.65 -4.23 1.74 -5.22 7.94 -5.70 5.24 3.05 -0.99 -5.57 8.09 -4.00 -6.80 -8.46 3.34 -5.39 -0.66 -3.64 -4.31 6.81 -1.55 -1.70 -9.52 -7.85 -6.69 -1.95 -4.81 6.41 9.86 3.76 -1.20 -1.56 -1.18 -7.22 4.14 -9.34 -8.30 -6.94 -0.07 -4.37 -7.66 0.69 -0.96 -7.56 -5.97 -0.35 -1.22 -4.75 6.84 8.02 2.21 -9.45 -4.24 -3.09 -4.08 4.22 -7.67 -4.69 -9.12 4.85 -1.15 -5.88 3.16 0.01 -9.13 -4.55 7.16 8.79 9.50 6.37 1.65 4.71 -9.17 2.09 5.60 2.01 -2.40 7.67 4.50 5.86 -5.77 -1.41 -0.99 -4.00 -5.61 3.37 2.04 -8.67 2.86 8.44 5.93 8.11 9.42 8.09 2.61 0.90 
3.56 9.65 -6.69 3.41 -8.66 8.98 6.96 6.07 -2.66 6.78 5.18 -7.62 0.33 2.17 8.17 -2.96 -3.01 9.90 -7.39 -8.35 -0.59 2.76 4.48 2.94 9.74 5.01 -8.81 -9.79 -7.58 -4.44 8.38 -8.71 5.85 -7.35 0.59 -9.51 0.67 -8.24 4.66 -0.97 0.65 9.20 8.02 -3.23 7.20 5.40 0.04 -5.95 3.24 3.13 -2.59 1.93 -9.01 6.02 -9.91 -7.66 6.11 9.43 1.11 -4.56 7.67 -9.53 8.43 6.77 9.61 5.05 9.73 -1.35 0.12 4.89 -2.25 1.80 -7.66 -6.38 0.47 2.35 3.47 -3.19 -4.72 6.27 -6.94 4.56 -6.21 -4.99 -4.25 -1.51 2.53 -3.61 0.89 -8.36 -8.41 -3.57 9.20 -8.31 4.23 3.64 -6.32 -0.87 9.17 2.10 -6.65 6.23 3.13 -8.52 -7.63 5.60 6.45 -5.91 -8.75 0.48 -3.04 -2.95 2.76 -5.90 3.82 4.02 0.21 -0.15 6.94 -9.79 -0.67 -6.19 -8.98 4.71 -7.12 -0.66 1.17 -2.85 -0.78 6.80 -2.72 -5.22 -4.17 5.12 3.62 -8.64 -6.17 -9.22 -8.92 -8.17 8.81 2.98 5.76 -0.32 -7.80 6.47 5.98 -6.88 6.31 -4.34 -2.87 6.94 -9.14 -2.48 2.95 -5.75 1.73 -0.18 8.26 -6.54 -5.09 -8.92 7.98 8.03 8.91 -3.33 4.39 -8.32 -2.40 -1.14 2.36 2.01 -1.85 2.87 -5.89 -8.71 2.48 -3.83 7.96 -4.49 6.15 7.60 -5.31 1.55 -9.87 5.01 -5.76 -2.00 -3.04 -5.14 8.03 -5.08 -3.90 9.01 2.36 4.76 6.43 -0.59 0.61 -3.40 
-0.06 -2.18 -8.30 -5.67 9.30 6.27 -0.12 -5.54 9.79 8.97 -9.03 -4.79 4.52 -7.06 -2.72 -8.37 5.32 1.78 3.88 1.66 -8.31 -0.48 -3.07 -0.80 -7.82 4.14 -3.97 9.38 9.98 7.91 5.32 4.60 -5.81 -7.01 1.88 7.42 4.88 0.64 1.84 2.37 0.66 -4.62 1.40 6.94 -6.34 -4.28 -7.11 -9.10 7.41 3.95 -2.89 -6.26 -2.73 7.81 -5.02 -9.58 -1.54 -9.79 -9.76 4.43 -2.83 -6.30 0.89 -3.24 6.93 -3.14 -7.63 2.44 -4.75 -7.40 -0.49 4.72 5.86 -2.16 8.53 7.60 1.44 3.80 2.89 -7.71 -9.96 -1.78 -2.92 6.85 -7.83 6.26 -1.72 -7.54 -0.09 -2.42 -7.45 -2.34 2.93 -0.30 8.66 -2.98 -8.39 7.82 -1.02 -0.17 9.76 -2.65 2.48 2.36 -8.88 2.88 -6.56 6.43 8.80 -2.39 -6.64 -8.90 -3.04 -6.85 4.21 0.99 0.53 9.01 5.59 -6.03 -6.22 -5.34 -1.91 7.59 3.19 -4.27 4.51 -1.87 -4.69 -4.04 5.99 8.98 -6.33 -6.60 -7.89 4.36 1.19 -1.54 -2.67 -5.23 0.05 4.21 6.95 -1.63 -4.62 0.44 -1.27 -7.54 -6.40 1.19 7.93 -6.32 -4.65 5.78 -4.84 1.63 -8.40 -1.03 -3.82 6.51 -1.71 -0.95 9.28 3.40 -3.28 -7.79 9.05 -8.24 2.82 -3.81 -3.52 -7.54 1.83 -7.96 -9.48 -0.75 -8.79 -3.79 8.29 -1.61 5.73 -9.00 -5.11 -7.84 1.06 -0.66 5.28 3.22 0.77 1.62 -0.78 -8.82 3.43 -1.58 -3.25 2.90 -0.65 9.19 -7.19 9.84 
-6.32 5.03 -9.53 -9.47 -4.35 -6.89 -7.94 -8.88 2.88 -3.06 5.79 -2.32 9.19 -4.97 3.44 -1.06 -4.23 -1.53 -2.65 -9.10 1.84 5.44 -1.26 -0.17 -9.31 -4.20 -9.92 1.72 6.45 -1.89 3.34 9.52 -9.44 7.87 -5.22 -7.65 -6.97 -9.81 -0.05 -3.76 -5.25 -6.34 9.81 3.75 4.44 4.69 -6.33 -8.38 1.65 5.92 6.72 6.62 9.22 3.79 0.02 3.90 -7.38 7.34 -3.84 -7.36 -9.59 -8.55 -1.24 -4.21 9.05 -6.62 6.12 -4.02 9.73 2.24 -0.49 -6.77 -2.58 3.51 4.32 -7.94 7.31 -9.56 -4.84 -6.19 -6.81 -3.60 8.38 -0.53 8.96 0.01 1.65 1.78 2.73 8.74 0.39 9.39 -2.76 6.42 2.44 -5.80 -0.94 7.86 -1.50 3.63 -1.16 4.34 -5.60 2.14 -9.03 -1.73 -4.55 7.64 6.25 -8.68 -9.99 -5.61 -3.72 -8.36 -5.72 -9.86 7.89 -9.05 9.40 4.40 -0.12 -9.42 3.46 -8.59 -2.36 7.53 5.19 8.13 -5.96 -2.40 8.60 -5.17 -0.57 5.58 -5.92 -2.64 9.74 -1.49 0.01 4.08 -2.82 7.06 7.22 -7.96 -4.28 -8.08 -0.72 5.79 7.35 1.36 -7.91 8.78 6.97 -1.38 -2.70 -6.21 2.51 0.32 9.07 0.75 -1.58 7.57 -4.23 -5.39 4.38 6.02 -3.25 7.05 -7.67 -6.21 -6.96 -1.51 7.62 -6.17 3.13 -9.33 7.17 9.07 -6.36 -5.37 4.86 -2.50 6.11 -3.17 8.39 -4.60 2.84 4.86 3.69 8.56 -3.54 8.89 9.65 -0.77 -3.96 -5.79 -1.01 -3.49 -9.08 -8.93 
8.85 -7.47 -1.85 -1.44 0.70 0.00 9.76 1.66 -0.17 3.98 -1.86 2.86 -9.06 -8.66 -3.07 -6.45 6.41 -3.00 -7.32 2.54 -5.39 -2.31 -1.65 -6.97 -3.51 -3.29 2.59 0.15 -8.05 -5.65 -7.25 -4.34 -6.76 6.42 4.58 8.04 -0.83 -6.75 9.01 -8.87 -0.92 -0.84 7.24 -3.04 0.52 6.56 8.81 -1.69 -9.94 -4.86 -1.14 4.76 -4.58 -6.82 -9.02 -1.46 3.76 -4.36 -5.62 3.62 4.57 5.53 9.64 -8.23 6.99 9.31 2.74 6.68 -6.08 1.08 -4.33 7.16 -2.17 -8.37 9.84 -3.45 7.33 -3.23 -7.31 7.91 -9.21 -0.14 -8.97 -2.47 2.58 5.01 -5.78 -3.84 4.22 -4.52 5.00 4.69 5.39 9.82 6.13 -1.50 -1.52 4.87 -6.22 9.88 7.31 2.57 -4.77 1.17 0.22 9.13 0.87 -4.13 -4.66 -4.10 -0.34 -2.78 -9.15 9.20 1.85 -8.47 -3.41 8.39 4.91 3.04 5.88 -3.96 -7.38 -9.22 1.18 9.25 -6.03 0.91 -5.86 -9.01 6.57 6.44 1.70 8.62 -5.82 9.37 -5.28 7.99 -5.92 -3.32 6.56 -5.83 -0.98 4.91 -6.45 -5.61 1.65 -1.44 0.90 5.62 8.93 -9.60 -5.48 -0.49 -1.98 2.66 -6.75 -6.89 -3.92 -7.57 4.24 -0.40 2.90 -2.22 -3.43 7.65 0.44 6.55 4.11 -7.69 2.87 -3.88 4.75 -6.36 -2.96 2.76 5.89 8.36 -5.31 2.92 8.25 9.38 -2.70 9.02 9.51 3.32 -1.11 3.45 1.83 -5.29 5.99 -9.90 -4.05 -8.16 9.64 -0.97 5.98 7.05 -9.43 1.98 
8.35 -0.67 -4.04 1.00 1.14 -6.60 -4.75 -7.30 9.25 2.77 -8.35 5.17 -9.34 -8.24 -9.70 1.56 5.83 -5.45 -5.17 -1.37 7.45 5.20 -3.62 -7.93 5.84 -4.87 -8.30 5.95 -0.02 -4.00 7.36 -6.22 -5.80 -0.84 3.72 -6.62 -2.13 5.21 -2.31 0.79 -1.09 -7.81 1.55 -0.71 2.04 -4.21 -7.39 5.31 -0.73 8.70 -4.82 6.88 5.13 7.16 1.80 2.55 2.08 3.54 5.16 8.78 9.96 -0.31 -7.42 -1.32 -7.53 -2.05 -3.29 -6.74 -4.26 6.27 1.84 -0.24 6.41 -2.94 -0.88 -2.01 -6.60 2.07 -9.10 -9.98 3.84 -8.64 -0.25 8.19 4.27 3.62 -9.39 -5.69 -5.00 -2.59 0.38 -0.18 0.69 1.74 -4.01 3.13 2.79 -8.38 6.87 -0.68 8.50 0.54 2.08 -6.66 9.19 -4.03 1.63 -9.98 2.20 -9.99 1.42 4.77 5.22 6.14 1.83 5.44 -3.56 6.48 -0.12 -9.42 4.27 9.86 5.62 7.40 5.38 -8.28 -8.21 6.77 -1.00 5.58 4.88 -2.10 -3.48 -9.46 1.56 -7.52 -6.53 8.27 8.01 5.59 -5.18 -3.53 -7.95 -9.71 6.44 -7.04 -8.40 -2.92 1.17 -2.50 3.57 -3.57 0.78 4.46 -7.85 -1.78 -8.48 3.85 3.91 -0.38 0.51 -7.85 0.51 -3.00 3.23 -6.00 1.49 1.08 1.50 2.72 -8.41 -0.92 9.76 4.09 8.53 4.84 0.16 -2.71 -9.27 -4.91 5.92 7.20 -6.22 4.53 0.67 -9.61 4.69 -1.08 3.51 -4.79 4.53 -9.43 2.31 -1.77 8.62 4.42 1.79 -9.43 5.91 0.27 
-5.59 6.47 0.73 5.16 -2.90 8.64 7.87 9.72 9.56 7.39 -6.20 4.51 4.02 -0.49 -4.36 -4.95 -2.57 -9.10 -2.64 -0.61 6.03 -8.43 -7.82 4.41 -5.90 -0.95 0.33 8.18 -8.64 -5.97 9.82 6.98 7.66 -1.05 0.32 8.43 -6.38 -7.36 -3.99 3.18 1.16 2.54 -0.59 9.27 -8.61 -7.38 -8.51 -2.67 3.53 -0.62 1.41 6.90 3.64 -2.59 -2.36 -9.56 3.17 3.84 -2.96 -1.38 -1.95 7.70 8.14 -6.42 -6.89 -7.06 6.44 3.66 6.76 -0.60 -0.17 -7.96 -1.63 -0.42 4.92 -0.94 -1.61 4.76 4.35 -4.60 -9.56 -5.57 -4.43 7.55 3.62 -2.14 8.71 0.70 -0.01 1.11 -1.13 7.85 8.37 2.05 -8.57 -3.81 3.76 0.45 -4.02 -7.51 -5.63 8.50 -7.21 0.94 -4.11 -7.84 1.90 0.34 -8.06 1.07 1.91 4.44 8.92 3.35 -6.27 -9.07 -1.92 3.16 -5.52 2.70 -8.62 -8.96 -1.73 -4.18 -7.49 0.04 -2.55 9.54 -8.21 -4.93 -1.77 -3.47 3.68 6.46 -9.39 3.09 3.77 -4.13 4.04 8.08 -9.24 -2.99 4.41 -9.70 1.34 -8.45 -5.87 -3.80 9.84 3.06 7.19 -0.70 0.38 -8.64 -0.09 7.16 0.41 0.63 4.00 -3.74 -4.09 -0.44 2.02 0.24 4.63 7.75 9.87 -1.79 8.01 -7.04 9.94 -6.44 -6.69 9.08 -8.76 -9.01 -7.66 8.46 2.10 3.31 -9.74 -7.14 0.44 2.03 3.52 5.46 6.11 -7.60 8.34 5.51 7.64 8.22 1.62 -2.81 4.78 7.47 8.26 3.90 7.17 5.54 
9.70 9.11 4.47 -1.92 4.53 4.84 3.16 -7.04 7.12 1.09 -9.79 -7.34 -2.89 5.65 6.14 -4.73 -4.13 9.26 -6.19 7.35 1.30 -3.93 8.41 -8.98 -7.50 6.73 6.11 -1.89 8.93 -3.89 3.72 -4.16 2.32 -2.29 3.21 -6.13 -1.88 -2.41 -4.26 -8.77 -8.11 7.22 4.40 7.81 7.77 -4.53 -5.38 7.83 8.10 1.30 -4.02 1.39 -3.85 -2.48 2.25 -6.69 -2.17 1.31 4.97 -3.03 6.47 1.39 -9.86 9.47 -1.90 -5.89 -5.51 8.93 2.05 -2.81 -2.46 0.89 6.45 -8.40 9.11 -0.84 2.75 3.71 -5.84 3.11 0.10 4.23 -5.94 -9.33 -1.76 -4.32 -4.17 -0.22 -0.90 0.50 8.13 5.00 8.39 2.84 -7.15 9.98 -0.75 -9.81 -8.93 -9.21 8.63 7.99 3.66 -9.16 -4.25 -8.45 2.05 -1.98 -0.46 -1.66 -1.35 2.77 9.83 -8.33 1.24 2.41 6.71 0.56 6.48 7.31 7.91 8.02 -3.05 -7.51 8.95 -8.24 8.41 -5.23 7.54 -4.10 -8.77 -5.87 4.11 -3.37 1.25 7.71 -0.18 1.37 9.86 0.65 4.73 3.15 -4.36 8.94 0.45 -4.00 7.66 -6.93 -9.07 -0.70 -6.44 3.73 2.55 -3.26 -9.05 -1.68 7.08 -9.93 -5.23 -7.91 2.18 9.41 7.21 -7.88 5.49 -0.50 -4.85 -8.32 8.31 5.81 -4.43 -0.18 4.03 5.69 -9.03 -7.93 -2.50 9.05 9.40 6.09 9.04 3.99 8.96 5.79 9.15 6.55 3.28 -4.15 -2.93 -7.27 8.13 -5.25 3.23 0.99 -9.64 -9.40 5.27 -6.81 3.38 0.81 
-4.85 -5.90 2.16 6.01 -3.32 8.95 -4.03 -5.49 -2.11 -0.80 -5.60 -2.17 4.32 -8.22 -2.75 -2.05 -3.64 -2.76 9.21 -5.32 -5.29 -4.94 4.67 -6.93 -9.86 3.91 -0.53 3.72 -4.16 6.23 1.04 8.26 -8.97 -6.84 -4.30 -0.92 -6.11 0.76 6.95 -4.46 -4.84 8.59 -4.15 -8.36 -0.04 3.74 7.06 -4.81 -6.14 -3.92 3.83 3.37 5.58 3.08 4.04 2.93 -0.07 5.43 5.60 -1.68 2.36 9.63 -2.45 1.95 5.52 2.97 0.66 -9.43 5.63 2.93 -8.69 2.26 -6.84 -7.93 2.80 -5.02 3.45 -1.55 4.92 0.84 2.80 9.44 -4.30 -5.68 -4.45 -9.80 4.52 0.64 -8.37 4.00 8.79 -1.20 1.50 0.76 3.57 -3.18 -9.61 -9.36 8.93 2.23 -1.98 2.54 -3.34 -5.65 6.50 -7.16 2.70 -8.27 -3.13 3.84 1.76 -7.26 -4.14 -8.43 -7.49 9.07 -1.09 -9.84 5.43 -0.74 1.08 -2.05 2.78 -6.26 7.40 -3.13 4.52 -8.39 6.80 -9.02 -2.06 -4.59 8.33 -4.04 4.93 4.89 -0.96 -6.83 -4.77 -8.74 -9.34 9.60 4.19 5.96 5.51 1.84 3.91 -6.93 -5.61 -6.02 3.76 -1.65 8.79 8.71 -6.28 -0.00 3.15 5.48 0.07 -2.20 -6.39 9.56 5.35 -8.25 1.40 5.83 5.65 7.97 4.81 1.28 -4.63 -1.13 3.90 -9.84 -3.83 7.71 -8.07 5.83 8.26 -2.58 4.02 -7.11 -9.59 7.29 -3.83 6.25 0.74 5.09 7.93 5.52 -3.93 9.81 9.79 -3.54 -4.48 -0.49 -9.23 -5.47 9.54 -7.28 
4.13 4.53 -7.21 -1.95 1.67 7.94 -5.41 -4.38 -9.72 -8.19 -3.48 4.36 -9.95 -2.53 5.18 -0.34 -8.93 5.39 -8.95 9.82 -0.73 3.52 7.33 9.68 -6.53 -6.53 8.70 0.50 8.03 -4.74 2.40 8.83 -1.04 -1.33 7.48 -7.21 3.41 7.65 6.72 -9.10 6.86 5.96 -2.45 7.72 -0.23 4.76 -7.93 -4.26 -6.23 -3.58 -1.03 6.91 4.06 6.95 0.85 -1.29 6.01 -0.90 6.74 -9.37 -3.52 -4.08 6.06 -3.18 5.49 -1.75 -6.74 6.31 6.57 0.84 9.94 -9.64 1.36 9.66 -9.55 9.50 5.39 -8.24 0.61 -6.31 3.63 -7.14 -8.79 -6.61 7.96 -6.95 -4.56 -1.72 4.56 -3.12 -8.04 1.84 9.31 9.44 -2.10 9.16 1.45 5.18 -0.77 2.70 -3.25 -7.03 -4.03 8.86 -2.47 8.57 9.98 -4.67 -2.62 2.70 6.71 8.27 -5.80 -7.05 1.44 0.48 -2.16 -3.32 -8.88 -6.30 3.65 -7.00 7.38 6.13 -2.74 5.87 -8.90 9.70 -8.97 -8.06 -5.11 -1.28 -9.69 3.82 -8.00 3.70 -8.61 -5.60 5.68 -6.45 7.63 8.55 -0.55 9.21 -3.99 8.75 -6.27 -5.21 6.14 -7.70 -9.46 6.65 1.90 1.10 -5.91 4.69 8.08 -4.03 3.48 -3.46 1.51 3.63 8.65 5.12 4.75 -2.06 1.85 6.32 5.49 -5.69 -9.38 -1.23 5.58 1.17 -9.08 -7.63 -2.67 8.24 1.55 0.29 6.67 9.03 -2.63 1.70 8.44 -4.97 2.09 2.46 -3.84 4.55 0.57 8.67 7.91 8.55 2.53 -2.27 7.45 -2.26 7.24 2.15 
4.84 -6.56 -6.39 6.51 4.65 2.83 9.35 -8.45 1.25 2.95 6.94 7.65 -8.75 -3.25 1.26 -6.08 8.85 6.96 -0.26 -8.42 -4.21 3.75 2.14 4.98 -7.85 -7.25 4.30 5.28 3.02 0.94 6.05 7.24 2.04 -3.07 0.83 -5.72 4.73 -0.01 -3.23 7.27 7.72 -1.62 3.16 0.01 -7.64 -1.28 -5.66 -7.90 8.24 1.52 -8.15 2.98 6.66 6.46 1.25 6.78 -7.63 8.06 -2.09 -5.40 1.35 8.89 6.28 -5.63 -5.39 -0.18 7.96 -5.74 2.28 -3.58 9.15 -4.03 0.87 8.52 -0.17 -2.87 2.51 -3.24 -1.20 -0.21 -0.84 7.62 0.55 5.44 9.46 2.72 6.69 8.56 -8.45 -4.99 2.25 -2.71 0.46 -3.28 -5.17 2.61 -5.43 -4.32 -4.40 -0.42 8.85 -2.72 -1.99 1.87 -1.49 1.29 -9.67 -9.90 1.55 -9.40 -6.04 5.65 -0.55 -3.68 9.08 -8.89 7.73 1.13 -5.58 6.80 -3.90 -8.91 -6.53 -4.72 1.05 7.04 -2.48 4.66 3.08 0.12 -0.70 6.76 9.64 -0.46 -8.67 -9.70 7.90 -0.89 1.70 4.97 4.14 0.37 -4.30 9.00 -2.57 -2.14 -2.01 -8.29 6.20 -7.82 7.11 7.20 -0.04 2.87 -5.03 3.10 0.20 -1.93 -6.75 -8.73 -6.66 -9.60 7.89 5.13 -8.60 3.31 7.75 2.95 5.86 6.59 0.04 7.58 0.98 9.48 0.63 -1.25 2.27 -0.34 -0.06 -8.66 4.26 6.97 -6.51 -7.90 -1.62 -1.88 -8.38 2.39 -2.87 -2.44 6.40 4.69 1.65 0.13 0.65 6.48 -3.06 9.94 -3.05 -0.64 
4.78 -4.92 -6.80 2.80 7.02 5.74 -5.03 3.84 -9.60 4.32 7.32 8.10 -5.45 3.90 -9.31 -9.33 2.26 -0.87 -0.20 3.59 -8.16 4.30 -6.47 9.75 1.58 -0.76 4.06 9.36 -6.57 -5.01 -6.72 1.80 3.77 4.56 -4.58 -0.23 4.11 -8.27 -9.23 1.45 4.58 4.36 -9.35 8.73 1.51 4.13 -0.37 -1.16 5.58 -9.99 -8.09 -4.95 -9.55 7.36 -5.86 -2.30 -2.07 -4.57 6.34 9.25 3.25 -9.09 -5.83 0.75 -7.65 -0.54 0.33 -9.66 -5.31 9.39 8.10 -1.37 9.86 6.74 -3.72 -4.04 1.17 -9.45 0.98 6.35 -0.96 9.94 9.00 -7.64 3.89 7.85 6.21 -7.22 -8.13 -9.05 1.99 -5.02 9.84 -7.03 8.91 8.89 -2.10 -6.68 9.73 -4.18 0.01 2.76 -0.33 -4.93 1.27 9.51 3.85 7.08 -1.08 -4.30 2.24 1.88 2.91 8.80 5.62 -8.02 0.49 4.95 -3.33 6.23 -5.04 -4.86 -9.77 2.39 9.43 -8.23 2.24 7.27 8.86 7.18 4.92 -4.35 8.53 -4.64 -1.06 2.71 5.28 3.78 1.20 9.74 8.91 1.75 6.37 -1.31 7.12 -1.89 -7.47 -8.37 0.08 -0.74 -5.60 4.41 4.86 -3.08 -8.10 8.98 -1.67 -4.60 -8.49 -2.39 -1.28 -1.12 -2.57 -3.98 -4.78 -2.54 -9.57 5.02 4.61 1.30 -3.60 -3.61 -6.99 0.06 9.66 7.43 4.64 0.26 -0.17 7.47 6.45 5.85 9.44 1.50 3.16 -1.82 3.33 6.56 0.85 0.35 -4.33 -5.91 -2.39 -1.74 -5.00 4.75 4.15 -6.33 2.68 6.69 
-8.72 8.74 -0.67 -4.26 -9.50 -3.18 0.99 -3.21 -8.25 9.67 9.30 7.57 7.79 -6.19 -6.97 4.07 -4.37 7.94 -6.91 -1.22 4.92 -3.55 2.24 2.14 1.97 -7.28 -8.90 5.90 8.65 9.46 -1.07 -4.50 0.82 8.00 9.44 8.55 9.53 -4.39 4.91 3.49 -8.73 -0.95 6.60 -6.50 -1.94 7.24 -7.23 -0.37 3.16 -6.73 -3.21 2.77 -4.06 9.67 2.15 8.02 9.05 9.89 -4.86 -6.62 -1.47 -0.02 3.55 0.52 7.70 2.13 -9.39 -1.92 2.30 -9.31 -6.42 6.20 3.48 -6.62 1.45 -0.54 8.20 -9.43 -7.58 7.09 -3.78 -1.84 8.81 -0.16 2.32 -8.18 4.24 8.40 1.33 -6.35 1.00 -6.32 4.62 -3.93 7.32 1.04 -9.11 9.82 9.52 5.24 -5.64 5.93 5.88 -8.69 -8.22 -5.41 9.78 -2.57 -8.34 -4.80 -2.44 2.42 8.01 2.44 0.20 6.99 -8.70 9.99 3.25 0.97 4.35 3.54 0.75 3.10 -2.97 -1.68 -6.60 0.91 -8.08 8.26 6.77 -4.87 7.71 -3.23 1.73 9.38 -0.82 2.44 4.65 8.35 -3.67 2.52 -0.14 -4.81 -1.91 9.80 -3.48 -7.26 6.29 -2.38 -3.41 -2.30 -9.60 -5.55 -1.22 8.36 -1.24 8.45 -9.49 -1.16 8.54 -0.11 -0.01 5.41 8.89 -0.56 9.92 2.90 -9.99 -8.59 1.11 -6.37 -9.02 1.10 1.58 -0.01 0.70 6.87 9.28 -1.02 3.97 -8.28 -7.25 5.90 9.58 -5.96 -3.86 8.46 7.25 7.46 4.39 -5.34 0.33 -3.49 -8.29 -5.63 -7.29 2.52 8.72 -2.60 
-9.34 3.80 7.00 -2.50 6.41 -3.39 -8.81 -0.91 0.41 -8.98 -2.80 -0.93 -0.59 1.55 0.09 4.80 2.53 -9.10 -1.60 8.96 5.45 8.76 8.12 9.24 -8.85 -0.67 5.47 -9.10 -9.92 -1.46 6.52 4.04 1.70 4.81 0.76 -7.86 1.59 5.61 -5.33 -6.78 -7.59 -7.84 1.55 7.54 2.28 1.07 4.85 -7.93 -5.42 -7.12 -6.52 7.68 -5.03 -5.27 7.55 -3.47 -3.08 -1.98 -2.90 -0.50 -9.35 8.13 5.50 4.44 -1.84 -5.05 0.48 -4.94 5.09 0.36 8.92 -7.84 0.35 9.63 8.27 -7.84 1.85 -9.76 -1.79 4.74 -2.88 3.69 5.84 7.34 -7.72 -3.56 -4.65 -0.94 -1.17 5.69 -0.23 3.83 9.55 -6.42 8.13 3.03 8.10 4.13 3.78 -1.10 -2.28 -4.77 1.46 9.47 1.25 -4.05 -0.59 5.34 -0.41 4.83 -3.21 -2.56 0.76 5.11 -3.39 -2.77 7.09 -6.15 -8.42 -6.23 8.77 9.32 8.32 6.13 0.10 -7.28 -9.09 5.45 8.24 4.85 -5.62 -6.20 -2.51 1.58 -3.59 1.91 9.49 9.82 -9.30 6.22 -8.93 6.41 1.61 -4.08 5.09 -3.33 8.12 0.76 1.59 -3.93 5.98 7.78 -2.39 -5.71 6.69 -0.97 1.14 5.87 3.02 5.82 9.88 1.26 6.19 3.57 6.17 -0.28 0.56 0.34 -2.88 -4.52 8.58 3.22 6.66 8.02 6.53 -6.08 -2.51 3.99 1.41 -5.51 9.11 -6.42 -5.90 -7.95 -1.51 -2.93 1.35 9.64 -9.83 7.89 1.83 -1.83 3.99 -6.89 -5.17 7.42 4.23 6.36 1.13 -6.49 
5.75 -3.26 0.11 8.10 -5.31 -6.55 -2.10 -1.90 -7.64 2.80 4.55 8.67 3.53 8.96 5.58 -0.30 3.97 -3.29 -4.62 7.73 -6.42 5.24 9.01 -9.39 -9.80 -5.68 8.20 0.78 -1.06 -6.14 -7.83 -5.76 -6.45 -3.58 5.36 4.38 1.36 -7.78 1.11 -4.25 9.87 -5.16 1.24 0.95 1.69 -4.69 9.79 -7.79 7.73 5.65 -5.91 -5.96 -9.73 -2.19 5.41 -7.53 -4.79 4.75 8.54 3.02 -0.58 -9.19 -7.22 -3.72 -0.55 6.91 0.71 -2.88 7.63 8.34 -0.16 -5.77 0.63 -1.08 -7.35 -4.20 -4.22 0.15 4.96 4.57 6.11 0.84 2.62 -9.01 0.14 -3.80 -8.10 8.40 5.89 -9.32 -2.29 -6.36 8.31 -0.75 0.87 -3.68 -7.18 2.70 7.80 8.94 -4.64 5.12 -8.31 3.40 -6.44 -7.45 -1.57 -1.74 9.44 6.37 -7.98 6.49 9.53 -9.84 -0.57 9.40 5.91 -5.49 -8.50 -7.37 -2.94 7.49 8.32 -8.09 -8.10 -6.85 -7.28 0.84 9.69 -6.52 8.73 -1.74 -2.54 4.30 1.01 4.55 -1.09 -5.99 3.48 4.52 6.46 6.84 -9.24 2.46 4.39 2.95 7.57 2.70 3.00 -2.93 -0.68 -9.14 -7.91 2.79 3.71 6.10 -6.41 4.72 -9.86 -1.71 -8.00 -3.29 -3.59 -0.28 -7.97 -6.57 5.52 2.62 -1.90 3.17 1.70 -3.32 2.70 5.74 -0.55 -5.61 0.01 5.17 0.21 9.17 -3.25 5.54 -1.50 4.99 -4.73 3.36 -4.38 7.27 4.70 -6.90 -7.36 3.81 2.57 -2.64 3.02 -7.00 -8.97 -7.20 -0.29 2.69 
4.66 6.16 8.94 -0.81 -2.08 -0.86 -8.62 4.76 -2.24 -8.94 9.68 -2.19 8.09 -3.07 5.94 2.51 1.32 -3.65 -7.51 -2.61 -3.97 7.83 6.36 -7.84 -7.50 -0.52 -6.51 1.90 -6.62 7.05 6.54 6.42 -6.43 -5.12 -7.59 -2.84 9.76 -6.33 2.07 3.03 -8.03 -3.89 -5.15 0.77 6.06 -5.50 -7.71 7.99 4.95 -4.88 -6.27 -3.75 1.26 2.95 2.33 9.82 2.73 -0.37 -6.18 -4.44 1.73 -7.33 0.82 -0.19 0.83 3.46 -5.06 -0.42 -0.23 -8.73 -7.89 0.48 6.44 5.53 7.73 -6.13 -1.34 -4.09 -8.83 6.97 -1.22 -0.63 8.29 -0.73 -0.94 -0.04 -6.59 -9.87 7.05 2.36 1.34 8.58 8.70 2.47 9.86 -3.86 -9.05 -2.12 -0.41 9.09 1.08 0.45 -5.39 -2.45 7.41 -4.11 3.03 6.48 -8.82 -2.22 1.28 6.10 0.42 -5.27 6.92 5.61 -6.44 -8.69 9.44 8.81 6.20 9.76 -3.21 5.58 -6.86 -4.13 6.30 5.48 -5.84 -5.53 -4.59 -8.58 3.74 -2.10 -6.79 -8.17 3.60 -9.53 7.20 7.43 -8.08 -0.74 3.34 -5.80 -0.21 6.44 -4.46 -5.03 -1.66 4.33 -9.33 6.13 -4.64 9.78 -5.85 2.80 -0.64 -4.38 3.36 2.14 5.55 8.16 -0.12 9.19 9.61 -3.31 3.29 -2.25 -1.40 9.70 -5.67 -8.21 8.97 -9.76 -8.85 1.06 4.17 -2.60 0.56 0.37 -8.49 -5.38 -1.78 -7.70 -7.45 9.33 4.14 -6.81 -4.13 -9.49 3.99 6.43 -9.53 -2.22 1.34 -1.13 4.33 -4.59 -9.63 -1.81 
4.88 5.66 1.03 9.56 -2.23 -8.96 3.74 1.47 -0.18 -7.63 2.53 -7.69 2.03 -7.39 7.65 -8.75 -9.44 -2.60 -6.09 4.76 9.65 -7.95 6.85 6.57 -1.87 -9.61 -2.12 -3.34 2.86 -0.78 0.27 -5.50 -9.46 0.28 -7.54 -2.84 2.46 0.58 -8.23 6.46 3.94 0.30 8.37 -0.38 8.92 -9.55 -7.67 6.26 -8.16 4.59 -3.63 -0.61 9.94 -8.48 -9.62 -5.16 -6.92 -7.71 -3.62 5.31 5.43 -9.99 -7.29 -3.32 -2.31 3.28 -0.41 6.58 -0.59 6.61 3.92 5.74 -7.56 -8.65 4.00 5.56 -1.28 -2.37 -7.34 -5.46 3.17 -1.09 8.02 6.23 2.99 8.29 6.30 -9.42 -3.89 -4.00 9.35 -7.22 0.41 6.29 7.80 1.97 4.51 5.77 2.77 8.77 -1.97 9.12 -9.86 9.60 1.56 7.16 -5.25 8.06 6.07 -1.87 -3.46 3.53 7.24 9.21 7.91 -5.45 6.44 5.75 9.13 -4.22 -8.10 -3.08 -5.60 -1.25 -7.07 8.17 9.15 -6.06 1.21 -1.64 -8.97 3.66 -5.99 -6.85 2.41 -4.50 2.89 -4.41 -5.60 1.81 -1.61 -2.62 -2.95 -4.70 0.06 4.14 -5.97 4.41 -9.90 2.41 6.30 -7.70 2.25 -8.11 4.58 -8.23 -7.26 -8.78 6.11 -1.60 7.44 -7.33 1.07 5.40 -2.56 1.65 0.80 2.44 2.15 0.33 -4.25 -0.72 1.49 4.05 -8.22 -1.31 -6.44 3.77 3.00 1.86 -4.51 -8.37 -6.19 -8.30 -4.42 -7.14 8.63 6.21 -6.53 -2.09 2.99 1.22 -9.91 4.59 3.82 9.53 8.85 8.13 3.35 6.65 
4.42 -6.42 -4.64 2.57 -9.13 -8.79 2.24 5.62 9.01 -2.38 7.74 6.56 -3.05 7.84 3.74 6.63 3.49 -1.74 -7.21 8.95 -3.39 9.77 -2.98 -5.46 -7.66 -9.12 -9.25 -3.71 -2.97 -4.70 -5.48 5.64 8.74 -0.94 6.44 1.74 0.81 -5.16 -0.47 8.68 5.06 -3.26 9.09 2.55 0.76 -9.27 0.76 2.50 -7.00 -9.73 2.50 2.54 -3.98 -3.99 -8.85 3.91 1.94 -5.08 4.49 -7.33 -5.44 7.26 7.67 -9.46 -7.67 1.33 -1.68 -7.45 -1.15 -8.86 -5.54 3.92 -3.74 9.16 9.73 -8.53 -0.31 -1.38 -2.68 -9.64 5.37 -3.50 -2.84 -7.89 -8.42 6.95 1.52 8.26 -5.86 -0.39 -0.85 -8.74 0.50 7.26 8.93 -9.41 3.38 -6.38 8.43 0.07 -4.05 -5.16 -7.73 9.67 -0.79 8.97 -3.79 -4.02 -4.75 2.16 -2.58 6.27 4.71 1.17 4.86 8.89 7.36 -7.96 -4.27 -4.04 -2.25 7.37 0.82 -8.81 -4.67 -7.20 7.21 -4.67 -5.01 7.08 -3.44 5.70 0.27 9.85 -7.98 -8.07 -0.46 2.21 -2.64 -7.20 1.27 3.51 9.71 6.81 2.96 8.38 5.32 -0.49 2.12 -8.81 -1.70 7.07 8.58 -3.02 -8.96 -9.90 0.08 0.15 -4.03 -9.90 8.87 -1.72 5.47 -1.87 6.10 -7.86 0.62 -7.30 -4.11 9.21 -8.60 -6.67 -3.17 4.18 -3.80 -9.01 -8.22 -9.48 3.46 3.49 8.84 -3.55 -5.61 -2.60 3.31 6.69 -6.77 -8.34 1.43 -6.17 2.06 -0.27 6.56 -8.50 -5.76 2.44 3.59 1.59 8.48 9.21 
-9.24 5.94 0.65 -4.60 9.56 -2.64 5.34 9.55 4.79 -5.56 0.10 -8.95 -0.94 -0.52 1.72 1.00 9.51 1.65 -2.30 4.82 -6.38 -4.14 9.75 -2.94 7.23 -9.73 4.35 -0.76 -6.87 6.66 3.06 2.83 -9.99 4.75 -7.53 2.24 3.19 -2.47 1.35 8.59 5.12 -6.53 -6.50 8.89 -1.90 7.03 1.43 -1.60 8.23 8.73 -7.62 0.25 7.42 5.98 7.63 2.49 -0.31 -9.61 6.96 3.34 -5.40 -7.07 0.84 0.96 -2.30 0.33 -4.95 -6.02 -1.04 1.14 -6.17 5.75 -6.22 6.72 -1.83 -5.67 -2.43 6.70 -7.66 -5.54 -5.12 -4.25 9.73 -3.37 8.38 8.58 8.62 0.78 3.45 8.80 -7.23 6.73 -8.80 -4.12 0.26 -4.74 -3.21 -3.72 -7.21 -7.66 -9.20 2.93 9.90 -0.06 0.98 -6.40 9.59 9.15 8.71 0.04 1.61 9.64 7.92 6.51 -2.30 -7.00 9.22 5.17 -9.47 -5.56 8.27 6.69 4.28 -4.75 6.10 -9.81 -6.03 -7.97 -8.97 -5.20 4.65 -8.28 -6.47 5.00 4.41 -9.96 -5.11 -9.80 2.67 -4.91 -6.84 6.43 9.57 -4.72 2.06 -6.16 -5.16 -6.04 -6.75 9.10 -3.17 1.14 -5.50 1.71 2.56 -7.01 8.78 -6.80 -6.32 7.38 -8.50 -0.15 -8.39 9.42 -3.20 -9.77 7.03 -6.83 -0.13 4.29 1.32 -9.50 5.30 2.99 9.29 -8.94 -5.50 -9.55 1.80 6.50 -5.19 3.97 5.37 -6.10 0.81 -8.38 3.67 5.33 -6.09 -2.93 4.41 5.92 6.65 3.95 -3.78 5.94 -1.80 5.34 9.53 -4.77 
1.46 -8.92 -8.92 7.34 -9.58 -8.14 -4.63 -2.45 -7.31 -1.86 8.02 -3.06 -0.33 9.64 -4.11 1.07 -8.80 -7.20 9.95 -3.69 7.56 -7.61 0.38 -2.57 7.09 -4.04 -8.69 4.32 -5.49 6.08 2.82 7.91 -5.25 -6.30 8.95 1.11 2.71 -8.24 6.64 -7.28 1.45 3.94 0.95 9.97 2.32 8.73 -4.46 -1.13 -4.71 2.55 -7.72 4.65 5.49 7.38 -2.52 3.54 1.06 9.68 -5.63 -1.19 -5.65 2.64 7.85 8.26 -3.71 1.81 -2.80 1.29 2.24 9.18 -9.36 5.87 3.30 -3.61 4.29 -7.31 2.60 5.52 9.90 -1.06 5.51 -3.77 6.49 -1.80 0.97 -5.26 -1.77 -0.84 -4.08 9.08 9.27 -6.71 -0.29 0.74 9.11 -4.82 2.45 -5.16 2.56 8.05 2.81 -4.12 4.89 -7.72 -4.47 -4.11 9.89 -5.63 -7.62 -0.25 0.55 -7.13 7.47 1.77 -9.78 9.82 -9.77 -0.52 -7.22 7.64 -6.47 -7.82 -1.58 6.75 3.66 5.48 -3.33 -1.23 1.76 -2.60 -0.87 7.92 4.02 3.79 7.19 6.33 9.52 -6.27 1.07 9.20 -3.13 -4.04 1.88 7.32 -2.61 -9.70 9.05 8.85 8.63 -6.29 -4.78 -5.74 -2.35 6.84 -6.08 -2.91 8.12 -4.67 -9.49 -2.72 4.72 -8.23 -0.45 6.91 6.72 4.00 -7.92 -0.86 -4.68 -2.82 9.84 -8.99 -6.57 9.08 -3.88 -3.72 -9.52 3.76 7.92 -1.88 -0.54 -6.43 3.09 -3.40 1.03 -9.84 6.22 -3.92 -3.48 6.30 -7.18 -9.26 9.84 -9.90 8.79 -6.92 -3.01 4.01 0.94 -9.29 
8.28 3.44 7.56 7.00 -0.19 -8.00 1.27 6.33 5.30 -7.34 -7.89 7.34 3.33 1.03 -0.93 4.18 5.98 4.10 -2.20 -8.80 -4.33 -4.28 2.54 -0.39 0.25 5.29 8.45 0.67 -9.12 -4.50 -4.13 -0.75 -2.97 0.90 5.44 5.03 -2.13 -5.83 -8.96 -8.56 -3.01 1.53 -6.95 -7.53 9.40 -9.35 -1.51 5.92 -8.26 -0.15 -9.61 8.49 -4.80 -2.84 -3.35 6.99 -9.94 3.97 -7.89 3.92 7.39 9.47 -0.96 -7.98 -6.59 7.55 -3.90 5.48 -4.64 2.55 -6.92 -0.52 -1.91 7.55 8.82 4.92 -0.91 5.44 7.22 -8.64 -3.90 1.64 -8.23 -7.54 7.34 -6.01 0.52 -6.88 -8.72 -3.13 5.39 -3.22 -1.36 -3.73 5.84 -1.92 6.22 -7.41 8.13 1.36 10.00 7.56 0.18 3.26 0.09 -3.35 -0.07 1.61 -0.25 2.72 -5.19 5.11 1.22 -0.62 9.83 4.05 3.57 8.24 -2.50 -5.55 6.37 7.24 8.54 2.78 -5.29 1.73 -8.91 1.92 2.84 9.48 -5.44 -6.32 9.21 -2.07 7.53 1.70 -0.01 1.09 -2.92 8.54 7.60 2.10 -1.44 -8.98 -6.58 4.36 -6.55 9.23 -4.71 -7.02 0.48 2.13 8.41 -9.40 -1.05 1.56 7.41 8.65 7.98 7.74 -1.54 4.34 -0.81 7.23 2.55 -8.75 -4.48 -9.16 -3.04 -8.41 0.60 -7.12 -0.22 5.46 7.11 1.38 1.32 -2.32 -3.61 8.85 2.69 2.63 -7.84 -0.84 6.09 -8.76 -4.09 2.84 -8.21 -9.82 2.18 -9.97 2.28 -0.64 5.57 -5.33 -0.46 -3.83 7.02 7.75 
5.02 7.35 2.45 -5.63 -8.21 8.97 -0.51 -2.29 9.36 -2.41 8.92 -0.09 -1.05 3.48 0.41 -7.93 4.86 4.23 -3.94 5.23 6.17 -5.52 -6.89 -3.12 -2.50 -1.08 -1.88 -5.45 -0.43 6.24 -1.11 4.20 -6.76 -8.95 -5.91 -3.17 -6.34 3.63 1.36 -7.17 -7.43 -7.77 -2.05 -7.79 7.19 -7.51 1.39 8.92 2.75 -2.25 -5.11 -2.22 -7.44 -3.79 0.28 1.78 4.67 7.29 -3.88 -3.30 -3.03 7.07 -6.18 7.20 -6.73 -9.34 0.78 -1.32 3.57 2.49 3.72 -6.64 2.33 8.70 1.27 2.07 -2.11 -0.45 4.35 -7.08 -2.75 -5.09 4.47 -9.96 8.48 2.07 -6.91 -7.78 8.91 -1.70 -1.57 4.36 5.51 -9.57 0.23 6.76 7.89 -8.78 4.29 9.10 -2.75 -7.51 -2.47 -0.08 -9.07 3.75 2.38 -0.12 -0.84 0.12 8.82 4.28 1.83 7.84 -2.48 6.05 -8.22 5.91 7.98 -6.65 8.39 -0.70 -1.63 0.88 -1.77 -5.20 9.61 -2.77 -8.32 -7.04 7.91 -3.09 6.30 2.96 3.31 -7.74 4.54 -3.71 -8.94 -7.20 -6.70 -5.48 -9.91 7.50 -6.88 -9.16 -3.01 -0.32 -8.18 0.40 6.42 7.60 -2.32 3.56 -3.42 3.60 -6.16 -3.05 4.85 2.90 -6.01 8.39 3.54 -4.38 -1.00 3.01 1.55 -9.51 -0.52 -8.60 -2.73 -5.38 0.33 9.71 3.96 -7.66 4.75 2.29 1.25 7.35 -3.95 -0.59 -1.44 -9.12 8.44 9.27 3.10 -1.09 4.48 -7.33 -2.39 -7.70 -2.35 -4.43 -9.31 8.40 6.38 1.80 0.15 -2.51 
2.95 -1.86 -2.46 7.78 -5.51 -9.09 9.10 9.24 7.24 -0.16 -0.32 -1.94 1.51 -5.32 9.50 10.00 4.36 -9.72 8.44 9.28 -9.94 -7.39 4.22 1.60 -7.51 -1.61 -6.63 -9.91 -2.34 -8.72 1.31 1.24 -3.28 -8.70 -0.51 2.59 8.02 -7.96 -8.93 -9.52 -9.17 -1.51 4.07 5.86 1.30 -5.14 -5.04 6.58 -7.72 -4.27 -3.68 -1.72 -5.96 -9.59 -9.00 -5.78 -4.88 -2.82 -4.26 -1.85 8.41 4.79 0.51 -1.47 -9.53 0.99 -1.46 0.53 -8.81 1.64 3.39 -7.83 -2.12 -5.50 -6.21 8.65 6.53 -4.60 1.81 1.89 1.60 2.04 8.08 -6.82 3.16 6.58 -9.57 -1.87 2.89 -5.13 9.63 -9.98 5.64 -6.62 -5.72 2.27 8.93 -3.54 2.47 0.46 -2.54 2.44 5.16 -5.76 2.24 5.89 3.11 6.92 3.05 -3.28 -6.71 -8.30 -3.01 3.89 5.18 7.00 7.79 6.15 3.61 -0.91 3.63 -2.31 -0.95 -1.92 -1.41 -7.53 -6.00 -7.73 7.17 -8.74 0.18 7.69 6.36 5.17 8.66 -6.79 -9.11 1.79 8.70 9.23 3.54 -9.96 3.60 -8.33 -1.81 7.28 -8.81 0.20 -1.45 2.01 9.90 5.78 1.98 -6.17 -1.04 -7.81 5.49 -1.60 0.85 1.83 -8.24 -6.95 9.07 -4.83 -8.18 -3.30 1.75 8.67 -9.39 -3.19 3.45 4.65 8.35 4.81 -6.51 -8.37 8.30 0.30 -0.49 -7.40 -7.39 5.84 8.14 7.92 -9.78 -7.82 -9.26 -1.06 2.77 5.59 -7.85 4.63 5.56 -5.05 2.63 4.99 5.36 2.33 -3.87 7.05 
-3.92 1.45 9.38 -1.11 2.13 8.64 -4.05 2.43 2.57 -9.45 -7.86 5.03 4.60 2.33 8.91 -7.53 4.63 1.08 -1.83 0.88 -9.04 7.14 -6.72 -1.49 -0.11 2.60 9.34 -7.11 -6.47 0.52 3.22 9.26 -1.82 -4.45 7.72 -2.54 -8.58 -1.84 -6.82 5.72 -4.91 6.69 4.69 -9.19 4.69 9.05 1.22 3.74 3.88 5.73 4.29 -5.47 -2.65 -2.69 3.24 3.62 -3.35 -7.38 7.40 -6.21 4.48 9.61 3.53 -9.20 -8.33 6.59 8.15 5.74 8.21 1.54 -8.40 -8.65 8.99 -6.14 -8.78 -1.77 9.09 8.84 -2.02 8.97 9.22 -0.52 7.41 -4.71 3.94 -4.48 -7.92 -0.13 4.06 -7.47 -9.54 -1.27 -0.26 -5.06 -7.70 -7.06 -7.83 -5.74 -6.96 -9.02 9.78 3.21 -6.91 -0.52 6.76 -9.06 -5.69 -4.60 5.79 3.29 0.15 -0.40 -2.83 -0.88 -9.76 9.60 9.64 7.09 -4.92 6.52 3.51 5.70 0.11 -8.87 -7.88 2.89 -3.21 2.97 -4.93 1.48 5.21 6.23 6.69 -3.17 8.60 0.53 3.61 5.83 -9.36 -8.52 2.88 1.18 5.66 -8.49 4.22 -9.17 -5.49 -4.89 -0.54 7.88 -1.66 -5.49 9.66 5.14 0.82 7.52 2.61 1.70 2.47 -9.08 5.40 -0.73 2.31 6.54 4.85 -6.47 -6.29 9.98 0.78 -0.28 -9.17 5.57 -7.32 7.68 -2.22 5.04 7.48 1.69 -7.77 5.19 8.28 0.21 0.03 5.21 -9.01 -5.91 -3.37 7.15 6.48 -0.87 -9.95 5.33 9.26 7.27 1.84 0.52 -6.18 -0.52 2.94 -7.75 
-1.19 -4.29 7.91 6.23 1.11 -0.56 -8.96 1.91 4.60 5.60 2.62 7.61 5.87 -0.19 4.20 6.11 -6.99 3.60 -1.29 7.33 6.27 -2.17 1.91 -6.86 -1.24 9.95 -1.55 1.56 -0.03 -9.88 2.38 -7.18 3.27 -1.40 -8.92 -0.20 3.94 -9.59 6.98 -8.39 8.93 8.33 -5.09 -1.70 -7.75 0.20 9.31 -1.35 -5.36 -4.33 -2.53 -6.65 8.99 0.53 6.94 0.62 -1.62 -4.56 4.44 -0.58 4.86 1.01 2.84 2.89 2.22 -2.27 2.40 -2.99 -7.12 -1.25 -0.21 -5.26 -0.77 -2.79 9.52 -4.82 -3.53 4.62 -1.31 3.50 3.76 2.71 -6.08 9.54 -2.52 -4.77 8.34 5.62 -6.19 -8.29 -7.10 -6.66 -1.73 -9.89 3.75 4.30 4.91 -0.44 5.50 -6.51 -7.11 1.20 -0.86 6.25 -2.98 -4.41 -2.96 6.60 -9.73 8.26 6.48 -9.97 3.15 -2.95 1.35 -4.90 7.01 3.10 8.38 7.11 3.91 6.26 -4.76 -0.45 0.43 -3.55 -3.49 -6.46 7.09 -5.72 8.87 5.27 9.48 0.54 -2.80 -3.64 0.88 -0.92 -7.58 -6.49 4.73 -8.33 -9.72 -4.06 -0.35 4.76 -9.99 2.77 -0.70 1.98 -6.74 9.85 -9.87 7.39 -9.67 -2.41 -3.89 6.43 7.60 -7.42 -0.07 -0.76 3.51 -0.32 -3.89 -1.96 -7.66 -9.18 1.02 9.50 -0.88 7.48 5.01 -8.30 -9.30 -5.06 0.54 1.75 0.86 7.59 9.70 -3.78 6.61 1.73 3.25 -9.63 7.63 -2.61 -7.19 -3.46 1.63 -3.92 2.43 0.08 -5.43 -3.74 2.96 -5.05 -6.74 7.31 
4.22 -5.92 3.29 -7.68 -3.68 9.02 2.61 -9.99 9.57 -3.92 0.76 -3.87 -0.05 9.48 -3.33 -0.00 -7.49 -0.12 6.13 0.73 5.99 8.40 -3.32 -6.62 8.16 -1.55 -4.53 3.33 -4.66 2.88 3.70 3.67 0.11 3.95 1.48 -2.85 3.07 7.18 6.90 3.95 -9.71 3.59 -9.26 0.67 -5.27 6.17 -1.98 -9.13 2.54 -7.30 1.31 6.34 9.40 -8.89 5.59 7.05 4.26 -2.06 -1.33 6.51 -4.56 9.89 -1.69 -4.60 4.20 9.80 -5.03 2.39 -8.80 -7.56 -2.90 -4.81 -4.96 6.15 7.74 -9.19 -5.59 3.18 2.98 -3.29 3.90 6.43 7.68 -0.33 7.25 9.84 8.36 0.43 7.29 -3.24 -6.86 -1.70 2.12 -4.41 -6.92 -1.09 0.24 -6.56 -9.31 -2.17 -9.05 -6.44 -5.50 8.89 8.32 8.68 5.51 0.86 2.88 0.02 7.72 0.02 2.25 -5.64 -0.08 8.55 -6.87 5.23 -2.10 -1.30 6.95 -2.78 8.60 -0.74 5.83 -2.35 5.67 9.92 -9.60 3.29 3.37 -0.34 6.57 -0.86 0.70 -9.34 -3.19 0.04 6.60 8.19 1.14 -5.92 -8.08 -4.39 7.79 1.36 -8.61 -7.52 -3.95 -5.09 -6.01 -8.24 3.34 -7.36 -9.94 6.29 -5.45 -6.15 3.12 2.61 5.67 0.09 6.55 7.08 4.44 -8.54 3.91 -2.93 -3.76 4.23 -2.15 9.99 9.04 -4.72 -4.31 0.98 -1.63 5.83 -1.67 -4.58 2.23 6.67 -8.13 8.44 -9.24 3.07 2.91 0.05 -2.66 -0.71 -5.17 -6.27 2.52 4.88 6.43 -3.38 -4.81 -8.23 6.98 8.38 
3.45 -7.24 -7.90 0.20 -0.73 4.19 3.25 -5.63 7.98 -1.42 9.45 0.49 -5.18 2.06 9.72 -7.32 8.35 8.11 1.76 -2.13 -9.42 6.13 -6.15 4.63 -4.56 -8.39 -1.67 -0.89 -9.02 -6.84 1.16 5.72 5.19 4.44 -0.49 -7.34 -1.56 8.09 -0.59 1.52 -7.33 3.18 -0.92 2.23 -9.08 1.00 -4.98 1.40 -9.75 4.83 -1.43 -9.87 8.71 2.50 -8.84 7.64 -6.85 6.45 -8.06 -3.19 -2.55 1.93 -5.34 6.68 7.23 -5.37 -3.25 6.56 -3.39 5.80 -0.41 6.42 -4.12 -5.88 -2.38 -0.48 4.34 -7.36 2.05 4.62 -2.95 -6.68 -7.61 -3.94 -6.87 -7.70 0.97 7.33 -5.50 8.01 -5.05 1.35 -4.62 -3.83 -6.81 -9.06 -7.32 5.75 -7.03 1.16 -4.56 5.27 -9.94 -6.52 9.31 1.71 -9.12 1.24 6.41 -2.57 -3.59 -2.86 -3.32 -5.36 9.15 -3.75 2.34 -2.58 3.10 8.05 5.06 0.26 0.63 -8.75 -1.30 -6.85 3.65 -3.76 9.72 7.94 -2.36 -4.54 4.43 -5.37 4.54 5.99 9.28 -5.54 6.72 -8.48 4.39 -7.75 -2.43 -9.35 4.55 -5.30 0.09 0.67 -7.43 6.16 -4.98 8.20 -7.00 1.00 -2.27 3.49 0.96 0.63 0.28 8.59 4.54 2.98 -0.08 9.08 -0.26 -6.66 -1.85 -6.38 6.93 5.41 2.09 -9.26 2.80 -8.72 1.62 -2.48 3.90 2.23 9.46 1.99 -8.90 -9.68 -0.71 0.67 -6.17 -9.20 -6.92 -4.63 -7.32 6.27 1.32 -8.26 0.58 -6.95 6.59 0.50 -1.37 2.74 -7.27 7.09 
-2.49 8.95 -3.46 9.52 3.44 0.85 0.48 8.09 0.46 -8.53 -2.73 4.67 2.33 -9.09 -1.64 7.02 1.10 5.80 8.18 9.72 -8.37 -8.68 -4.70 -7.59 -2.67 -3.32 8.61 -7.88 0.96 -8.15 5.52 -8.29 9.46 7.84 -8.75 7.84 -3.76 5.73 -4.71 8.74 4.83 9.54 8.59 8.56 -3.30 -8.37 4.17 -1.37 2.03 6.69 0.65 9.32 -9.82 7.50 -6.98 -0.30 -5.15 -8.12 -8.83 4.28 9.06 3.51 -9.79 5.65 -1.59 -5.47 3.07 -4.23 -7.26 -2.49 -9.47 7.10 2.54 -0.39 9.79 8.25 -2.63 -7.90 7.25 -5.14 7.15 -0.74 -2.71 -5.38 8.85 9.67 8.37 0.56 -1.92 4.95 -9.40 6.52 4.93 -2.39 -0.78 2.57 4.86 -3.79 7.92 -2.16 3.39 -5.09 -7.42 -6.05 -9.00 4.84 7.42 -2.50 -4.30 -2.19 3.37 -8.82 -7.24 5.86 5.60 6.12 -8.37 2.14 -8.06 -5.97 -5.53 -6.30 6.42 -1.18 9.25 8.43 2.46 8.53 4.39 9.01 -1.91 -0.33 -6.12 -7.48 5.91 -5.02 1.57 -4.82 4.38 2.34 -5.25 -9.07 -2.95 6.36 2.46 -6.22 1.23 0.31 -4.51 -6.03 -0.95 -4.35 -7.45 2.93 7.45 -9.89 -8.00 6.25 4.70 0.67 -1.74 -0.54 1.62 -0.68 1.24 -2.84 -3.55 3.05 -5.67 -6.48 7.00 0.51 -8.98 -9.40 -8.83 -5.66 -5.53 -0.90 1.15 7.65 -3.11 7.29 8.02 4.74 1.96 7.84 -2.44 6.00 -2.77 3.58 -4.88 6.10 -2.01 -9.60 5.22 -1.02 6.30 -0.75 -0.85 6.68 
-3.59 -5.67 -2.57 8.58 -6.79 8.16 -0.50 6.92 -1.56 -0.94 -6.78 -9.08 3.78 -9.36 -6.45 -9.44 -9.41 -2.75 -7.05 9.93 -3.77 6.53 8.26 6.46 0.93 -7.33 7.35 -2.28 2.91 2.15 -2.26 8.13 -8.02 -7.37 1.81 1.16 -9.05 -0.12 -9.54 -4.41 8.38 9.78 7.12 -5.04 6.07 1.69 0.15 -7.16 -8.95 1.97 -3.30 -9.78 6.28 -0.23 -6.84 7.44 8.27 8.41 -5.54 -3.79 7.80 -8.75 0.08 -1.91 -3.17 -9.07 9.63 -1.40 -9.65 9.93 2.11 6.61 -4.82 -9.10 -5.90 3.92 -1.11 3.16 6.94 -8.04 -7.77 9.57 5.33 4.69 6.29 4.03 9.55 -8.16 6.93 4.80 8.89 -8.54 -3.40 -4.15 2.69 3.16 9.49 7.76 8.11 -1.06 1.29 7.70 1.55 -7.60 -5.56 -2.39 4.70 -4.49 3.84 -7.25 1.51 -8.61 -2.64 3.95 4.08 -7.50 -8.41 7.17 -0.24 9.88 2.96 -3.15 -7.79 4.64 -5.65 -1.26 -3.85 6.43 5.31 4.44 -3.41 3.81 -6.06 -0.52 -2.52 -0.95 -5.58 -0.16 -4.62 -6.92 7.92 3.65 -3.54 0.23 -9.20 1.28 -5.70 -5.04 -5.69 9.17 -5.18 6.18 -9.66 -7.53 5.95 -3.87 -7.48 9.51 0.41 -6.85 -9.42 8.14 3.32 -4.23 9.96 -5.01 -0.29 1.29 8.99 -5.94 1.48 -1.33 2.24 3.31 -5.40 7.42 3.17 6.98 -1.38 -2.83 -0.18 -9.50 -7.10 4.49 9.35 -7.98 -4.05 0.13 -8.94 1.44 0.04 7.76 -7.41 -9.52 3.08 5.07 6.62 9.27 3.22 -9.33 
2.56 1.19 -6.71 -2.69 3.82 2.20 1.21 5.38 0.50 -8.93 9.63 -3.27 -4.04 2.06 2.43 -9.62 -4.56 7.94 -0.38 -5.78 -9.46 0.04 -7.75 4.87 2.33 2.86 4.45 3.74 -2.68 -7.36 -7.92 -5.36 -5.17 -6.21 -7.47 7.34 3.04 -9.16 9.42 3.65 -5.58 -9.50 9.84 -6.74 6.24 6.10 7.60 3.80 4.80 9.88 4.26 4.97 -3.54 3.09 7.65 -5.70 -1.18 -9.02 -1.80 7.09 -2.38 7.13 1.24 -1.52 -3.39 2.30 9.83 9.58 -2.90 0.59 -7.45 2.12 -9.58 -5.55 -0.92 5.56 -1.97 0.78 9.25 3.85 3.30 -9.06 -2.23 -2.44 -9.91 7.47 2.47 6.81 7.75 -0.33 -7.11 -0.48 2.71 4.31 1.59 -5.21 5.19 -6.03 1.41 -4.75 8.69 5.66 -0.30 7.46 -8.96 -6.71 6.07 0.38 3.46 2.89 1.38 2.66 -0.66 -1.49 8.97 7.70 4.00 8.48 -3.77 -1.29 -4.73 -9.44 1.67 3.72 3.96 -4.22 0.83 -7.25 -0.03 5.44 9.26 -4.92 -6.03 -0.80 8.61 -1.17 6.52 -3.28 -1.44 0.32 4.93 -6.60 7.66 9.22 8.68 5.10 -3.40 -0.29 4.65 -2.89 4.23 -7.51 6.92 -5.51 5.50 7.92 1.47 3.25 -2.84 -5.25 -4.99 -6.49 -7.84 1.48 9.33 1.70 -3.54 -4.77 -0.46 7.49 -5.68 2.26 -2.77 1.05 1.63 9.56 -8.87 4.65 -7.83 -3.65 5.06 -9.24 -4.99 -3.80 0.79 6.68 5.66 1.91 -8.04 -7.79 6.03 4.03 -5.26 -3.88 1.65 -4.31 7.58 7.31 8.28 -0.63 
-8.94 8.56 3.67 -6.04 -6.60 7.74 8.99 -6.79 -5.51 -5.19 -9.66 4.27 8.53 -5.21 3.84 4.74 -2.09 4.96 -4.73 4.94 -6.89 9.76 -5.10 5.47 8.68 6.96 5.19 6.77 5.95 -8.38 6.29 7.14 8.84 1.51 -0.25 6.19 9.94 -5.69 -1.84 7.49 3.90 7.16 6.52 4.49 9.98 4.25 -4.94 -3.79 -6.97 -1.80 5.05 -6.16 -4.26 -0.73 8.30 -1.93 8.76 -4.87 -6.44 7.65 6.06 6.68 -4.99 -3.82 9.04 -4.30 2.10 -6.92 -9.30 -6.37 -7.19 4.38 -7.75 6.32 -2.42 8.89 1.30 5.55 1.83 -8.80 -4.13 -0.52 2.72 -2.23 4.77 -0.97 0.57 -0.95 5.23 -7.98 3.21 -7.96 6.61 9.11 -4.20 0.63 -4.19 -2.78 2.16 7.66 -7.82 4.90 -2.99 0.30 6.80 -4.57 7.22 -5.36 -9.51 -5.32 7.44 6.44 -8.82 -5.21 -1.40 -2.86 -9.26 8.77 -5.52 -8.32 -9.68 2.45 -7.00 -8.95 2.92 8.27 9.03 -1.55 -4.88 6.97 -3.76 -3.53 8.76 -2.81 -9.67 4.72 -6.74 9.06 2.70 7.01 8.05 0.38 -6.46 0.89 -5.33 1.44 -3.50 1.80 8.43 0.73 5.08 7.77 1.09 -2.97 5.78 3.61 -7.03 5.82 -4.40 -3.37 -0.36 2.29 -6.71 0.70 7.43 7.36 -7.18 6.35 9.93 -7.71 0.65 1.20 7.47 5.78 8.11 -2.80 -7.45 7.21 6.30 3.57 -2.96 -2.93 7.47 -9.57 4.18 9.67 -6.15 -4.55 -1.30 1.95 9.45 8.18 0.39 8.80 6.85 2.01 -8.02 7.81 -1.59 1.26 
-8.65 -0.53 2.44 0.59 8.00 -8.26 -1.59 -7.83 4.54 2.70 4.54 5.98 -2.90 0.67 5.76 -1.95 9.10 -0.74 -3.19 -8.90 0.60 -0.32 -5.99 5.17 -9.39 -1.63 -2.01 4.97 -1.96 -4.66 9.19 -6.32 3.91 4.79 -8.74 3.83 6.20 0.05 -2.37 -8.37 9.90 4.53 3.55 1.12 0.49 -3.65 3.90 -8.90 -1.95 2.47 -8.09 1.88 -3.70 9.46 0.04 6.87 -7.91 -8.72 5.14 -9.40 1.80 -3.66 -7.01 -3.54 2.40 0.84 1.76 0.07 -9.71 -2.06 -3.29 0.88 -6.71 0.09 7.95 -2.11 -3.37 2.41 -3.12 5.27 -2.11 -3.86 9.45 7.91 -4.90 1.93 4.94 -5.93 5.93 -6.82 -8.60 -0.90 5.70 -1.35 8.74 7.81 -8.04 4.76 7.94 3.93 -8.81 -2.21 9.19 -2.25 9.69 6.66 2.56 1.33 -3.81 3.64 1.28 -3.69 2.62 1.42 -2.25 -1.99 -3.66 7.79 3.02 -3.49 -1.21 7.74 9.96 -9.53 2.16 -7.01 -0.14 0.07 9.79 6.11 -4.98 0.90 3.58 -8.89 -1.66 -2.13 -4.54 6.71 -5.33 0.21 0.72 6.55 1.07 0.62 -1.50 -3.55 -3.10 -6.41 -3.10 5.32 -4.30 -6.93 2.13 3.71 -0.18 -4.95 -5.95 -9.97 -3.61 -3.82 6.13 2.10 6.72 5.70 3.71 5.27 5.47 -3.31 6.02 -9.84 -2.69 6.23 8.65 -2.81 -9.30 3.42 4.50 8.44 -9.51 -1.46 -3.90 -9.41 -6.77 -3.90 -2.01 -9.33 -6.56 -6.43 1.79 -6.71 -2.25 -1.16 -2.82 5.83 -1.44 -0.64 0.40 -3.77 7.41 -5.91 
5.64 -6.58 1.03 -9.65 -3.55 8.79 9.24 -8.09 5.76 -2.93 -3.15 -3.95 8.13 7.25 8.16 -6.04 -5.57 3.06 -1.73 -7.15 -0.51 -2.13 -2.14 5.93 -7.43 -7.40 3.56 1.57 -0.99 -9.67 0.87 -8.98 -2.96 -2.80 6.27 3.20 -5.74 -9.99 -4.80 -8.31 -6.65 4.94 7.52 4.45 -4.16 9.15 8.44 -9.76 -8.43 -8.68 0.27 -8.40 -9.53 7.06 -4.49 7.24 -7.21 7.63 -7.35 2.75 8.05 -9.56 8.28 2.96 3.42 6.95 -7.43 0.40 -0.78 -8.93 1.85 4.50 -1.43 -3.12 3.01 3.91 -2.63 6.71 -9.14 3.25 -0.61 9.53 0.45 1.07 1.11 -3.40 2.17 6.47 -9.15 3.02 9.75 -2.04 -4.99 8.78 7.43 5.01 5.14 -5.81 -6.86 1.48 2.33 -6.90 9.93 -3.38 0.47 7.93 -1.54 -9.35 -4.02 7.70 7.12 9.61 5.47 0.73 -6.36 2.28 -5.95 -3.56 4.02 -6.61 6.63 -6.73 3.56 -6.64 9.36 5.18 9.35 8.83 -9.63 0.19 -2.29 6.57 -7.92 7.18 -6.35 -8.71 3.73 -4.42 2.29 9.92 1.19 -1.00 8.53 3.17 7.00 -3.67 3.83 -0.73 -6.53 -8.39 0.86 -0.59 -3.81 6.72 3.24 2.82 4.09 -3.30 6.37 0.60 -9.54 5.86 -5.83 0.75 -3.94 5.12 -4.37 6.41 -1.21 9.82 0.39 -8.65 0.74 2.98 1.70 8.25 -3.40 -8.96 -9.13 -1.54 -4.47 8.65 -0.38 -0.41 -9.70 -6.06 6.01 8.66 5.09 -5.29 5.50 -7.32 0.64 8.24 -0.28 -8.89 -6.97 -4.08 -4.20 8.94 
5.60 -0.26 3.74 -5.22 -3.33 -6.98 3.44 -2.00 9.61 4.62 8.29 5.17 -0.49 -3.05 -5.26 -0.61 6.07 1.53 1.19 6.95 8.77 7.70 -2.34 -2.81 6.70 7.07 -8.30 -9.08 2.42 -0.66 -0.33 -2.08 6.57 -6.17 2.16 -6.40 -8.27 2.41 8.72 -0.58 -2.68 6.69 -8.72 -2.98 1.35 -2.80 3.51 -9.75 5.47 7.67 4.78 4.97 8.87 1.30 7.83 -0.15 -0.08 -3.11 -3.82 -3.87 -6.28 7.16 -5.01 -6.27 -7.05 4.28 0.82 -2.06 -2.21 3.48 -7.00 -1.10 -3.00 4.19 0.96 -2.57 6.81 -7.64 -7.88 9.05 -3.65 -1.61 -2.97 9.98 -6.46 2.92 -2.30 4.56 1.76 1.01 0.69 -8.51 9.38 -9.81 4.45 -0.89 -7.40 4.73 -9.17 -8.68 3.64 8.03 9.65 -3.74 -4.77 -6.68 -0.06 9.83 -0.37 -3.94 -4.27 0.40 -5.80 8.03 -6.75 -8.19 3.11 5.17 -9.25 5.93 6.57 7.35 1.99 -2.59 8.02 -3.40 -5.41 7.83 -2.34 -0.00 5.87 1.18 7.54 -8.79 -9.77 0.07 0.69 -1.54 5.00 6.95 -0.93 3.15 4.13 0.22 -3.02 4.32 0.43 -5.48 5.33 2.31 3.79 7.58 6.84 -7.89 -0.06 -8.55 -3.69 -9.53 5.35 -7.24 4.12 0.64 -0.43 -2.46 -7.08 5.19 2.02 9.21 -0.49 -9.06 -3.66 1.51 8.01 -6.59 4.78 7.75 -3.59 2.31 -4.20 -9.85 6.13 -4.51 -0.03 -1.97 4.45 9.82 6.63 -2.06 -4.68 2.22 6.89 2.86 5.12 -0.01 2.93 -0.29 8.47 5.34 2.89 8.54 
0.73 -0.80 -5.46 -7.45 6.62 -8.16 2.81 1.94 -7.86 -6.40 -8.65 -6.24 -2.32 8.91 4.83 -9.04 4.62 -3.53 -8.05 -9.55 4.11 6.64 -0.12 -8.48 4.90 0.60 -0.43 4.12 -9.88 -2.94 9.91 7.71 1.16 -6.79 -0.48 -9.10 6.10 0.62 4.81 -6.19 6.93 2.22 2.34 -6.70 5.30 8.66 0.94 0.31 5.83 7.97 4.91 1.93 4.34 9.46 8.68 8.83 6.80 7.71 -2.84 3.43 -9.88 4.52 -6.30 4.72 9.88 1.51 8.10 3.38 9.11 -8.30 -5.84 9.88 -3.31 4.57 -4.01 6.99 1.18 1.36 7.11 -2.96 6.82 1.08 5.70 0.68 3.62 1.42 1.67 1.40 2.00 1.50 9.13 2.40 -1.35 -1.90 4.21 -5.44 -5.73 -1.97 -4.56 8.64 9.24 7.20 -3.86 9.28 -2.87 -4.79 6.85 1.81 -9.37 -4.42 -1.08 -5.21 4.12 -0.95 5.79 5.27 5.90 7.04 -8.59 2.04 -5.12 7.15 -6.47 -8.19 -2.85 -1.07 8.34 2.61 -7.26 -6.15 1.39 10.00 2.71 -7.36 -3.07 -4.28 2.21 7.19 5.88 -2.16 6.43 0.57 -8.75 6.27 0.65 3.97 -2.66 4.92 -8.61 5.85 0.52 1.97 -2.93 9.06 3.95 7.17 0.23 0.73 3.41 -0.26 9.32 -9.23 -9.57 6.23 1.97 4.39 6.69 2.44 3.59 1.58 -0.10 1.24 -2.69 3.09 8.42 -7.91 0.62 5.96 3.59 7.93 -1.43 1.20 -4.79 7.43 8.52 -0.83 1.30 4.97 -9.06 -2.85 6.67 -3.99 2.26 3.02 4.39 7.11 -8.85 0.23 4.21 -9.05 
6.74 7.54 -0.56 -4.84 8.15 4.70 1.89 6.45 -1.33 6.47 8.56 7.79 -5.17 -1.83 -5.70 1.60 9.92 1.62 -4.75 4.15 -7.77 -5.18 -2.64 7.13 -3.14 -2.44 5.74 5.66 3.96 6.01 -4.92 -6.83 -0.53 7.55 -0.34 4.56 -8.95 -9.07 4.08 5.61 8.70 8.94 1.43 -8.76 -4.92 -1.06 6.32 -3.18 1.56 2.90 2.25 -0.02 -7.60 0.94 7.19 7.07 -2.95 -9.53 -7.20 8.58 2.27 -0.74 -3.76 7.92 6.99 -9.56 -0.45 -4.54 -3.91 0.80 3.35 -8.16 -4.91 8.16 -1.98 -5.34 -3.99 0.87 -0.88 -4.41 9.70 -6.52 -2.74 -8.81 -5.87 -5.13 -5.75 -3.27 -9.00 -3.57 4.23 2.11 -9.24 3.73 1.60 -7.28 -0.70 0.33 -8.61 0.75 1.85 4.69 -0.93 -4.91 -9.81 -5.84 4.70 3.57 0.39 -9.80 -4.25 8.78 -1.91 -4.97 -1.29 -7.06 9.94 -7.62 -5.23 7.71 9.63 8.36 -0.03 3.10 -9.21 4.30 -5.32 6.64 -3.57 1.88 8.82 5.32 5.64 -7.20 -1.76 0.20 2.33 0.83 -1.88 6.38 6.04 -6.88 5.23 -1.36 -4.67 7.27 1.61 -0.25 6.37 -6.29 -5.00 -8.36 -6.09 -8.50 -0.19 8.30 -9.24 -0.66 -3.56 -4.24 -7.37 -8.94 9.43 -9.26 -8.40 -3.97 -3.72 2.68 1.98 2.10 2.70 1.91 -2.64 -1.51 3.30 5.90 -4.93 3.29 -3.47 7.70 9.56 8.62 -5.84 -9.99 -9.41 -1.32 -1.59 3.05 -9.51 3.21 2.99 -5.09 3.00 4.82 -5.32 9.39 6.90 -9.65 -4.64 7.14 
-2.42 -5.26 5.91 -8.12 -5.68 -4.44 0.43 -7.29 -5.45 -5.91 -2.75 -8.41 -0.77 0.89 -1.83 5.74 2.64 -7.17 3.53 7.31 8.46 -2.13 -5.11 -6.16 6.48 3.67 0.53 3.26 7.73 0.41 -1.67 2.98 -8.11 -5.14 -4.06 -9.69 4.89 6.24 -8.48 0.39 -3.10 -6.26 -1.69 -1.65 -2.48 -8.89 9.98 3.93 8.89 3.51 -8.42 -5.76 -8.17 -1.13 -8.30 -8.18 1.17 2.05 -2.06 -8.09 -9.42 -8.48 -1.64 -2.18 1.89 8.49 -8.19 0.12 -9.99 8.93 -8.27 -0.88 -5.74 -0.24 2.61 8.77 1.75 -4.18 -8.82 -8.08 9.85 2.76 -6.95 7.38 9.94 -5.99 8.98 5.82 7.98 -0.86 -8.33 3.78 -1.71 9.20 -7.02 -1.26 -9.54 -6.46 8.20 -8.25 5.26 -7.32 -4.08 0.07 5.05 5.75 -7.58 9.37 -3.98 -8.15 6.51 -9.09 -6.90 -5.81 4.29 1.41 -7.30 8.01 4.96 9.01 0.14 9.72 -8.88 3.30 -3.56 -9.84 -5.96 -6.54 -7.33 -2.10 -7.44 -0.04 1.95 3.05 -2.96 2.60 7.35 -9.85 7.01 9.43 -0.43 2.86 -0.16 -8.28 -3.28 -7.99 -3.02 8.38 8.20 3.95 -1.66 5.60 8.08 -6.24 9.77 9.78 -2.28 -4.90 9.31 -2.57 -3.76 1.49 -1.18 0.14 2.11 3.66 -8.99 5.89 -1.32 2.28 -5.25 2.11 3.81 -2.14 0.10 4.07 4.54 -0.28 -2.62 -4.67 -6.63 -0.16 3.19 7.82 8.44 -6.81 2.21 4.24 -5.74 -4.03 2.22 0.65 1.14 0.77 -2.34 -2.00 6.08 5.71 -8.85 -1.92 
-1.94 -1.93 2.59 3.73 -3.53 -0.96 2.81 5.26 9.73 -9.34 2.32 2.41 7.64 2.79 7.09 0.46 -2.76 -3.47 4.27 4.42 -6.22 1.90 2.06 7.18 -4.84 -3.21 -1.92 3.37 5.34 -5.76 9.90 -6.01 -7.55 -6.99 4.54 -5.06 6.67 -3.34 8.05 3.14 3.94 3.45 9.30 -4.51 -7.22 9.83 -1.07 -3.23 9.40 -9.39 6.97 -8.88 -9.83 2.66 0.63 6.42 4.40 -1.15 -9.82 -8.43 0.50 -8.68 -7.83 -8.11 0.67 -2.03 -2.53 5.50 5.85 2.49 -8.31 -8.83 -5.32 1.81 -5.04 -7.82 -2.95 -9.57 -8.13 -3.01 5.22 -8.20 -9.15 -0.69 -7.97 -2.65 -9.02 4.53 1.71 -8.86 -8.07 -1.66 3.80 8.36 9.13 6.29 -5.19 5.75 9.64 -6.42 -6.47 -8.39 6.10 -8.97 8.91 7.58 2.77 1.44 -9.10 -8.80 -3.91 4.65 8.22 2.38 -6.11 9.80 5.13 9.35 8.65 -8.47 -8.78 -2.40 -1.46 2.73 -3.21 3.55 6.34 4.23 -5.56 -1.00 -3.22 2.32 -7.68 -2.37 -9.68 -1.99 3.86 -4.36 -4.78 -1.23 -6.62 -2.77 -1.66 -5.21 6.76 3.45 6.75 1.05 1.62 5.55 4.73 -9.49 -5.74 -1.07 5.73 4.74 8.82 -0.17 5.48 -6.07 3.11 7.92 9.41 -2.27 7.50 3.40 -4.34 9.02 3.59 -0.90 -9.54 1.84 -8.82 6.34 1.74 -0.70 7.42 5.46 4.99 -8.12 7.94 -9.67 -6.11 1.01 9.71 -2.67 6.44 -9.17 -4.34 -4.13 3.11 -9.78 5.33 6.19 1.62 3.47 5.44 8.42 4.71 1.81 
5.12 4.05 2.48 0.08 -3.09 9.58 4.96 0.40 -3.94 -6.44 -1.37 -9.71 7.83 6.21 -8.16 -3.73 7.82 -5.89 -7.52 0.40 5.73 -1.04 3.35 5.29 -1.48 3.03 -1.69 -8.50 -3.08 3.53 1.53 3.88 1.96 -5.31 -2.52 -6.18 5.52 -3.60 -4.98 -6.90 9.04 -5.10 -6.01 0.90 -1.10 -7.15 -8.53 6.51 7.82 -3.75 3.96 -0.55 6.92 -4.67 2.45 2.48 -9.22 5.26 -7.33 7.75 4.44 3.74 -2.48 -7.80 -2.07 -8.48 2.86 -4.07 -7.96 -1.40 1.10 7.36 -5.63 -8.03 -3.49 4.34 -2.66 0.54 -5.69 5.20 -4.72 -3.59 2.16 6.13 -9.88 -5.02 -3.63 6.95 -2.20 -0.40 -7.21 9.75 9.05 6.94 5.77 6.13 -7.11 0.11 6.92 -8.72 -8.14 3.85 3.79 0.09 -3.80 5.65 -8.58 -7.92 3.52 7.70 -9.74 3.51 9.65 -1.09 4.40 0.36 0.54 2.91 -6.49 6.01 -7.40 7.44 5.02 -0.11 0.69 7.45 -9.35 -5.68 -5.85 -0.32 5.73 -0.58 -1.64 4.11 6.51 -0.20 -1.95 -0.72 -9.33 -7.31 9.23 -6.20 -7.94 6.94 6.14 -6.64 6.86 9.02 5.55 -2.95 1.28 -9.91 -1.30 4.42 -4.92 0.36 3.55 -8.82 -4.29 -1.68 4.87 -1.51 2.56 -4.54 9.31 6.87 -9.28 2.02 -6.43 -3.40 8.86 9.06 9.66 1.89 5.68 -3.78 -7.96 -2.76 -5.08 1.93 0.32 -7.22 -1.15 8.28 3.10 0.23 -2.81 4.40 -1.90 -9.03 0.26 -9.54 -7.46 -3.71 8.39 1.08 0.51 -3.22 -5.26 -4.33 
4.45 -6.50 -9.62 -2.16 -9.85 -8.64 3.72 -0.60 1.84 -2.85 5.00 0.31 8.24 3.41 7.30 -3.26 7.28 -3.72 -1.81 6.13 -0.93 2.16 8.31 -3.56 7.16 0.37 -2.64 -7.48 -0.76 -8.13 -4.71 -0.98 7.86 -7.26 0.18 9.27 -2.53 -0.67 -8.51 4.09 -4.19 5.33 -9.18 -0.86 -3.75 3.66 -7.94 -7.89 -6.56 -9.55 7.46 4.68 2.64 -0.85 9.18 -1.01 -3.91 -6.63 6.59 -5.26 -1.16 -8.45 -7.75 -0.79 1.49 -9.32 5.99 -8.13 1.39 -9.08 -2.82 2.93 -4.75 -9.58 2.04 3.28 5.06 5.18 0.31 -9.95 5.22 -7.27 -6.36 2.39 -6.20 1.19 -9.36 -0.41 7.66 3.38 3.91 -4.88 3.91 9.33 5.68 4.25 0.13 -7.71 6.39 -7.11 -8.43 -4.78 -8.93 2.00 2.84 3.28 -0.57 0.80 6.76 -2.81 4.74 9.44 -1.65 -0.69 -8.91 -9.65 -8.74 5.20 -4.60 -7.80 2.80 2.75 -4.43 7.20 2.02 0.28 -3.49 1.47 0.80 -7.31 6.80 3.91 -1.44 -5.82 -9.74 7.93 -5.93 -1.52 -1.24 -7.79 -8.95 1.65 -8.01 -0.80 5.40 -0.11 7.65 2.26 -0.41 -6.47 -8.95 -7.17 -8.45 -3.12 2.01 -4.38 -0.10 -9.90 -0.51 -4.47 -1.34 5.52 3.02 -9.16 9.89 -9.85 0.40 -4.01 3.43 8.05 6.46 0.62 -4.88 -7.18 -4.75 3.38 -6.19 9.55 6.86 -9.63 4.33 -7.66 -4.06 -0.41 0.10 0.27 4.17 -7.17 4.85 1.34 -4.84 9.58 3.27 4.36 5.98 -7.46 8.77 -7.75 -2.20 9.38 
-8.50 4.58 2.75 -2.05 -4.09 1.12 7.80 1.24 -1.66 -3.62 5.64 -4.37 -6.64 1.63 -7.70 9.36 -0.09 3.56 -4.66 -1.20 7.35 -7.40 4.35 -2.18 -9.44 6.38 0.54 -2.40 -6.22 2.49 7.11 3.23 6.94 -9.14 -9.88 -5.34 -5.24 -6.56 -2.41 9.98 0.55 -5.95 -3.80 -8.42 8.07 7.64 5.32 -4.79 -7.05 0.37 -4.97 9.08 9.64 3.01 -4.89 7.18 -9.30 6.02 8.23 -1.69 2.15 9.57 -3.08 0.72 -0.99 1.11 1.78 6.97 0.36 -6.35 -4.81 -6.41 9.60 2.81 7.77 -8.76 5.99 -6.77 1.56 -3.50 3.56 -3.98 -9.07 -1.50 4.06 2.17 -0.13 -2.63 -5.38 -7.98 -2.99 2.72 4.07 5.60 -1.05 -3.08 -0.76 -9.90 9.01 5.16 -3.94 9.09 1.12 -8.25 -0.46 0.25 4.53 2.63 -0.67 3.92 -5.62 -1.14 -9.19 7.91 2.77 7.64 -5.72 2.04 -7.52 3.47 3.66 9.10 6.74 2.25 -9.60 2.45 4.15 -0.67 -5.69 -4.50 -3.78 -4.88 -7.96 5.92 -2.82 -0.93 0.27 -6.13 -2.86 5.01 -2.31 -1.42 -1.89 -8.69 5.21 7.29 1.74 7.30 1.42 -4.67 2.43 0.20 9.81 4.21 -2.27 -8.61 -8.20 -0.18 1.94 -1.98 0.15 1.70 -0.61 0.99 -0.93 -3.20 8.47 3.74 7.82 -9.62 -2.78 -1.44 8.55 7.46 8.13 -7.42 4.43 -9.17 0.22 4.51 0.89 -8.53 8.28 -7.50 -0.69 -1.30 2.26 -3.17 -0.10 2.20 6.40 5.18 5.41 4.32 9.07 5.13 2.03 4.66 -4.96 -2.85 
-9.93 -9.66 3.54 7.81 -3.57 -5.11 -7.28 8.95 4.00 -6.84 -7.06 -2.04 -7.13 3.04 9.45 -2.67 5.33 8.39 0.68 9.64 1.94 7.64 -5.50 0.16 4.91 -7.72 -7.76 -0.40 -9.51 -7.55 0.81 7.72 6.25 -9.95 -8.42 1.99 -7.96 1.85 -8.23 7.63 4.41 4.91 -1.80 -8.10 -9.45 8.63 1.15 -4.26 -5.15 1.22 -7.28 -1.70 9.83 -8.15 3.74 9.35 2.29 -4.76 8.49 9.73 -9.58 9.81 -4.71 1.31 5.41 -1.21 -6.49 4.30 6.20 -9.38 -4.82 5.67 -0.20 7.99 -0.99 5.65 -5.63 2.74 7.97 6.22 3.69 4.88 2.36 0.03 -5.37 -0.64 -8.33 1.93 3.63 8.27 -0.20 5.03 -3.70 -7.57 2.84 6.89 -9.62 6.56 -6.35 8.82 -4.72 4.71 3.10 8.36 -6.11 -0.78 -8.76 -4.83 -6.26 0.33 -2.68 -8.81 6.29 5.39 -3.42 -4.80 7.86 3.31 -2.41 9.76 -4.53 -2.78 4.99 -0.58 -2.17 -3.46 -8.22 -5.07 -5.41 -2.68 -5.57 -3.56 -6.27 3.32 -2.31 2.30 -1.68 9.24 -4.61 -9.88 -4.94 -3.64 3.91 8.50 -6.58 2.75 5.30 2.35 6.80 -5.04 -4.59 -7.44 -7.59 6.78 -2.30 2.27 7.57 0.38 0.86 2.12 -0.29 -1.54 -9.01 -7.20 -3.04 -4.89 1.16 4.87 -9.91 4.26 8.42 -0.01 6.29 0.04 -3.96 -5.68 -7.00 -6.66 -7.31 -8.82 4.24 -4.17 5.58 4.75 -3.16 -1.46 -2.58 -0.08 6.05 -3.71 6.55 -9.83 -1.49 8.87 -1.71 -6.88 -2.33 4.58 7.75 -9.99 
-9.09 -1.85 -8.19 7.30 9.56 3.85 -1.99 -9.60 7.57 -6.61 -6.65 5.28 8.43 7.38 9.42 8.12 -7.18 2.52 -7.29 3.63 -1.68 0.17 -9.05 -5.31 -6.84 -3.35 7.84 0.71 2.75 2.24 -6.55 -4.62 1.36 0.23 -8.30 0.57 -0.75 6.45 2.31 9.66 -0.65 2.93 10.00 9.62 1.09 -8.43 9.57 -3.65 9.59 -2.63 5.57 -3.50 -5.39 1.76 3.18 3.45 -2.45 -5.31 9.64 6.07 2.83 -5.31 -0.80 1.95 -1.40 4.29 7.82 -4.70 -0.55 -3.57 -8.84 -1.44 -2.27 0.27 7.65 -4.85 -8.67 4.94 -2.29 -3.54 9.31 -7.50 -3.66 -4.18 1.09 1.80 0.01 -9.55 8.94 8.36 -8.70 6.29 -4.77 4.02 4.34 7.49 -0.70 3.99 3.05 -4.62 1.89 -6.56 -4.54 -7.10 -0.43 9.52 3.31 -9.27 5.77 -1.29 -5.78 -7.18 -2.37 7.57 -0.32 6.32 -5.16 6.93 8.51 4.63 9.43 -8.41 -6.07 -4.62 -8.38 3.28 -0.25 3.02 6.85 -9.18 9.78 -9.81 -1.37 -5.88 -7.79 2.33 -4.24 0.12 -6.44 5.97 -9.29 -7.78 -5.13 -3.74 6.53 9.40 3.77 -1.51 6.84 -5.68 -5.08 9.84 -9.09 2.04 4.40 6.33 4.73 3.84 -1.59 0.75 -4.32 1.59 6.27 8.28 -8.94 6.61 -9.79 7.16 -9.45 -0.28 -9.01 6.33 -3.53 4.26 -4.50 6.74 -4.10 -4.88 7.44 9.33 -2.86 -3.80 -9.94 1.75 -9.41 -8.43 -7.79 2.73 1.21 3.01 -5.54 9.61 4.32 3.10 -8.86 -7.15 -5.98 -3.10 -7.63 9.70 
5.13 -5.98 3.74 -4.84 5.54 4.84 -3.46 -6.33 2.43 -6.95 2.16 9.20 -5.96 -5.98 -3.10 5.31 -3.86 7.02 -6.40 -7.06 5.89 -9.72 -8.64 6.30 -3.22 -5.47 5.78 9.62 -2.08 -5.53 5.43 -8.43 -0.10 -2.42 6.86 5.75 -8.06 -8.73 2.87 -2.21 4.41 1.90 1.48 -3.32 -3.86 7.44 8.30 2.59 -9.54 -6.94 2.95 4.56 -6.19 0.44 5.85 5.57 -3.82 8.82 0.02 -9.81 -8.98 -0.44 -6.90 3.28 -0.23 -3.65 2.06 0.13 -1.86 4.37 -0.17 -1.77 6.13 -2.58 -8.59 -9.53 2.47 9.10 8.83 -6.13 -4.97 6.56 3.62 2.60 5.53 -9.94 -4.18 7.54 4.42 -0.71 5.58 -2.29 -2.48 -2.06 3.11 -7.28 7.95 7.39 7.07 -3.40 9.99 -4.38 -0.75 5.42 3.25 9.66 5.09 -4.78 4.15 -4.73 9.68 6.33 -4.91 -3.43 -4.27 7.77 5.62 -2.54 -8.24 -2.62 -9.03 -6.45 3.72 1.09 4.54 -2.45 -1.34 5.61 1.66 -6.12 9.51 5.87 6.12 2.63 -1.83 6.72 4.03 4.11 1.38 2.52 -7.91 0.44 -0.44 -4.46 -9.55 -4.79 0.65 -7.18 -2.07 -6.48 1.76 -6.97 6.79 -4.09 -2.49 7.91 -3.81 8.20 -9.87 4.09 6.60 -6.65 -2.99 -8.55 5.58 4.38 -9.04 5.30 -3.82 -5.43 7.80 7.63 2.61 1.19 -5.66 8.05 -3.32 4.33 -6.06 6.45 7.40 8.48 0.90 4.37 -9.46 6.84 -9.15 1.37 1.87 0.03 -1.89 0.93 -9.15 3.06 0.93 8.63 -2.97 -2.28 6.74 6.79 
6.44 7.41 7.69 -8.52 8.10 4.35 6.54 -6.52 -7.75 -5.29 7.27 8.69 4.17 -7.19 -1.47 -8.21 6.18 -0.48 0.22 -0.05 -1.06 1.69 -3.31 9.48 0.72 -2.34 3.13 7.20 3.70 0.73 -0.62 -7.59 -0.77 2.69 -5.83 6.13 3.50 -5.64 -8.78 -5.80 -8.62 8.82 8.40 2.97 2.26 -9.41 -7.61 -1.72 -8.89 4.41 -4.61 -3.42 -7.76 7.77 6.51 -8.44 4.63 7.47 2.81 0.79 1.40 3.55 3.39 1.14 -9.04 -6.91 8.01 7.86 -4.68 -3.68 -5.67 -9.95 1.96 8.15 -9.80 -9.33 9.42 -1.42 -6.83 9.75 0.63 3.21 -8.11 -2.35 -3.84 -9.11 -4.52 -4.38 7.91 8.04 9.72 3.66 -2.98 -7.32 -4.98 -1.57 -8.41 8.79 -0.99 -6.63 -5.17 -0.08 9.99 -4.48 0.40 -1.12 -4.81 8.23 1.33 -6.93 2.17 8.75 -0.78 -1.65 9.23 2.80 -1.25 4.43 -6.67 3.89 -5.11 9.10 1.78 -3.78 0.58 4.20 0.27 -0.31 -3.82 -3.19 -8.45 -4.91 7.27 5.18 -4.11 -2.98 3.71 -7.59 -6.92 9.52 7.65 0.07 0.25 -1.86 -3.88 8.05 -0.97 9.38 -9.77 9.55 -6.82 0.95 2.67 -8.76 -0.84 -6.77 9.93 2.31 -4.77 -8.92 -9.07 -5.90 1.75 -3.16 -9.18 -2.07 -5.75 -2.92 -7.25 4.96 8.72 -1.09 -8.18 0.41 -3.53 -6.95 -4.62 8.83 7.87 3.25 4.11 6.86 2.34 3.93 9.00 9.50 -2.93 7.20 9.50 4.26 -8.06 0.26 -8.18 -7.64 3.30 2.41 1.29 3.91 -0.57 -2.80 
3.15 -4.31 -9.89 5.11 -5.07 -3.43 -7.53 0.58 -4.91 -5.30 -8.33 -3.56 -9.31 4.35 7.62 7.62 9.39 0.37 -1.23 -1.12 -1.14 -9.87 -2.73 -2.46 -9.31 0.84 -8.66 -6.47 0.84 3.94 -9.91 -5.64 -1.55 3.51 5.01 3.23 6.28 2.06 0.92 -6.23 5.01 0.96 3.94 8.06 -9.94 8.89 8.70 -5.07 7.65 1.87 -1.68 -0.45 -5.55 1.46 0.51 -7.41 0.15 -8.36 1.30 -5.43 -5.43 8.74 -4.12 2.82 -7.62 6.38 -2.65 -2.86 -8.62 7.42 7.61 9.69 -4.34 -7.35 -6.54 7.26 7.05 4.83 -2.89 1.08 -2.37 7.98 5.14 2.97 -8.04 -9.34 5.81 3.62 -2.38 -6.97 9.08 -8.57 -8.34 -5.42 -8.87 -8.61 -6.96 -8.80 2.62 7.99 8.36 7.06 9.45 -0.50 -0.03 -9.88 9.90 -0.89 5.88 9.81 6.37 -1.48 9.90 6.15 -2.03 -5.59 -2.12 9.51 1.64 5.94 3.01 -9.40 3.60 -7.96 -2.45 -2.46 -3.08 1.27 -1.50 1.48 2.70 -5.56 -1.82 6.87 -7.18 -3.82 9.97 -4.02 -2.58 7.93 7.31 -0.75 -7.36 -5.16 -0.22 5.59 -8.08 -6.64 3.91 -6.29 0.81 -9.56 -5.38 7.38 3.94 -0.87 3.86 -3.31 -9.71 -1.15 4.54 -2.93 -7.06 2.84 -0.83 8.71 -7.33 -9.28 2.90 -8.88 -3.73 1.92 3.34 3.81 9.34 -6.44 8.34 1.93 9.55 -6.75 6.43 -3.10 7.92 -4.94 7.53 -1.27 1.46 -3.07 2.78 -9.82 0.41 9.33 5.25 -2.99 -2.88 0.90 0.28 4.50 -9.06 8.56 
-6.04 -9.06 3.32 0.79 -7.97 0.77 -6.92 8.89 8.54 -5.44 -4.20 -9.33 -5.31 -7.94 -4.40 1.63 -9.06 1.79 8.14 -8.08 8.05 8.54 -5.63 -1.45 3.70 3.65 -9.49 8.07 -9.92 5.22 -3.46 6.76 5.19 9.07 -3.54 8.84 -5.95 6.29 4.35 -7.89 -6.11 -7.05 0.70 -2.86 -3.67 5.21 1.36 1.09 -1.28 5.75 -4.63 6.45 -6.86 -3.48 8.38 -1.44 8.27 -8.56 -4.43 -5.01 -5.87 -4.85 -6.86 -4.82 -2.46 -9.42 -9.84 -0.62 -7.87 8.48 9.19 3.18 3.71 -0.42 3.24 7.01 2.02 5.13 1.39 8.81 -4.11 4.31 4.86 8.48 1.58 4.74 -0.80 -0.59 -1.82 -0.11 -2.94 -7.08 7.93 4.58 -1.25 -5.05 2.21 -4.13 6.35 -5.80 -4.20 -3.96 -3.70 -5.16 1.99 7.13 -2.54 -0.63 -6.89 8.55 -0.43 2.08 9.92 -9.79 4.43 4.81 0.81 -2.01 -1.16 -1.17 2.04 -5.62 8.91 -1.47 3.73 -0.93 -8.41 -6.96 0.69 2.42 -3.47 1.88 -5.04 -2.97 6.18 2.44 -5.10 5.54 -5.92 1.18 -4.13 -4.02 -2.73 -7.14 8.71 9.11 4.38 -5.17 8.35 3.55 -9.92 -7.01 0.06 -3.62 9.63 -8.77 -8.07 -8.47 1.14 3.08 -7.03 7.50 3.04 -3.32 5.55 3.60 -2.05 -5.35 -4.96 7.45 -7.57 -0.44 2.08 4.63 -4.69 -2.51 6.49 6.08 -7.43 -5.54 8.18 -9.58 -3.90 -0.21 2.86 0.43 -8.11 -2.31 3.70 9.58 5.53 2.96 -2.86 -6.37 3.36 -8.69 6.16 7.12 -3.34 5.64 
-6.07 -3.05 1.45 0.50 -7.93 -9.59 7.89 -0.89 -7.59 3.53 -7.61 -2.31 2.11 9.97 -8.63 -6.17 4.48 -2.41 -5.59 -1.75 1.66 -8.90 -3.95 5.57 -3.82 4.52 -9.08 7.80 2.18 -9.35 -8.49 -2.01 6.16 -4.17 -4.65 -7.12 1.64 4.49 -5.23 -3.56 -8.85 8.07 -9.17 6.25 -6.21 -2.13 3.26 9.95 -2.70 -8.26 5.60 -2.41 -6.98 7.04 -4.76 2.94 7.71 -8.32 2.46 -1.40 -7.88 2.78 9.79 -2.11 -5.03 9.77 0.38 6.31 -3.73 -9.77 9.20 -4.40 2.12 -6.90 -3.81 2.42 6.79 0.61 -8.79 -0.67 5.74 -4.04 1.22 3.01 9.78 -8.52 -1.59 0.76 6.35 -4.07 4.30 -7.76 -9.44 -9.06 -3.69 -2.56 2.98 1.02 4.10 4.34 -3.69 2.21 -6.93 0.68 -7.20 -0.72 -5.70 5.93 -0.65 -5.93 3.87 -7.53 5.47 8.71 -4.86 -1.67 -1.68 7.58 5.26 -1.06 1.23 -7.64 8.00 9.80 -9.58 1.47 -8.82 -1.71 -2.13 -4.52 2.10 -2.52 9.44 -9.78 9.48 5.76 3.74 1.28 -5.07 -2.33 -7.00 -0.07 3.11 3.93 -0.63 6.45 6.90 7.10 9.13 0.02 7.99 -5.46 -2.17 9.86 -7.71 5.55 -1.72 7.37 -4.34 -1.12 -0.46 1.21 3.38 -2.79 0.20 5.83 -3.98 8.86 -3.00 2.33 7.48 -3.04 6.14 -4.88 2.67 6.82 7.90 -6.18 9.32 -5.92 8.91 -6.35 -6.19 1.78 2.74 -4.79 4.01 1.85 -9.46 8.63 5.27 -1.65 3.40 5.65 0.48 1.41 1.43 6.21 -1.01 -4.68 
-5.23 6.18 1.77 0.61 -7.75 -9.38 5.18 5.91 3.77 -0.78 8.71 2.30 9.53 4.16 3.31 -9.28 2.93 9.05 0.79 -4.22 5.33 -2.77 0.92 8.25 1.51 -5.32 -4.25 7.64 -9.18 1.63 -1.36 -8.26 2.20 -2.07 -1.97 1.29 -0.18 -6.59 4.58 9.78 5.69 -3.93 5.39 -3.25 -1.96 -2.88 0.14 -3.01 5.32 0.41 4.05 -7.42 -7.25 -2.20 8.96 -9.99 2.82 -2.61 -3.53 -3.01 -9.58 -8.58 -5.69 7.07 -8.43 5.57 1.33 -9.69 8.94 -0.46 -5.19 -2.90 -5.81 6.27 -5.42 -5.92 -9.62 0.57 5.63 1.65 -8.93 1.43 -6.66 8.94 3.36 5.53 -3.53 0.24 -1.83 4.75 4.03 6.98 -8.85 8.93 -4.52 -4.04 0.59 9.29 4.86 7.07 1.89 1.15 5.26 -4.35 1.63 8.72 5.97 -6.82 -2.89 6.12 -4.15 2.84 -9.69 3.23 7.54 1.16 -4.99 -9.99 -8.17 5.56 -2.23 2.51 -9.30 -1.09 -4.09 8.24 -8.13 -2.67 6.17 -4.07 5.62 -6.28 7.09 8.69 -5.65 -2.68 -3.36 -6.78 3.72 1.28 -6.62 -8.73 -5.50 1.00 -8.47 -0.30 -1.48 8.92 -2.85 -9.25 7.96 -7.73 1.55 2.73 3.81 -3.84 2.59 4.96 2.87 0.91 6.14 -9.94 6.26 -2.69 9.40 5.82 -5.91 6.85 9.09 3.38 -8.36 -3.80 -1.13 3.80 -1.97 -3.66 4.60 -9.96 5.74 -9.52 6.98 -9.21 -3.73 8.42 -2.51 -3.93 -3.78 4.90 7.23 -6.53 -4.59 -6.60 -7.11 -2.53 5.75 -9.31 -6.45 4.82 8.16 0.85 
-4.36 8.08 -5.98 0.23 -4.77 -6.07 7.18 -7.67 -7.52 0.08 3.58 0.62 -7.74 7.26 -1.62 -8.29 6.19 4.71 1.69 0.91 1.02 0.93 9.04 1.61 8.60 -2.62 -8.12 -0.33 8.35 -3.62 -1.94 5.45 0.34 -0.24 -3.74 0.14 0.21 7.30 -9.29 -6.26 -2.92 4.76 -9.34 -6.39 2.04 -5.30 4.98 4.00 5.24 3.26 -9.31 4.76 6.49 9.15 -4.23 -0.29 -8.14 -4.63 -5.81 1.82 2.08 -8.62 7.77 -4.60 -1.58 -1.58 -5.41 7.82 7.07 9.98 -2.82 8.23 -1.90 7.78 6.93 -5.75 9.09 1.25 9.36 4.38 3.46 -8.51 6.66 9.38 -1.24 -3.74 4.43 -2.83 6.55 -7.62 -6.91 -6.07 -2.78 9.25 2.65 3.53 9.14 -6.49 -0.97 -9.55 -3.75 -5.18 6.45 -4.13 3.08 -7.59 5.81 -2.81 -7.92 -3.44 6.47 -9.57 -5.73 3.11 2.35 4.19 -6.75 6.49 9.17 8.03 -6.25 4.82 3.91 -6.30 9.76 -3.55 -1.05 1.43 7.38 3.44 9.38 6.09 -7.79 9.82 -6.73 2.67 -4.69 -2.06 6.23 -8.99 -1.40 2.33 6.15 0.10 -1.45 -1.50 5.37 -6.94 7.92 -0.89 -8.88 -9.50 9.54 -7.64 3.77 -9.94 -6.59 7.65 -4.24 -8.71 -4.78 -0.24 -0.95 -9.93 -3.26 1.50 -5.62 -1.05 5.13 9.84 8.58 6.23 5.41 -1.33 0.50 1.63 9.65 -3.15 9.12 6.59 -1.73 7.32 7.46 5.82 -8.60 -7.99 -7.40 0.16 -3.03 -3.57 0.64 6.25 -1.55 4.83 9.64 8.11 -5.24 -9.56 5.69 -3.31 
3.53 8.89 -7.15 7.16 -0.58 -4.76 5.92 -1.24 7.38 5.23 0.87 -5.84 -3.57 -9.09 3.01 -6.04 5.57 8.78 4.31 2.96 4.92 4.12 -7.31 9.02 1.57 -0.50 9.18 -3.35 -5.94 5.56 7.83 -4.77 -5.46 3.09 8.65 -1.67 -4.17 -9.76 -5.23 0.51 -3.41 -7.40 6.86 -2.53 -0.64 -0.05 7.89 5.69 6.64 2.32 -3.40 0.30 -2.27 5.59 0.90 -1.95 5.81 -9.18 -7.02 6.42 5.92 0.39 -6.81 6.16 8.58 1.04 -2.12 9.66 8.14 3.77 5.62 -6.18 7.38 -4.09 6.37 3.94 -5.92 4.88 4.64 -8.96 2.47 6.41 2.28 -6.25 -6.28 -2.83 8.74 -0.16 -8.76 4.85 8.66 1.53 3.16 -8.71 -8.85 1.67 -6.97 6.76 0.33 5.22 0.76 8.78 9.97 0.88 7.00 -4.38 -7.66 9.18 -9.61 -5.43 5.77 6.07 -8.50 9.11 -9.07 8.58 1.25 1.56 -3.80 6.82 -5.71 -2.17 2.56 8.07 2.49 -0.35 7.71 -7.16 -4.49 1.65 8.12 -5.82 2.83 1.95 8.31 5.85 0.02 -3.03 -5.49 -6.90 9.41 3.07 -0.95 -6.70 0.88 7.53 -6.89 4.36 3.35 -9.70 -7.43 0.80 -0.52 -9.89 -4.78 -3.19 7.46 6.24 6.59 -1.17 5.86 -9.38 3.63 -9.33 6.98 1.66 4.20 5.40 -0.75 2.37 1.41 2.35 4.16 -0.85 -2.67 9.28 1.88 4.15 9.13 -5.30 4.05 -7.01 -1.65 8.69 -9.19 2.46 -7.25 -4.84 -2.86 -5.67 0.82 -0.72 2.11 -9.19 6.98 -9.53 -0.79 -0.96 3.92 7.57 
-3.23 -9.16 5.63 5.24 -3.49 -4.44 -1.39 -7.92 0.80 -7.78 3.65 4.58 -4.67 7.62 0.28 0.75 -4.86 -3.95 5.88 -7.03 2.29 -3.83 -7.97 -3.59 3.00 -4.42 -9.13 0.47 9.99 3.82 -4.82 8.17 4.15 4.66 4.31 1.07 8.89 -8.11 -2.93 -8.35 -7.43 1.02 2.07 -1.98 0.67 7.83 -7.48 6.87 -1.26 -4.31 9.54 4.63 3.58 2.83 3.03 3.05 1.31 -4.62 -3.32 -5.06 -2.53 0.46 -8.35 2.31 -2.67 -9.62 -5.11 -1.16 -5.78 2.50 -8.85 -2.52 -4.58 -8.48 9.98 9.55 1.35 -9.44 -6.14 -2.79 -0.07 2.72 7.44 -1.86 -8.27 3.42 5.05 -4.64 -2.15 -8.38 5.83 -5.66 -5.60 1.22 -0.21 5.55 -9.00 -1.18 7.53 0.57 -0.12 3.74 -2.52 3.85 8.55 -6.31 7.29 -3.56 2.46 -4.53 -4.40 -4.15 0.84 -0.71 2.87 -9.56 -2.59 -8.58 -9.56 3.98 7.36 5.09 -4.57 -6.92 6.78 -4.74 -0.82 6.71 8.06 2.10 3.52 6.96 -5.02 3.42 -0.90 -7.42 -1.02 -8.56 7.26 -3.40 3.93 -1.53 -2.10 9.40 -4.42 -1.88 2.69 6.36 -4.67 8.55 6.38 -3.28 1.57 -4.18 1.25 -7.49 1.75 -8.61 -2.24 6.96 -9.34 8.21 6.73 4.49 2.88 -3.14 6.56 0.30 -3.35 2.54 2.02 -3.76 -7.75 7.29 8.18 8.39 6.31 -9.27 1.83 -5.61 -2.01 4.06 -7.87 -6.58 -8.87 4.12 -0.91 7.28 8.85 7.08 -9.89 6.55 9.14 -8.07 1.76 -9.44 -9.02 6.06 7.72 -9.64 
-6.32 -6.60 -9.85 -7.64 -7.41 -7.85 7.47 -2.91 2.15 1.69 0.95 -6.66 7.70 2.55 4.14 -9.98 3.94 1.37 9.82 1.10 3.00 -5.57 2.39 4.42 0.64 4.62 -5.55 -0.75 4.57 -7.68 4.59 5.31 -9.11 7.47 -3.42 -9.21 -3.12 -5.36 2.98 -0.13 -0.88 8.39 -8.89 -3.80 -5.07 -4.16 -3.90 -4.73 4.73 -2.68 -1.05 -1.74 5.51 -0.00 7.48 3.68 -4.37 -3.00 -0.64 -6.55 9.81 -6.73 -8.42 -6.83 0.16 -0.90 6.43 -4.87 4.60 -6.57 -9.50 9.70 -3.88 8.54 -1.34 -0.24 -9.45 7.48 -0.43 7.00 -3.52 9.70 8.84 1.91 -3.78 3.71 -7.00 9.58 -2.27 -2.03 -2.81 8.66 2.95 3.06 6.27 7.45 -2.03 0.37 0.55 9.97 2.89 -9.56 9.40 9.92 -6.49 7.63 7.43 -7.73 -3.05 9.73 -1.38 4.32 -0.64 -3.58 -9.83 -7.66 -8.62 1.22 -8.33 -0.23 -9.00 -0.70 5.77 9.13 -2.17 -8.73 -3.31 -6.78 4.39 -6.46 -8.84 3.21 9.20 -6.30 6.30 5.65 4.05 -4.60 -6.84 -0.04 -9.70 -8.72 2.60 -5.94 -5.52 8.34 7.44 -3.83 6.20 -8.14 4.81 -5.95 -9.13 9.09 -4.94 -2.32 8.36 9.55 -4.12 3.07 -2.60 5.80 -2.15 -7.54 -2.16 2.35 -2.80 -3.73 -4.78 -1.00 -3.65 -1.32 -5.09 -1.30 5.24 -5.66 8.22 -8.09 9.83 -2.81 -9.46 -8.32 -3.44 -6.58 -9.54 -5.88 -9.84 9.32 -2.87 -5.90 -0.44 3.41 2.98 5.40 9.03 -5.00 8.42 -0.86 5.97 4.86 
4.54 -9.31 -7.55 3.45 -7.79 5.88 -0.96 5.00 2.76 0.36 -1.01 -5.84 7.10 -3.62 9.25 -1.22 -6.73 1.04 0.26 -0.02 1.05 2.22 7.86 9.18 9.12 6.90 2.69 0.26 5.10 -0.35 1.25 5.36 8.20 -1.15 5.42 2.34 5.97 8.95 1.44 -0.83 5.44 9.52 -6.00 -3.93 -0.79 5.82 -1.98 5.56 5.29 2.43 -5.34 5.11 -6.95 -2.30 5.14 9.95 -8.48 4.13 9.90 1.66 -1.98 -6.40 2.59 -2.09 -6.37 -8.08 -7.24 7.56 -1.45 -4.67 5.33 5.83 -6.06 1.72 -2.60 -2.09 5.50 8.46 0.50 1.96 6.28 3.52 -2.58 3.37 4.82 -0.37 -1.72 -2.27 -7.61 -7.97 9.04 -0.84 6.28 -0.68 -1.28 1.90 4.44 9.07 -8.30 -0.49 8.24 4.79 7.39 -8.63 3.73 -8.36 0.50 -0.38 -1.55 0.11 2.43 1.92 -9.71 -0.75 3.80 -5.61 6.41 9.00 -3.97 -3.69 -0.98 5.93 5.36 2.94 -9.99 -0.28 5.86 -8.46 -7.49 -1.85 3.69 7.27 -9.93 -4.51 -3.07 -4.30 7.43 5.66 -9.80 7.92 -9.23 2.80 -2.37 -8.62 5.28 7.21 -2.31 -4.68 8.46 -4.73 -3.05 -4.75 -2.14 8.79 6.50 5.14 6.09 3.68 -4.36 -8.52 1.23 0.59 7.48 -0.61 3.01 9.37 -5.41 -9.90 -6.05 -5.82 3.18 2.06 8.03 -5.62 8.03 -3.03 1.92 -1.00 -5.96 -1.36 5.14 3.78 -5.12 6.93 0.12 -8.80 4.93 -4.74 7.20 2.40 7.47 3.92 -4.05 3.64 9.23 -6.22 -2.48 -9.39 -7.82 -8.63 
6.71 -1.69 7.28 2.31 -6.28 7.59 6.27 0.80 -7.78 2.29 8.05 -2.70 -6.04 2.26 4.32 6.80 -4.53 -2.93 8.88 -0.80 -0.58 -8.00 2.58 2.69 -1.56 0.22 -1.89 -0.52 -6.65 1.41 7.14 -6.74 -8.23 -0.24 3.50 -5.81 6.17 6.88 -8.54 7.13 -6.73 -4.43 -7.14 4.61 5.30 -9.98 -7.70 -8.40 -7.37 -8.04 9.31 4.26 -7.15 -4.94 6.05 4.89 -9.56 -7.33 6.11 0.50 7.36 -8.18 -8.95 5.32 5.43 -3.17 0.69 -6.27 -0.94 -5.22 2.61 -2.80 9.40 4.89 -4.78 -8.68 4.77 -8.59 -3.61 -8.69 2.69 9.19 3.96 9.75 -0.51 2.77 3.06 -8.00 -3.90 7.93 8.21 6.37 -4.70 9.08 -2.78 -0.21 3.46 -7.74 -0.22 -0.14 -9.45 8.73 -2.05 -3.18 -8.08 -9.93 -5.75 -3.31 -3.38 0.13 -9.73 9.31 -4.29 8.75 1.12 4.30 -1.68 3.71 6.25 -5.78 7.90 -2.88 9.40 -9.18 1.33 5.15 -0.16 -6.91 4.42 -5.88 3.63 -0.32 3.13 -5.56 2.39 -3.56 1.85 6.51 0.32 -5.43 -9.64 -1.37 2.08 -0.45 -8.58 5.44 -5.31 -1.21 8.48 -5.37 4.70 9.03 9.98 -4.30 -6.05 -1.47 -4.16 -1.59 -9.28 0.86 3.71 -1.97 -4.49 7.32 1.19 7.31 7.79 0.52 -3.27 4.05 -0.55 4.62 -9.80 -6.74 -7.48 -3.19 -7.00 8.94 -9.58 5.87 -8.74 -4.42 7.91 -9.89 -4.56 4.85 -1.80 -9.83 3.77 -0.87 1.27 -5.12 -2.60 5.95 -5.87 -2.83 9.21 -5.83 -8.32 -6.57 
-5.39 -4.16 -3.33 8.41 5.02 6.13 -4.97 0.68 7.61 2.78 -9.64 -4.11 -8.77 0.16 3.54 -2.97 1.91 -5.40 2.32 5.22 7.49 7.11 -4.48 -4.32 -3.81 -0.66 6.44 4.76 -9.09 -7.50 9.20 9.55 -3.03 2.75 -4.65 -9.24 4.08 4.11 2.97 9.81 0.62 -9.78 1.56 -4.53 0.02 7.78 4.73 5.97 6.85 -1.87 5.96 -6.57 -3.26 -6.29 0.74 8.86 6.94 4.29 0.62 -8.19 -9.20 -1.15 -6.32 -3.92 -3.84 0.19 -1.65 -5.92 -3.07 -1.04 4.38 -4.19 -8.26 0.15 9.34 9.57 -5.99 -1.02 2.75 -4.82 -1.76 -6.71 0.01 9.96 2.62 0.68 -3.26 4.78 -3.82 0.02 -8.63 -6.30 -1.53 -9.59 -7.12 -0.29 0.19 -6.16 0.78 -3.22 6.92 -3.36 -1.63 -7.09 8.76 -4.10 1.86 5.53 -7.32 -2.93 8.10 -7.26 -0.97 -8.91 6.20 -7.79 -5.05 4.67 -2.99 6.35 -0.80 -2.37 7.37 1.40 -7.97 -3.19 -5.60 -4.36 -8.12 -9.23 -0.18 -2.51 -2.01 3.68 4.70 8.21 7.04 -5.99 1.81 -8.01 2.11 -6.33 7.77 8.73 -8.00 1.99 -6.35 -0.99 -8.99 6.83 -7.53 -8.06 3.15 -0.36 4.67 9.28 -8.60 6.92 -6.81 9.31 -0.00 -0.88 -0.30 0.56 -8.72 -2.67 6.36 3.85 3.24 -9.76 -2.96 -4.06 -1.03 -4.34 -0.99 0.02 -9.48 -1.06 -1.78 2.84 -9.22 6.06 -3.32 9.97 -4.82 -3.76 -3.47 -9.04 9.28 -8.65 -9.45 3.42 8.71 -0.25 -4.56 3.21 -2.23 -8.34 2.88 -9.17 
3.20 -7.46 8.92 4.68 9.48 5.96 8.80 -2.35 9.23 6.99 -5.76 2.08 -9.19 3.70 -4.92 6.09 -3.15 -5.78 6.99 -8.56 3.69 9.14 -9.56 -3.20 -7.32 -7.60 1.09 1.17 -5.17 -5.34 -1.55 6.44 5.13 7.50 -6.78 7.09 -2.49 -8.62 7.22 -0.25 -4.34 -1.63 9.93 9.62 4.94 -9.92 0.59 -1.03 -6.43 0.32 -4.47 9.08 -7.52 -6.46 1.18 -7.08 8.71 -0.77 -2.39 -6.29 8.45 -5.06 -9.22 -8.66 8.30 1.96 0.09 1.94 -5.44 -4.89 6.50 -9.15 -10.00 -2.99 2.21 9.93 -0.19 6.68 0.53 -7.36 9.46 7.23 -4.27 -0.42 2.81 2.29 -6.83 -2.23 -2.71 2.19 6.50 -4.97 -0.72 -6.71 -8.57 -0.20 9.03 -9.98 0.56 -3.08 -5.34 8.01 -7.34 2.12 7.68 1.89 -0.94 -6.88 -8.77 6.56 -9.65 5.01 1.49 -8.43 1.27 7.14 -0.73 -0.78 5.75 9.95 7.57 2.48 8.76 7.02 3.55 -8.98 -9.79 -0.08 7.99 -6.49 2.89 2.99 2.29 -4.83 -6.68 8.18 -8.25 -3.81 -5.25 -9.14 8.76 -4.51 -1.24 -2.30 -1.62 -8.30 7.29 3.00 -7.04 -7.97 4.74 -7.12 -6.52 8.96 -5.38 -3.47 0.00 -7.19 4.55 3.70 8.29 8.97 8.67 5.10 2.18 -1.21 8.81 -9.01 0.92 2.39 -5.77 5.62 1.19 -7.50 -7.32 -4.39 -0.20 3.26 4.27 -2.59 1.31 7.14 -2.11 5.39 -3.81 -6.47 -9.28 -6.81 2.91 -2.89 -4.33 -6.94 1.05 4.80 -1.71 -1.88 0.46 -3.57 -4.41 3.59 
-8.98 -1.74 -8.44 1.73 -4.53 7.98 0.24 -5.64 -2.70 2.44 -8.50 -7.21 -1.04 -1.63 -0.81 9.19 -7.53 8.10 -5.45 9.76 9.78 -3.66 -8.57 6.99 -0.37 -5.41 3.10 -2.19 3.16 1.04 -2.92 -6.87 1.89 6.29 1.43 -3.21 7.50 -2.26 -6.02 4.60 -9.49 3.29 3.65 2.14 -9.77 3.30 -7.23 -2.12 -1.90 -2.65 2.77 7.22 -8.46 -3.49 7.58 -5.06 -6.63 -7.52 -0.24 -8.08 5.22 7.82 6.03 3.12 8.47 9.25 -9.19 0.32 8.07 -8.23 -8.41 -3.95 -0.40 -7.41 6.10 -5.48 -6.46 4.82 0.73 5.21 -4.88 2.96 -1.06 9.88 6.12 9.04 2.38 -8.97 5.14 4.37 5.88 -5.31 5.67 -5.50 8.81 2.84 6.97 4.27 -4.66 9.15 2.82 -0.14 -0.71 0.19 -6.89 -4.43 9.54 3.87 -9.88 -2.08 9.71 1.67 5.98 -1.63 -9.01 -2.83 -9.57 -8.07 -9.18 3.64 8.92 7.20 -0.45 -8.85 9.63 -0.55 7.31 5.90 -3.03 8.41 3.46 0.92 4.83 -5.74 -7.86 8.19 -3.58 -6.85 7.24 9.37 9.30 1.50 1.38 4.50 -6.00 5.00 -9.30 5.71 0.86 3.21 -5.24 6.83 0.50 -0.18 5.82 7.31 0.82 0.64 -5.07 2.12 7.99 2.89 -0.28 4.71 -9.55 -1.89 -2.04 5.02 -7.40 -2.27 -5.20 8.85 -4.56 -1.49 1.71 -4.35 3.08 3.93 -0.16 -8.38 8.84 -5.07 -2.22 -0.27 4.33 -8.31 8.69 9.51 0.78 -4.48 -6.43 1.58 7.27 5.56 -9.74 6.80 0.06 4.38 -8.03 5.51 
-4.88 5.38 7.33 -6.32 -8.27 9.92 0.82 1.97 4.19 7.82 -7.05 -0.10 -8.14 -4.64 6.36 3.50 3.25 7.99 -8.03 -5.10 7.02 3.08 7.29 5.06 -4.62 -0.79 -6.26 -2.15 0.46 -3.93 -8.86 -3.61 1.53 -4.89 3.19 -3.79 -5.35 -2.79 -4.83 4.13 -1.42 6.86 3.83 -4.22 -5.85 -3.91 4.98 2.38 7.89 -6.64 1.20 4.83 -6.81 -9.08 2.66 6.10 3.89 -0.43 -5.72 1.77 3.31 -1.44 8.44 6.03 4.15 2.79 -8.26 -1.33 2.90 0.13 -8.64 1.56 -4.84 -6.53 -2.51 -7.96 1.85 -1.45 -8.96 -3.33 -4.67 3.15 -1.11 5.24 -5.70 -5.55 8.59 4.92 9.47 4.05 2.77 5.94 -9.99 -6.63 -5.62 -9.40 -2.77 2.31 -6.01 -4.35 4.02 1.85 -3.85 -5.01 -9.60 0.54 6.25 -9.76 8.77 7.56 -0.27 7.28 5.45 7.46 0.59 4.39 -0.35 -4.90 -4.91 5.61 -5.21 -4.89 -6.97 3.93 -2.67 -6.39 7.33 9.73 8.47 0.12 -5.51 6.75 -5.92 -4.11 2.25 -0.54 -1.50 2.27 5.85 0.41 3.07 2.41 -7.94 -6.28 6.62 7.76 2.13 -1.11 -8.79 -5.99 3.07 8.77 2.17 -0.19 -3.74 -1.00 4.60 8.60 -9.18 -0.90 -4.29 0.35 9.39 0.88 -1.53 -1.25 -8.94 0.42 -6.08 -2.23 3.20 6.25 -2.52 9.01 5.51 4.31 -8.33 -1.09 0.09 -6.06 5.63 1.32 -1.43 -9.65 -8.29 5.98 3.50 9.62 -6.31 4.46 -9.47 6.25 -0.71 -2.91 -2.26 6.41 1.55 1.35 7.33 -1.26 
3.67 -5.55 8.19 -0.83 3.32 -8.39 -8.68 4.29 -4.27 -1.99 9.92 -3.11 -4.51 -2.51 7.19 5.87 -5.40 -6.88 -3.77 -9.01 5.08 -1.12 -4.90 -6.33 9.66 -1.61 1.63 -7.42 -7.61 -7.14 -8.21 -6.22 -8.32 2.38 3.57 6.01 -2.28 -0.62 3.21 6.07 -0.56 -6.26 1.58 -7.73 -6.13 9.03 -1.18 1.35 3.55 -4.88 -5.36 -2.43 0.76 7.62 -0.35 -4.20 5.35 5.78 1.30 6.35 8.82 7.66 1.63 -9.97 2.76 0.48 -6.12 -3.02 -9.89 -8.04 -2.00 -2.39 8.52 9.24 -1.29 2.69 8.25 9.07 8.20 1.25 6.39 4.58 5.89 -7.62 4.83 3.65 -3.53 9.70 6.62 0.61 -8.63 -0.38 -1.48 3.37 9.40 2.77 8.65 7.64 -6.46 4.24 2.46 2.77 -5.94 2.39 -6.61 -3.24 -0.92 9.64 7.29 2.67 -0.68 -3.25 -8.92 -5.64 5.17 0.12 8.38 -6.65 -4.58 -2.59 9.43 0.27 -4.43 3.68 3.74 8.41 -0.99 3.75 -1.24 -4.92 -6.70 2.92 -6.67 -7.31 3.40 4.39 3.89 7.37 6.37 -1.56 -7.12 3.60 -8.76 4.37 -4.41 -4.59 -3.34 8.39 -6.37 -5.36 1.15 5.87 1.81 -4.19 4.39 6.85 0.66 7.74 -5.46 3.04 -6.33 0.87 1.39 8.49 0.32 -3.44 -8.55 7.84 4.10 -9.88 2.34 -3.82 -2.00 -4.58 -8.98 -0.28 -7.04 -8.97 5.64 -4.13 1.76 -2.59 1.83 -3.87 5.60 -6.44 4.86 1.80 4.58 -0.94 -0.95 -3.61 0.94 -5.90 -2.33 -8.31 7.94 3.14 -1.52 5.16 
6.50 6.37 7.03 0.16 -9.72 -4.22 -9.92 1.40 0.33 -5.12 1.78 1.69 4.81 -5.00 -8.71 -2.60 3.12 1.42 1.07 7.90 4.13 -2.14 8.26 -4.56 -1.25 0.76 -7.33 4.92 9.16 8.96 6.71 0.49 3.77 -5.29 0.84 4.76 -7.82 9.26 8.76 -9.17 9.99 -6.47 -1.21 4.36 -3.00 3.77 0.52 0.60 3.34 1.10 -6.17 -2.62 -4.45 -3.61 -6.14 1.73 8.57 1.96 8.50 -6.02 2.12 4.79 6.00 3.80 1.70 2.73 1.72 8.78 -4.65 -3.41 3.71 -4.13 3.11 -7.09 -5.70 -4.57 -0.67 -3.78 -7.29 6.51 -4.20 -9.99 -1.54 -6.67 -5.84 9.17 8.80 2.54 -8.44 8.60 -0.07 -2.56 0.14 -9.37 -2.62 -6.43 3.13 -2.35 -9.75 8.65 6.14 -0.60 -7.71 5.86 2.47 -0.12 -7.17 -7.18 2.20 0.65 7.34 -2.94 -6.50 -7.47 5.99 7.74 -4.88 -3.31 -0.67 -9.87 -3.80 -0.60 -2.97 0.91 7.30 2.07 3.83 8.21 5.45 -2.50 5.27 -2.16 -7.99 9.56 5.36 -3.12 -4.81 7.92 -2.42 2.40 4.98 0.81 3.33 5.15 8.87 -4.59 5.56 -5.37 7.03 3.74 -2.65 2.65 1.37 -2.48 -9.70 -6.37 7.15 0.71 -2.33 -5.29 -5.16 4.61 -8.48 -5.77 5.25 -1.55 -0.07 2.56 -2.51 2.47 8.08 -8.53 -0.19 -6.78 5.50 6.17 4.29 5.17 -0.64 -7.99 8.11 9.96 -2.20 -2.38 8.30 4.00 -7.16 -2.63 4.49 4.52 5.40 -3.04 -7.68 8.97 -2.68 7.51 8.03 -1.95 -7.98 -0.71 
5.09 3.26 4.84 0.35 -9.99 -5.87 -1.44 0.89 5.17 9.24 -7.90 8.81 -9.50 -9.85 0.50 8.27 6.64 5.53 -7.77 5.11 -4.48 2.75 -0.73 2.96 7.89 -1.33 -7.08 -4.19 4.41 -0.93 1.86 -3.01 4.10 7.22 6.99 -2.20 -7.28 -9.98 7.53 -2.60 -4.92 5.00 -1.20 -1.03 3.20 -5.24 9.97 -8.96 -1.29 -3.35 -7.62 -8.04 3.96 3.54 8.75 3.29 5.54 -4.80 -5.72 2.93 -0.26 2.77 -8.02 2.68 -1.56 2.42 -0.01 -4.48 3.95 -1.64 -2.89 -2.48 -9.49 6.44 5.16 -3.62 -0.86 -1.97 -0.01 -7.38 -9.65 -1.88 7.23 6.04 -5.31 -0.88 -7.28 -2.74 -3.55 -6.09 2.03 -6.10 4.61 -4.54 -7.77 6.38 2.06 -9.36 6.89 -4.59 8.54 6.81 9.79 8.63 -3.88 -4.31 -0.57 -8.38 6.66 4.92 4.08 7.36 -8.48 -3.08 -8.32 -4.53 -9.71 -0.04 -7.19 2.67 7.44 5.50 -4.17 9.45 -3.00 -4.48 -7.10 7.21 2.27 7.48 -1.91 -5.79 -8.64 9.59 -6.74 -8.98 4.50 6.18 -9.10 7.68 0.42 1.13 -1.02 -9.45 0.71 -5.76 -6.95 -1.67 -7.55 5.73 -4.02 4.13 3.52 -0.50 -0.59 -8.09 -5.16 -8.16 6.37 5.77 -4.37 -7.96 7.65 0.73 -7.35 8.94 4.13 9.46 -6.40 -7.35 2.89 -6.74 -3.15 2.36 9.25 0.60 9.45 3.94 -5.61 -4.55 -1.58 5.11 4.93 -6.70 -8.11 -3.51 5.43 -1.10 -9.45 -4.44 -1.19 9.05 -8.65 -3.48 -0.38 7.93 8.12 7.18 9.83 2.82 
5.11 -3.17 9.78 6.06 1.89 2.51 -2.90 -2.73 -6.24 8.02 0.64 4.38 -0.24 7.27 3.74 -7.40 -9.46 5.38 0.07 -1.40 -9.48 8.51 -8.58 0.79 9.35 -7.81 -5.49 9.33 0.75 0.05 3.13 -3.03 -2.52 3.74 9.74 2.64 2.94 9.31 -7.71 5.64 0.21 -2.93 0.07 -4.33 5.36 5.92 -0.54 2.76 -7.99 0.03 -6.30 -3.72 3.82 -1.19 -7.46 0.63 -6.76 9.08 9.66 1.81 7.42 8.06 6.77 -6.65 -3.72 4.35 -5.56 4.10 -5.06 6.81 -7.59 -6.07 9.84 3.06 5.13 5.42 -9.91 7.75 9.92 8.20 -2.12 -4.31 4.14 3.96 -8.55 -5.19 -1.10 -2.67 -7.76 -0.09 3.51 7.79 -4.53 9.46 -0.60 -3.42 2.42 -9.01 4.69 1.28 8.35 -5.96 9.02 7.88 0.25 -9.90 -5.27 -0.80 -7.36 3.48 -8.92 -4.96 7.59 5.04 -4.42 -0.82 -7.98 -3.36 2.81 7.48 4.88 6.89 8.16 3.42 -6.38 -5.49 -7.89 -0.04 6.18 1.73 -6.51 2.82 0.85 -8.63 -5.52 7.78 7.83 5.38 -3.84 7.25 2.29 9.79 -6.10 -5.18 8.12 -4.83 6.57 -5.72 -3.87 1.39 -7.73 4.50 2.57 0.03 -1.55 1.26 -6.29 2.96 -7.87 5.43 0.97 8.22 -8.89 7.64 7.61 3.23 -8.52 3.05 5.77 9.09 -5.39 -6.26 0.90 -9.73 1.09 0.88 -9.41 2.34 5.42 9.35 5.61 1.33 -3.62 7.61 1.81 4.22 7.02 3.18 6.36 -0.12 1.59 2.08 1.16 -9.04 8.86 4.12 9.72 6.11 -4.34 -2.49 
-8.53 4.40 0.19 -5.16 -4.92 1.92 -3.91 -3.36 5.01 -6.89 7.87 -4.42 -1.43 -1.70 -4.36 -0.04 6.17 8.37 4.36 -5.49 6.81 -2.38 7.24 -7.22 -6.69 5.87 2.79 -0.43 8.43 -7.38 5.83 6.64 -3.50 -3.16 -6.76 -5.34 -8.12 7.11 4.68 -6.89 -7.32 -7.06 -9.16 1.82 -0.49 0.21 1.83 3.19 -6.24 -4.17 3.26 9.75 -5.78 -7.52 -6.53 0.64 -2.92 -2.97 2.47 5.09 7.72 4.89 -5.72 -7.05 -4.85 7.73 -5.57 3.05 1.14 -1.81 -4.66 0.83 1.63 -0.77 -8.94 1.33 0.19 -3.89 5.83 9.62 8.34 3.54 1.33 1.64 -0.27 -3.89 -5.21 3.81 8.60 -4.04 3.54 -9.87 6.27 -8.34 -0.87 5.68 -7.92 6.91 5.83 4.16 -2.97 8.88 -1.01 5.16 9.66 -0.28 -5.78 -8.16 3.06 7.21 5.79 -2.58 -1.12 4.94 -3.54 5.48 3.92 -9.22 9.50 -1.86 -2.51 6.66 -8.53 5.21 -8.00 4.58 -9.40 -2.63 -4.05 -3.44 6.66 3.95 6.07 -1.10 5.25 -9.76 4.26 2.66 9.68 3.42 6.97 -5.76 -5.72 1.68 -6.61 -4.28 -9.87 -1.28 6.14 -9.17 3.60 -7.48 -9.61 3.16 7.55 -8.62 -7.18 -4.30 -4.02 -5.18 2.05 7.30 -0.50 1.99 8.57 1.38 2.28 8.24 -1.79 6.88 9.63 -7.19 1.03 0.87 -9.57 9.80 -3.82 2.05 -0.74 3.87 -4.96 9.22 2.84 -3.96 -6.34 8.93 8.90 4.83 5.04 8.17 -4.57 -2.76 1.79 5.81 -9.35 2.13 -6.05 -0.08 -1.21 -4.58 
-9.71 -6.85 -6.35 3.53 -0.08 1.41 5.34 -2.32 -2.71 6.54 -9.68 -8.78 -1.74 -5.88 8.64 3.22 -0.37 4.40 5.12 -9.68 3.05 -1.21 4.33 7.85 -4.46 6.93 2.66 8.88 6.50 5.78 2.64 -1.55 -1.00 5.95 7.88 2.04 8.93 -7.07 -7.40 -8.89 -2.34 1.53 9.42 9.73 4.04 -8.51 -6.47 -7.18 8.43 1.31 7.09 1.91 -1.78 -0.07 -0.81 -0.26 0.83 -9.97 -3.79 -0.90 -9.63 2.91 4.73 7.08 8.32 -3.34 -0.63 7.70 6.38 -8.70 1.10 -5.20 9.53 -8.23 -0.86 -5.01 8.07 7.22 2.17 -2.42 -0.90 5.68 -4.23 3.01 -4.68 -5.21 2.90 9.95 4.71 8.22 -1.18 -3.09 -1.71 -3.24 -3.34 -6.59 -1.05 4.70 0.15 -3.63 -2.41 -7.48 9.49 -3.40 6.66 6.17 8.90 -0.08 -0.91 4.62 7.61 8.55 0.87 -3.20 -8.49 4.14 -1.39 9.13 8.43 7.53 -3.66 4.55 1.42 -2.84 3.55 -1.60 -2.94 -9.69 -1.66 -4.39 8.26 5.85 6.34 -6.95 7.20 -9.36 4.36 8.01 -0.58 -5.22 -3.38 -3.04 -2.69 -3.28 -8.45 -4.77 -8.42 -2.16 7.16 5.49 -2.82 -6.74 -0.38 -0.09 8.23 0.85 -5.39 -7.86 2.84 0.18 5.14 -1.14 -9.89 2.56 1.56 -0.60 -7.96 -4.43 -5.00 7.90 -5.84 -9.41 -5.22 -7.70 -1.14 -1.52 9.52 -3.61 6.10 5.02 9.19 0.87 7.14 -2.06 6.01 1.81 8.64 8.25 -3.99 3.87 -6.31 -6.48 -4.17 -1.31 -6.57 -6.12 -1.29 7.35 -0.44 -3.03 
6.56 0.12 8.01 -1.03 7.58 4.45 4.15 -1.11 9.63 -9.54 -9.13 -2.81 8.61 -7.44 -2.54 9.89 7.11 -3.41 -7.35 -9.26 8.75 8.63 -3.91 -4.99 0.26 -0.60 9.67 9.01 2.03 -9.96 -3.64 5.47 8.39 3.25 -5.73 -2.94 -8.07 -7.18 -1.70 -2.21 4.63 -8.03 -4.92 -7.19 -7.96 9.87 3.18 -3.11 3.07 -9.49 -0.71 -5.27 -6.45 -9.77 -1.21 -2.15 -9.20 0.03 9.84 -9.91 5.21 -8.12 -8.78 7.98 3.12 -3.29 -2.48 -5.96 4.96 1.44 -6.94 -5.64 -9.72 2.76 2.59 -8.70 -6.56 8.30 -5.69 -0.36 2.90 1.64 -4.78 8.26 -4.84 -0.50 -1.83 6.11 -5.57 -3.47 -6.16 -5.37 9.39 -7.91 -5.90 8.63 -6.55 8.33 6.03 -7.54 -5.35 9.73 4.65 4.89 -5.36 -6.02 -7.97 3.31 5.32 0.18 -7.95 -0.45 8.89 -6.61 -8.82 5.60 5.96 4.65 -1.47 0.43 4.49 9.10 -9.31 7.05 0.46 9.12 9.11 8.43 -7.18 -9.86 2.41 -1.67 -7.12 4.54 8.97 4.16 -3.44 -1.49 -2.77 8.59 -4.66 -0.82 -2.23 3.09 2.48 8.91 -1.74 2.83 8.15 -2.33 5.69 -5.12 -8.81 3.72 -9.78 4.57 7.71 -4.55 -2.52 -2.78 -8.42 5.95 9.50 7.69 0.02 -6.57 9.96 -6.60 2.92 4.36 0.90 -4.92 6.61 -4.05 9.02 -6.40 -4.81 -7.47 -1.73 -4.90 5.51 -1.89 -7.01 8.99 -0.38 7.20 -9.60 -1.27 5.53 3.30 -3.13 -1.06 9.35 2.86 8.29 -9.80 6.55 -8.06 -5.89 9.97 
4.88 -0.55 0.09 -2.97 3.21 -3.17 -2.93 6.55 -7.60 -1.87 9.75 -1.04 -6.65 2.16 -6.54 -2.04 -7.81 -1.68 -1.64 -3.60 4.87 -3.55 -6.80 -6.52 -4.27 -7.35 1.68 3.56 0.79 2.95 -1.24 -7.53 6.91 4.67 -4.72 1.43 9.28 2.57 -2.53 -5.40 8.46 -0.59 0.15 -2.28 2.68 6.99 -0.34 -5.38 4.13 -1.13 -0.01 -5.36 4.47 9.67 9.23 9.00 0.36 6.65 -4.48 6.11 -9.35 0.51 -8.97 3.90 -3.32 7.41 -1.47 -6.43 -5.19 -8.21 -1.84 -1.86 -9.10 -7.95 -8.50 0.44 -0.58 -0.49 6.17 -1.06 -6.66 -3.62 -7.66 0.10 0.66 9.05 0.68 1.76 9.92 -0.10 3.35 0.34 4.35 -9.86 -2.77 -6.46 -7.65 4.88 3.52 -8.76 -3.93 1.73 -3.81 -6.99 -6.02 0.12 -8.03 -7.55 -0.85 3.46 -0.12 -3.81 4.10 -3.11 -6.02 -5.79 -3.72 -8.79 7.97 -9.57 3.91 -2.45 -8.85 -8.13 -6.36 -7.77 -3.59 1.04 -8.73 5.47 1.36 -5.38 -1.09 7.87 2.80 5.50 -6.26 -4.99 4.83 -9.68 -7.03 -5.79 8.73 -5.68 -6.30 4.96 4.30 -3.08 9.00 9.82 0.21 -1.18 9.04 0.81 -3.83 -2.37 -2.88 -5.76 -6.52 9.10 2.27 -1.31 9.55 0.98 -5.16 -7.54 6.87 8.96 -9.72 3.64 -5.10 2.32 -3.75 -6.93 -7.43 6.50 2.93 -7.66 0.38 -1.11 -5.56 -3.88 -9.69 2.78 7.64 -1.76 4.03 8.08 0.80 8.49 -4.74 1.68 0.57 -6.82 3.00 2.35 -2.01 7.41 8.28 2.22 
1.57 -8.81 -7.44 -0.17 -6.44 6.76 6.32 -6.79 -9.25 -3.26 -2.30 -0.51 -1.24 -6.07 -3.34 -9.77 1.82 7.14 3.05 0.90 5.59 -9.43 -9.38 6.18 7.79 -0.43 -5.11 -7.82 3.26 2.39 -1.29 0.19 -0.39 8.27 9.39 5.29 -5.81 -8.93 7.89 -7.75 -2.42 4.98 7.83 5.85 4.03 7.07 0.87 -1.76 -5.63 -8.17 -5.42 -4.94 5.00 0.27 -3.52 -1.34 9.52 7.71 4.74 -0.36 0.94 -5.70 -3.28 -4.51 4.42 8.69 9.50 6.41 -3.37 1.57 -1.18 -4.14 -1.96 -7.14 -4.56 7.50 -5.15 4.90 2.72 1.24 -2.20 -1.91 0.90 -5.78 -5.39 -5.31 -3.75 -9.20 7.46 -7.43 -7.37 7.51 9.92 -5.25 -5.51 5.08 -3.67 -0.71 -2.81 -0.12 9.60 -9.36 0.54 -4.84 -6.45 -3.55 7.85 -7.45 -4.03 9.55 -2.10 -4.85 -4.47 2.31 -4.16 6.40 -6.67 -3.71 -3.29 8.31 -3.64 -6.56 -3.80 -3.02 3.46 8.11 1.74 0.63 3.61 -9.54 -9.80 1.66 3.15 1.30 1.16 -1.88 7.10 1.39 -0.59 -0.27 7.18 -1.35 8.12 -7.04 -7.99 6.01 0.36 -5.21 0.30 2.39 -1.65 -1.33 -9.90 6.11 3.66 7.58 -3.41 4.43 -9.50 5.97 3.92 -1.14 3.65 3.67 6.46 -4.24 4.54 -8.48 -9.07 -1.04 -5.02 -9.87 9.48 9.02 0.65 3.30 2.75 -7.68 0.08 4.49 -1.82 5.61 7.03 -7.86 -9.20 9.99 -3.24 -0.01 9.26 5.60 -7.48 -3.10 4.34 -1.03 3.48 8.73 -2.87 2.00 3.96 -2.08 
-9.21 3.53 -4.55 -2.66 -9.73 -0.95 -3.71 6.11 7.70 -3.82 -8.01 -0.62 -5.56 -3.21 -2.20 -6.26 7.85 -8.92 -5.46 1.97 -5.19 -5.59 9.29 7.93 9.74 9.15 -2.73 -4.55 -7.69 6.65 7.34 -8.24 0.12 9.91 -0.18 -9.28 -1.81 3.92 -4.64 6.02 -0.36 -7.22 -7.25 -5.30 -3.24 -0.97 0.10 5.74 -5.40 1.46 -8.74 -8.47 -6.41 -6.84 7.36 -7.61 -7.52 -4.40 5.43 -9.19 9.02 -7.87 -1.80 -7.75 -5.13 3.81 -6.34 -3.55 9.03 -8.95 3.80 -6.26 -5.51 -9.91 1.40 3.09 -4.52 0.15 6.49 -9.40 -0.12 -2.67 4.93 -9.57 8.75 6.74 4.11 -4.45 -0.57 -3.11 5.43 -8.29 -3.02 3.18 -3.93 1.28 -5.51 -0.01 8.51 6.69 -6.64 -9.86 7.16 -3.89 5.27 -0.76 2.43 2.83 -3.44 4.01 -5.99 -1.83 8.28 -4.48 5.47 4.96 -5.82 0.07 -8.67 6.04 5.32 3.07 -1.70 7.41 -0.41 8.66 4.09 8.25 0.11 3.38 8.21 -1.85 9.39 8.01 -7.56 -2.43 1.77 6.03 -2.87 -0.60 3.50 -7.01 -3.40 4.90 -5.42 8.09 7.44 -4.91 8.32 5.15 2.44 3.20 -1.30 -1.36 8.26 3.44 6.36 1.33 1.64 -0.14 -4.45 -3.07 -0.62 -2.72 -4.50 -4.07 -5.09 -6.06 5.25 0.96 0.37 5.42 -0.82 -9.59 -5.88 2.82 0.81 -8.89 -7.67 2.80 3.86 -0.27 -9.81 -3.15 4.15 -5.95 8.89 9.64 1.17 -7.22 -9.13 -4.32 -8.23 -7.36 9.85 -8.36 2.66 -4.33 -1.13 -7.06 
-1.95 -4.45 -8.70 3.41 2.06 3.55 -5.60 7.73 6.67 -7.02 9.89 2.62 7.55 1.30 -7.66 -2.92 -3.65 -6.68 -0.45 1.92 0.07 -5.24 -9.55 7.08 0.63 -3.22 3.19 0.06 -0.40 3.50 -2.09 -3.01 2.96 4.26 -0.78 -9.26 1.02 9.62 0.59 9.91 -3.35 -9.76 2.85 7.18 -5.49 -2.32 3.69 4.60 4.15 -1.80 -8.92 -2.45 2.30 -2.40 4.13 -6.60 -2.43 -8.02 3.92 -5.47 -8.70 1.42 0.75 6.33 -0.95 5.30 -9.20 1.34 -2.92 -5.13 6.00 6.68 9.30 4.74 -1.87 -4.87 9.91 -9.13 8.63 8.02 2.25 -1.40 8.21 5.22 -5.27 8.23 9.46 -8.74 2.90 -7.56 9.63 7.88 -8.46 -4.72 -4.23 -3.87 -1.17 -9.83 1.75 -9.96 -2.40 3.28 2.00 4.91 2.33 9.01 6.73 2.91 -3.54 -1.83 -2.31 -5.27 -3.69 -1.65 7.59 -7.36 -1.36 -2.35 3.00 -3.16 8.36 1.05 0.18 -0.48 -4.45 -1.67 -1.98 7.07 3.26 -1.71 -0.55 -5.75 4.07 4.42 2.86 2.90 -9.05 -0.94 -1.04 -3.41 4.75 -7.81 1.82 -1.85 9.15 -2.36 6.03 -1.29 -5.50 -8.52 -0.56 4.57 1.66 2.25 0.71 -4.85 -4.07 3.05 3.40 -8.24 -5.71 3.96 8.97 -0.06 -3.37 6.37 1.93 3.64 6.16 -0.20 3.38 -5.65 0.46 -8.91 -2.96 5.39 -0.39 -4.57 -5.35 -1.53 2.48 1.40 -6.68 -3.85 -5.87 2.67 6.60 -1.22 6.76 -8.36 0.30 9.97 8.27 3.91 -0.30 6.06 9.54 5.62 -6.48 -9.75 
-9.46 -7.42 4.23 -6.89 0.00 -0.77 1.51 -7.87 -8.50 -4.33 1.10 8.54 -8.42 -0.63 2.73 -9.62 6.88 -4.53 -0.61 6.09 -5.53 -0.10 6.24 -7.26 7.73 8.59 4.52 5.07 8.30 0.53 4.07 1.87 -7.73 -7.07 2.74 -1.42 8.09 -5.14 8.86 4.11 -5.21 5.75 8.45 -0.37 8.49 7.81 -7.40 8.22 -2.43 -7.19 -4.48 -7.75 6.22 -6.31 -7.04 -4.62 5.02 -3.02 4.43 -7.57 4.91 -9.82 -2.82 -2.38 9.96 -1.67 3.88 5.99 -7.95 7.59 3.66 3.14 -6.81 0.23 7.24 -5.81 -1.33 -5.73 -4.21 3.06 -3.71 9.27 -8.37 0.33 -3.17 4.79 8.94 8.00 -2.77 -0.53 -5.89 -2.46 6.74 7.04 5.37 1.85 -4.84 -8.35 -2.91 -7.50 -9.37 9.75 9.04 5.69 -3.52 8.74 3.57 6.59 -9.10 4.84 -3.93 -5.13 -2.10 -7.05 -0.67 -0.56 -1.04 5.92 4.84 3.94 -4.71 -1.74 3.73 -1.83 -4.94 6.35 2.18 4.23 4.77 -5.60 1.02 -1.06 -9.93 1.62 -9.82 3.49 -8.91 8.49 -5.99 9.46 -6.74 7.33 0.86 -1.70 7.15 4.08 8.15 -8.16 -5.30 -7.33 -1.70 2.23 1.63 3.91 2.43 5.91 4.52 -8.63 -9.31 1.34 9.36 -2.67 -4.65 0.58 -0.77 -5.38 -4.47 9.30 2.90 -9.17 6.31 -7.11 -0.57 6.07 5.10 4.17 8.41 9.95 -9.90 6.60 3.62 -6.72 7.50 -1.47 -4.65 9.83 7.38 8.47 -6.52 0.12 -4.24 7.66 -5.39 6.91 0.39 8.30 -4.04 0.76 6.25 -4.89 
-2.52 -1.93 -7.48 5.42 5.28 3.24 -1.35 6.16 6.68 -7.23 -3.90 -6.76 -2.47 -1.90 8.44 -2.95 5.23 5.24 -0.73 -3.77 3.44 7.03 -7.38 -6.74 9.74 9.78 1.80 -5.68 -7.21 8.37 7.78 4.22 4.65 -7.01 -0.41 -7.71 5.66 -0.89 8.74 5.36 -0.20 -9.49 -9.44 -3.20 9.63 -7.12 -9.26 8.17 0.28 5.33 -8.76 1.25 5.85 2.77 1.36 7.97 3.81 8.27 9.03 -5.47 6.06 -1.21 -5.22 4.25 -6.64 -0.38 -7.37 -3.40 -4.82 -0.80 1.30 7.21 -2.01 -6.15 7.50 -5.04 4.16 -5.39 6.02 -3.45 -3.58 -6.48 -1.68 -6.85 3.78 -6.09 0.08 0.84 9.77 4.38 -7.13 -8.90 -7.80 8.10 2.06 6.00 -1.90 5.66 6.39 -10.00 -8.76 9.96 1.89 -6.92 6.57 -8.65 -1.71 -2.07 1.83 1.18 -3.18 -0.62 9.47 -8.78 9.51 8.97 -5.45 -4.97 1.80 -4.02 -2.57 7.12 -7.36 0.34 1.54 -3.14 -8.35 9.46 4.75 0.22 7.80 7.53 9.45 0.80 -0.97 2.76 -9.23 -8.34 -5.13 -7.29 -8.46 -8.23 -4.62 -3.05 6.57 2.02 -0.56 -2.27 -5.87 3.83 7.59 -1.42 9.02 -0.11 -4.11 -3.95 0.78 7.73 9.97 -6.19 -2.47 0.02 -2.24 0.02 9.25 -4.20 8.60 1.06 7.06 -5.31 4.01 9.61 5.81 2.79 -5.85 3.07 9.96 7.63 7.61 -0.32 -7.48 -1.55 -8.98 -7.23 -4.83 8.23 -9.23 -2.11 -9.30 6.05 0.62 -5.84 8.01 -6.31 5.39 3.17 8.73 2.16 3.93 -1.45 
-4.17 5.84 -5.93 -6.60 2.77 -1.64 -0.19 6.72 -3.83 -5.76 -8.80 8.13 -5.53 -6.32 -4.36 1.03 -4.38 6.65 -4.27 -0.18 5.59 9.56 -1.77 1.47 8.33 0.28 9.52 -7.58 7.36 2.84 -5.93 0.99 2.79 -1.76 2.51 -7.94 -0.84 -1.96 -0.61 5.02 -4.36 5.87 -5.86 8.72 -2.97 7.57 -0.29 -2.54 2.28 -7.40 6.58 -9.18 0.37 1.87 6.43 -8.60 -8.57 3.68 0.49 6.14 -5.30 -2.62 -0.23 1.50 -7.73 4.02 2.95 -2.58 -8.55 2.27 -0.49 -1.76 -1.29 9.36 0.43 2.26 -5.12 5.71 2.41 0.07 0.09 -4.90 -2.71 8.99 -1.76 -8.92 3.93 6.58 5.09 9.38 -2.98 -2.09 3.93 3.80 -5.63 -5.17 -9.21 -4.23 -6.45 9.95 -3.28 5.94 1.43 2.52 2.70 -6.15 4.96 -8.22 3.12 2.74 -1.30 -5.53 -5.64 -4.21 -3.55 6.03 -3.51 9.58 -5.85 -3.44 8.65 -2.83 -8.69 7.14 4.16 -2.89 2.59 -6.38 5.62 1.14 5.01 -9.47 -2.60 -2.26 -3.26 7.37 1.10 -1.89 9.93 -9.30 1.56 -5.48 1.59 -4.25 -9.22 -3.53 -9.43 -1.27 -1.34 9.53 -5.76 6.99 0.30 8.47 9.23 4.29 5.14 -3.37 1.20 2.18 7.90 6.61 3.78 -8.17 -0.23 -0.94 4.73 -9.06 -4.25 -5.97 8.44 9.55 -6.87 9.72 -2.82 6.07 -5.87 1.31 4.30 -4.44 4.80 6.28 -0.95 0.06 -1.65 -8.28 -6.09 6.17 -3.84 3.01 -0.64 3.54 -7.60 -8.66 -9.17 5.31 3.86 -2.42 -8.35 3.15 
-6.60 8.59 3.76 -0.77 -3.92 9.16 8.25 -4.90 7.20 -0.15 3.38 -2.02 1.88 -5.25 -0.17 1.66 6.85 -8.18 4.65 -1.77 5.75 -8.20 2.93 6.22 -2.39 4.54 -1.63 6.30 -8.90 4.25 8.06 9.90 -5.94 -7.53 8.51 9.39 -4.72 -4.24 7.55 -5.00 -0.42 -2.92 3.77 5.06 -4.54 3.13 6.22 -8.33 -7.14 7.52 -7.47 -2.47 0.91 -6.61 7.83 6.42 8.61 -6.77 -4.58 2.15 7.24 5.70 8.14 6.34 -6.27 4.56 -3.89 3.85 -5.63 4.23 8.45 -2.39 -3.33 0.24 6.31 1.65 3.03 -5.05 2.03 9.81 -9.77 -9.65 -8.63 9.74 -1.32 8.50 -0.03 -1.75 8.75 4.55 0.14 -9.11 -7.68 -7.96 -6.32 -2.32 6.48 -9.25 0.32 1.75 3.21 -1.83 6.97 -2.47 7.84 2.96 -7.12 -4.78 2.24 -6.55 -3.18 -2.84 0.69 -4.32 9.98 1.77 8.72 5.04 -1.19 0.76 5.90 -9.00 2.46 4.61 -3.09 -6.55 9.08 9.36 1.34 6.05 4.62 8.18 0.36 -3.68 0.67 5.47 8.00 0.44 -2.54 2.12 -3.93 8.29 -5.96 -0.43 -5.43 1.83 -5.42 7.72 4.68 2.74 6.75 -9.50 3.74 8.57 5.33 0.23 -3.86 9.96 2.39 -1.74 -2.53 7.37 -1.60 -4.51 0.63 3.44 -5.89 8.54 2.93 3.95 6.10 3.54 2.98 -8.24 9.14 -2.47 5.96 -4.80 6.16 3.72 5.02 -4.29 9.40 6.71 -0.67 2.99 8.39 5.64 -0.07 6.55 5.41 -2.29 -3.45 5.88 4.45 -7.35 1.56 3.85 -3.83 -8.81 
5.81 -9.71 6.86 -6.86 -4.70 6.73 4.89 6.13 9.08 7.34 -1.46 -3.56 -0.51 -1.98 6.52 8.88 -9.59 -6.04 0.68 2.67 7.08 4.58 9.77 5.60 4.81 -7.95 -6.17 1.01 0.29 -9.34 -8.31 -2.37 -1.13 -3.01 3.77 -6.76 -1.70 -5.11 7.93 -3.18 9.94 3.85 -4.31 9.23 5.51 8.32 -3.62 -0.66 -2.93 3.58 9.36 -1.69 6.52 2.10 4.54 8.24 8.79 -0.26 -8.49 4.01 1.31 2.36 4.49 0.75 -7.58 -6.45 2.15 8.68 -2.20 6.62 -7.22 -1.44 2.82 -8.45 -9.14 5.37 -5.06 1.31 -1.83 -0.44 7.73 9.05 -1.57 -5.35 3.86 9.43 3.42 7.47 9.26 7.62 2.65 4.60 3.02 4.25 6.81 6.38 -7.77 6.93 -0.87 -1.37 5.65 -7.08 1.12 3.22 0.13 -6.45 6.89 6.63 -1.26 -3.52 -0.81 -5.75 9.60 -7.96 -6.08 5.20 1.27 1.00 5.14 1.09 1.96 -1.38 -2.54 3.84 -8.50 8.96 -3.20 6.44 1.59 -4.58 -2.36 -1.80 -8.99 5.60 6.66 -2.75 4.67 1.74 7.41 8.88 3.73 -2.62 -3.51 0.05 2.87 -6.76 -1.61 -3.88 -7.06 -9.28 1.41 9.41 7.27 7.10 -2.24 7.91 -1.77 -7.15 2.87 4.64 -6.02 0.85 1.88 6.68 3.03 6.07 -2.03 9.86 3.92 -9.34 1.56 9.32 -6.39 8.30 -5.55 7.91 -6.32 -0.96 6.86 7.78 -8.19 -8.53 2.26 -8.80 -4.93 -6.59 -6.81 9.15 -5.46 7.28 0.96 0.18 4.57 4.36 3.32 0.82 3.83 7.91 5.43 -1.95 
1.02 6.32 -0.73 -8.69 -0.26 0.67 -7.52 -4.47 9.76 9.38 6.12 5.19 4.19 -6.45 5.40 8.48 2.56 -7.94 -9.67 4.92 0.75 1.96 -4.66 6.73 -3.42 8.15 8.32 -7.90 -2.32 -8.11 6.48 8.39 -0.32 -7.76 -1.49 -0.33 -7.84 -0.98 7.92 1.75 -1.58 -3.04 -7.30 5.17 0.11 5.63 -7.56 2.20 -9.69 9.57 9.17 4.05 -2.38 0.58 7.78 -8.21 -8.40 7.25 8.41 -3.02 -2.06 1.08 -3.70 -1.83 -3.10 -3.81 -4.35 -3.76 5.02 -2.44 -6.99 2.89 9.62 7.35 -9.55 -6.95 4.08 2.02 2.42 7.26 0.75 7.00 -8.18 -2.99 -0.14 -5.15 -0.19 -9.49 -5.94 2.91 -9.67 9.46 3.19 3.89 -7.07 -8.78 2.24 2.56 8.95 4.42 5.10 -3.83 -4.94 8.90 3.53 -8.53 -3.29 -2.82 -7.02 -9.36 9.63 -1.22 8.26 -8.04 -5.45 1.20 9.24 4.39 -5.71 1.45 -0.52 -8.91 -2.69 6.99 6.63 3.26 5.75 9.86 -1.98 2.45 4.44 6.34 -9.59 1.46 -5.68 0.71 -4.36 -0.21 8.99 2.63 1.51 -0.13 -9.56 -8.42 9.92 -8.64 0.43 4.96 5.15 2.88 8.44 -7.81 -4.45 3.08 -2.42 6.68 4.89 4.28 -4.27 1.12 1.05 -6.68 1.48 -4.16 -6.34 1.56 0.85 -3.06 -5.98 0.01 6.57 -9.64 6.80 3.10 0.24 -8.77 2.82 7.25 -3.24 9.17 -9.37 6.94 3.67 -0.77 -3.36 -9.06 6.55 9.44 0.08 -1.97 0.57 0.97 -6.65 -2.59 -8.47 0.98 -3.23 6.31 -5.05 1.44 
3.80 0.41 -3.05 -3.76 4.76 6.15 -5.82 6.14 7.52 6.59 5.85 7.92 -6.94 -9.73 -3.41 -7.73 5.09 3.02 -2.48 -5.28 -2.70 -5.33 4.18 -0.46 1.88 -4.14 -3.38 6.60 -3.62 3.53 7.45 1.18 9.14 4.21 -4.34 5.61 6.84 -4.25 -6.61 -5.99 -5.69 -0.91 2.40 3.51 6.89 -7.65 -5.83 -3.11 -1.57 6.04 1.49 2.35 -5.89 -2.35 6.97 1.58 4.27 -9.08 8.62 -6.85 2.43 8.58 3.41 -2.74 -7.15 -6.92 -1.27 -1.21 -4.97 4.56 -7.75 2.63 3.10 0.91 -8.59 -0.66 -8.36 -6.89 -6.65 3.37 -4.14 -7.51 8.35 -8.02 -1.61 -3.79 -6.82 1.45 1.79 -5.59 3.51 -6.36 1.84 8.28 -2.33 -2.14 -1.26 3.98 -5.62 5.04 2.75 0.90 2.41 0.85 8.11 8.33 8.15 9.10 3.12 -4.12 9.19 6.18 -6.02 -5.25 -5.19 -3.99 2.95 8.76 -7.10 5.41 3.61 3.45 -3.42 -9.68 -2.60 1.09 -2.74 2.30 0.35 -5.50 9.45 -7.16 7.99 3.81 -6.53 7.23 -7.73 -4.30 -5.76 1.33 -5.74 -3.67 3.64 8.55 -6.02 2.98 7.21 -7.55 -7.28 9.37 2.02 -2.96 2.25 5.04 -9.03 7.04 3.55 4.43 -8.00 -7.46 -0.92 6.69 2.36 1.79 0.21 -7.35 -6.64 7.55 -6.17 -6.36 -2.60 -9.78 -9.83 -4.59 -0.46 -5.64 7.12 -7.85 2.87 9.48 -0.57 -6.33 -2.63 8.10 -2.49 8.01 0.55 -8.00 3.10 -6.70 -3.74 0.52 9.87 -4.05 -2.40 -9.95 -3.99 -2.80 2.17 3.01 
0.74 5.65 -6.94 -2.44 3.72 -2.88 7.45 -0.88 5.44 -5.64 7.33 7.68 6.83 3.19 7.54 2.57 8.61 -8.09 4.95 2.12 1.45 -8.49 -0.05 4.29 -1.01 9.06 0.15 -9.31 -9.87 6.26 -3.31 1.44 9.30 -1.18 -9.06 -4.87 9.52 -8.82 -2.62 4.65 -7.00 7.68 0.77 -2.94 0.47 7.95 2.21 9.23 -2.49 3.00 4.00 -8.89 -8.22 -7.97 5.44 -2.63 -4.36 1.10 0.34 -2.87 4.71 -9.11 -6.37 9.09 0.10 -0.12 6.32 -6.50 3.80 9.58 -9.08 2.41 2.34 0.95 -5.70 -8.11 -9.99 -4.55 9.81 -7.42 -1.76 6.48 -1.09 8.26 -9.07 3.94 -6.46 4.52 -8.35 -7.91 9.22 9.70 6.73 8.34 -9.98 -1.20 0.18 -8.13 -6.88 -5.90 8.24 -8.80 -5.31 3.79 -2.63 -8.71 0.34 -5.20 -2.72 -6.71 -4.17 9.71 -8.35 6.36 -9.37 -1.34 -8.93 -7.19 1.78 9.85 3.82 -2.47 -6.83 0.65 1.70 -1.54 3.65 0.62 1.07 -5.37 7.86 4.63 -1.13 0.07 8.32 -0.04 -3.48 -8.29 -1.72 -3.94 -9.24 -1.16 9.79 6.87 6.53 9.76 5.11 -1.80 3.48 1.45 -7.64 6.71 -4.41 -3.54 -6.50 4.97 7.39 0.50 2.10 -2.79 -7.91 4.61 -0.15 -1.46 -3.87 -2.90 -7.96 -4.80 -8.63 -2.04 9.03 5.07 -4.35 5.41 -8.45 3.22 -2.66 -3.26 5.47 -5.96 -2.91 9.59 1.05 -4.51 -9.96 8.28 0.36 -4.22 -8.44 -0.72 6.16 1.71 -7.93 0.07 2.06 0.51 5.32 8.11 7.06 4.60 
9.98 -4.07 -8.79 4.18 4.68 8.55 0.56 -6.56 4.66 -5.57 -0.90 -2.34 -6.79 6.36 0.40 -7.04 -4.91 -1.83 -8.61 7.87 -4.99 8.54 6.92 -5.44 -2.40 4.19 -2.28 6.35 -7.02 -9.15 -4.84 -5.57 2.44 -7.97 -5.30 -1.64 5.53 -5.25 -8.69 8.51 -2.38 2.03 -8.04 3.97 -0.18 -0.05 3.07 3.48 4.24 7.16 -3.51 5.31 -2.83 5.21 -1.77 -9.47 3.48 0.76 3.29 -4.94 3.57 0.77 6.85 8.84 -9.92 7.26 0.09 8.95 -8.35 2.99 1.79 3.70 -1.25 2.12 -6.82 -5.61 2.75 -2.49 -0.99 -0.86 8.83 9.07 -1.00 4.54 9.12 -7.84 -9.63 2.06 -5.49 8.76 9.16 -7.27 -3.77 -9.11 -0.20 7.66 8.90 -7.14 -2.38 -2.09 -9.87 0.50 3.24 6.88 -0.08 -5.78 5.26 9.25 6.78 7.04 -8.89 8.46 7.40 4.11 7.76 1.90 -0.99 -3.54 6.48 6.56 -1.26 -9.58 5.49 5.17 4.41 -2.92 -9.04 1.99 -9.56 0.60 5.74 -9.83 8.58 -8.84 2.28 1.71 -6.55 0.12 -6.08 -1.88 8.76 -3.42 -3.47 8.47 7.89 8.30 8.93 -9.80 -2.22 9.07 -7.23 3.17 -0.82 4.16 8.20 9.05 9.09 1.38 9.46 3.35 -6.48 5.49 -3.76 -1.51 0.75 8.39 1.20 2.59 2.46 3.04 -0.14 3.04 -8.32 -1.04 0.15 4.52 3.72 7.62 8.41 -8.21 -0.83 -8.21 2.06 1.67 -1.29 -5.89 -5.59 -9.37 1.96 -5.72 -5.07 -9.34 0.07 -7.23 8.97 6.67 -2.17 7.79 1.41 -3.03 
8.48 7.13 -4.74 1.52 -8.47 7.90 2.48 -1.01 -3.55 3.03 -1.37 -3.09 3.96 -6.13 -1.87 -4.81 -0.78 3.46 2.61 6.91 -7.19 -4.75 -2.05 1.06 3.62 -5.00 -1.66 -2.58 5.84 -4.94 -7.74 -8.28 -2.00 1.09 -5.87 5.55 -4.91 2.10 -6.63 8.29 -4.43 -8.93 8.30 -9.22 -7.99 1.46 3.80 9.26 -2.66 1.87 2.21 1.94 9.83 -2.73 4.37 0.75 -3.58 2.39 9.91 -4.72 8.98 -9.46 3.65 -1.24 0.71 2.41 0.68 0.88 7.99 5.09 0.92 -8.45 -0.15 4.84 -2.00 7.45 4.02 2.90 3.31 1.72 8.13 9.96 -5.33 4.52 -1.66 3.57 -6.64 8.49 -8.26 -9.46 -4.15 -1.20 -5.31 -4.97 9.36 -0.49 -2.37 0.53 1.12 1.39 2.10 -5.34 -5.17 2.67 8.20 -6.31 -7.79 -4.69 -0.77 7.60 -8.11 7.98 -5.82 8.91 9.11 -6.80 5.72 -0.94 -0.47 -4.53 7.05 5.49 6.17 6.47 5.08 -8.90 7.45 -6.62 4.43 -0.38 -5.96 -3.01 -6.76 -9.33 -4.70 9.48 -0.17 2.08 1.95 -0.26 -2.58 7.74 -3.86 6.86 -2.19 -1.41 -8.84 6.53 -0.26 7.78 -7.56 5.86 -6.96 1.10 9.33 4.49 -7.15 -3.30 5.14 -1.06 4.63 4.51 3.84 2.16 3.92 1.47 -6.50 -0.88 1.44 -0.57 8.23 -3.25 -6.80 -4.09 6.22 9.42 -2.64 -8.86 -0.19 -2.88 0.65 -5.61 -3.51 0.84 2.92 0.45 -1.05 2.11 -0.98 8.84 5.80 -3.84 7.52 7.28 9.29 -2.89 4.30 -7.54 -9.00 -5.99 
3.88 -8.90 2.77 9.69 -4.58 -9.44 -8.66 -1.03 -2.73 8.21 -1.07 -0.04 -6.59 -4.53 -3.32 4.69 4.89 -1.53 -9.69 -8.97 7.84 7.38 -4.33 2.64 1.54 7.95 -0.41 -5.43 4.88 -8.84 2.23 -3.02 5.56 -0.11 0.89 9.62 -6.95 -4.44 -9.31 8.19 -0.68 2.77 -3.50 -2.24 2.70 -3.39 8.48 -4.33 4.77 -4.77 -3.20 0.27 -7.45 -3.03 -9.21 1.44 9.84 -0.74 -6.48 0.41 -5.20 -3.08 4.50 2.79 -9.40 0.38 -8.93 2.62 -6.45 1.70 -7.44 -3.63 3.38 -3.13 7.39 7.73 6.27 3.82 -3.05 6.34 -6.58 7.87 -1.00 8.88 -4.75 -9.76 -3.35 2.11 6.02 2.76 6.74 8.10 -7.92 -9.46 -1.19 2.57 8.29 7.41 2.75 5.63 3.18 2.79 8.11 -9.79 8.00 -9.93 9.95 8.37 -1.67 8.12 -1.92 -9.80 9.71 3.78 5.18 -6.19 3.07 0.23 8.80 -4.69 3.53 -1.82 -2.44 -9.12 9.95 5.45 1.15 -6.97 -8.71 -5.37 5.66 2.05 -4.18 6.75 7.59 0.96 9.53 -9.89 0.24 -8.84 4.85 -7.76 2.44 9.38 -5.96 -7.32 5.95 -2.89 5.40 0.26 6.42 1.14 -6.89 8.62 0.67 9.45 2.87 -4.92 -1.52 -7.41 -2.78 -0.58 -4.63 -3.56 -3.34 8.93 7.72 7.37 -3.27 -0.09 -8.21 9.32 4.61 -5.26 1.74 -8.30 1.79 -3.51 -6.25 7.81 -2.08 1.56 -5.01 -0.33 -5.56 -9.19 -3.02 -0.96 7.88 -0.80 -7.10 -2.22 5.37 -4.01 8.94 2.05 4.29 0.77 1.46 -7.61 
9.79 6.76 -5.56 3.88 7.34 -5.04 8.32 6.00 1.73 0.24 -8.96 2.23 4.08 7.59 -4.25 -1.49 -8.48 -0.68 1.89 9.70 -4.28 9.27 9.15 1.47 -0.45 -3.67 -3.22 -3.99 7.43 -6.98 -0.23 -5.59 -6.85 -5.61 -5.65 2.80 -0.84 3.52 7.77 7.88 9.71 -3.19 -7.78 5.39 9.18 -4.50 -0.86 7.43 3.39 9.83 4.24 1.09 0.88 7.96 -6.11 -1.48 -0.90 5.22 -7.37 -8.35 -6.95 2.82 -7.58 9.13 6.50 -4.73 8.02 -6.39 1.84 3.42 -3.79 9.11 2.08 2.68 -5.79 -9.73 0.47 -8.16 -2.01 0.53 -6.35 2.90 0.18 2.88 -9.28 3.98 -7.03 -8.79 -6.88 4.77 7.84 4.39 -0.65 -8.08 8.42 -8.57 2.05 -0.02 2.56 -0.01 2.32 -0.92 -9.25 7.13 7.25 -8.25 -2.65 -1.66 6.09 -0.93 -7.36 -3.97 1.34 1.51 8.78 0.26 -3.88 3.44 -9.57 5.79 -5.30 5.39 9.91 -9.67 -2.84 -2.53 6.11 4.60 -6.20 9.51 9.69 -8.57 -3.21 3.18 -6.54 -2.01 -3.62 0.17 2.51 4.08 4.60 -6.72 8.35 0.65 9.57 -1.33 -6.38 -4.87 3.16 4.55 -6.47 -0.31 -6.25 -4.68 1.80 9.37 1.75 -3.45 -9.51 6.52 -0.40 -6.25 4.23 9.72 -0.67 6.73 7.50 5.83 -6.34 7.57 0.20 -9.33 6.77 5.37 9.63 -9.94 5.72 6.22 8.66 -1.19 -8.69 8.31 9.17 4.37 -4.77 3.28 8.68 -9.10 -2.08 -8.73 2.68 -0.87 -7.35 -4.99 1.62 1.66 -1.08 4.86 -7.46 -8.80 
-1.57 -6.06 3.64 5.64 0.35 0.75 5.10 -8.23 -0.22 -1.44 7.43 2.92 -9.67 5.06 -8.06 6.81 2.34 5.97 -5.45 0.46 6.97 -6.42 5.92 8.81 -5.87 -7.79 -4.41 2.30 8.36 6.81 3.98 -4.42 -2.34 -2.27 -4.17 5.04 -8.79 -9.16 2.60 7.47 -5.13 -7.12 8.72 -0.84 3.21 -4.90 0.67 -5.04 -5.64 -6.76 5.91 -4.90 3.33 -4.07 -5.60 3.91 0.85 -5.57 6.73 7.90 -0.49 3.04 -5.73 -1.11 -9.05 0.70 5.00 7.18 -5.65 4.80 8.84 -8.61 -4.67 -5.12 -1.56 7.41 -0.72 -3.06 8.74 5.94 -1.85 -7.07 -0.98 -5.84 4.89 -9.43 4.50 -7.07 2.12 -2.24 -3.80 9.05 -8.83 5.00 -2.80 4.05 7.55 -4.78 4.02 8.48 -4.85 -2.19 -5.52 -6.90 5.14 1.91 2.13 5.45 -4.80 -0.36 0.43 7.52 4.33 6.58 1.06 5.12 -5.49 9.41 -5.03 2.06 -9.16 0.16 -5.59 2.19 -0.40 3.46 3.75 5.67 3.44 3.75 7.98 -1.28 4.03 7.92 9.47 0.87 -6.09 0.37 -3.79 -8.03 6.36 -6.28 0.26 -2.79 -6.58 7.19 -0.04 -6.76 0.70 6.95 0.71 -7.27 2.36 -6.64 2.46 1.74 -7.46 -7.02 7.73 -4.14 -5.04 8.11 -6.69 -9.55 5.14 5.46 0.55 -3.06 -6.64 0.20 -8.49 -6.85 4.52 -3.14 6.91 -3.56 -7.84 -0.77 -9.63 4.83 -6.03 3.86 -9.85 -2.61 7.15 -6.49 6.60 -7.01 -4.75 8.98 -7.32 7.02 -5.37 -7.83 -4.98 -6.52 -6.30 -5.26 -8.68 8.09 
3.75 4.39 -7.04 3.37 -4.95 5.99 -0.46 -6.38 -3.05 5.45 1.88 -1.90 7.41 -7.76 -3.16 -2.12 -1.15 0.70 4.66 8.67 -3.97 -3.90 6.55 -0.63 -1.50 -4.09 -2.24 9.72 7.02 -8.51 0.23 4.30 -4.13 9.57 0.71 4.33 7.82 -4.47 -9.92 6.42 -8.33 -6.37 -5.01 4.07 -5.41 4.24 6.07 -7.98 -4.96 -4.81 -6.14 0.17 -1.20 6.72 -4.20 2.05 6.19 -3.79 2.01 3.15 4.25 -5.42 -8.35 -8.50 -4.73 6.14 -2.96 6.38 -8.75 9.20 6.39 -1.84 9.70 -4.23 5.47 3.03 2.97 -6.41 -0.82 4.19 6.46 -4.39 1.84 9.86 2.41 -7.85 9.72 -2.56 1.96 4.19 3.20 -8.45 1.11 -9.60 -6.96 -8.04 1.61 -3.36 -3.90 -8.11 -8.96 3.90 7.15 -0.92 -3.45 -7.51 -4.23 -3.99 9.52 6.79 8.61 3.90 -4.43 -8.72 -2.27 -10.00 1.95 9.53 5.55 8.02 7.01 4.91 -9.98 -6.83 2.27 9.59 9.98 -2.47 1.57 2.86 -6.11 7.59 -8.73 0.09 -5.89 6.88 -6.94 -5.87 0.47 -3.59 6.92 -6.63 8.48 -9.44 -8.27 -5.61 6.32 -0.36 -1.46 9.17 9.01 -9.97 -7.44 1.61 4.16 -4.67 -3.74 -1.60 4.10 3.91 -3.33 -0.88 5.31 -2.77 -5.69 2.73 1.69 7.55 -9.34 8.54 -1.46 -7.64 -8.44 -6.65 -9.72 -5.12 -0.19 3.08 9.60 -7.71 -8.61 -9.15 -7.48 7.31 -1.23 -5.81 9.78 -7.81 -5.58 -7.38 6.07 5.52 -3.74 -8.07 6.89 7.97 9.08 7.43 -7.80 2.73 
2.60 -8.69 5.51 -5.72 8.14 6.28 -9.03 6.31 -8.43 -0.86 -1.00 -6.17 -6.11 -5.61 -6.61 -1.65 3.14 6.42 0.04 8.94 0.45 7.57 -7.78 2.87 -1.87 -9.88 -7.07 5.08 -7.43 -8.40 -2.52 0.03 -6.03 9.49 2.36 5.76 -8.43 7.68 -9.09 4.92 -5.96 8.09 -3.89 3.22 2.78 9.63 -2.46 7.75 -5.28 -2.62 7.37 2.95 -2.97 9.54 -0.88 4.87 5.22 -9.79 8.44 4.09 0.20 -3.37 -2.35 -1.13 9.59 -4.32 2.17 5.44 -9.47 -3.64 -9.46 -3.02 8.43 -6.98 2.30 -0.05 6.03 -3.54 5.59 1.50 -6.80 3.97 -7.24 -2.35 9.99 1.64 -6.16 7.26 8.12 -5.81 6.07 -2.66 -6.03 8.77 -2.83 7.44 3.07 1.17 -3.24 7.43 -9.09 -4.86 1.99 8.49 -2.79 -6.53 8.35 -4.00 1.82 -4.57 -6.60 9.78 3.53 8.26 4.71 0.54 -4.81 -7.86 -0.39 -1.21 8.14 9.42 5.49 -1.90 -7.08 -8.85 -1.03 2.89 9.61 -3.74 2.92 1.58 -1.00 -2.89 4.05 7.03 -9.77 9.65 8.52 5.63 -5.83 8.65 -8.23 -7.20 -2.05 6.89 -2.45 -9.53 3.88 5.07 6.30 1.97 -9.42 -8.80 5.86 8.65 -5.13 2.73 -4.13 3.69 6.82 -8.21 -4.87 -9.02 -1.66 4.84 -4.71 9.76 -5.05 -8.89 6.58 2.36 -9.61 -6.53 3.27 -5.78 -7.98 9.46 6.72 -5.94 -4.05 -4.72 0.93 5.96 -2.94 -4.97 -0.18 -1.04 5.02 -7.23 5.28 7.55 -6.38 5.01 -5.89 -4.76 6.68 -0.61 -4.56 5.06 
2.75 6.27 -8.97 -1.19 7.17 -7.28 6.66 -1.27 6.71 6.20 -4.80 8.28 -2.06 -2.02 -1.75 7.97 4.88 -5.48 4.37 -4.95 6.73 1.31 -0.97 -7.07 2.12 -2.97 -4.81 -8.49 -6.38 4.38 -4.31 -5.35 2.35 -0.77 5.41 8.35 -3.82 0.87 9.66 -3.08 -8.10 -0.28 2.16 8.78 6.45 2.42 -5.93 8.27 2.44 7.85 5.22 -6.14 -6.53 -5.54 -2.66 2.87 -3.50 7.81 9.57 1.52 -2.58 -5.28 2.71 6.46 5.24 -5.17 7.38 8.39 9.91 -8.11 -9.98 -1.15 -6.79 -3.27 -6.62 7.35 -1.72 9.30 3.10 6.75 -6.96 -1.99 -3.17 1.22 -1.50 5.52 6.72 5.59 1.66 -2.01 -5.39 9.98 -6.63 -1.66 -7.11 -9.38 -4.27 -5.93 -9.45 -0.61 -3.12 2.48 0.18 -9.27 -9.98 -3.21 6.76 -1.98 9.64 1.96 1.30 -1.90 -8.93 9.12 7.64 -2.49 -9.08 -4.28 -2.39 9.99 1.74 2.81 2.49 -2.45 5.92 5.43 7.94 -2.91 9.80 8.90 5.61 6.37 -7.03 3.84 -8.33 7.76 -8.36 -3.63 9.15 -5.99 9.57 8.59 6.29 5.99 -4.87 5.67 -7.51 6.39 -5.71 -3.15 -8.64 5.72 -0.83 -7.75 2.58 -0.68 -5.32 2.59 7.22 3.70 0.34 6.76 -6.81 -0.04 7.91 -4.75 -0.09 0.31 -7.88 9.20 -6.19 1.10 -9.94 -3.11 5.31 -2.41 -9.92 -8.40 -9.62 3.21 9.23 -6.32 -6.39 -1.28 0.45 9.32 -6.82 2.20 -2.58 2.41 -8.10 -5.46 -3.97 2.94 -3.92 -8.50 -2.14 -7.28 2.67 -3.03 
-1.45 7.74 -0.60 -0.64 0.95 3.84 -2.98 -7.88 3.52 7.96 6.34 -8.42 -4.20 1.40 -9.21 4.05 0.58 4.82 2.39 -2.81 9.17 -3.01 5.10 2.91 -7.70 -6.81 7.59 2.78 4.84 6.48 -4.99 8.15 9.73 1.90 -8.91 8.15 4.27 -4.16 -9.18 5.08 6.65 7.11 4.41 9.42 8.19 -2.99 -6.86 7.42 -3.00 5.53 -8.21 9.58 -2.91 -9.92 1.84 -7.85 4.19 -5.97 5.05 -4.56 -2.74 5.34 3.48 -3.97 -1.51 9.89 1.93 5.42 2.56 -9.52 1.00 -2.45 -0.61 9.43 -6.12 9.39 8.86 -8.83 1.73 9.07 -8.97 3.15 -2.83 6.91 1.22 5.37 -8.39 -1.45 5.66 -0.19 -6.29 7.44 5.11 -6.91 6.02 3.24 -2.29 -3.45 2.27 3.21 9.06 4.14 -5.64 -2.77 6.37 0.43 -1.08 7.50 9.11 -8.90 5.89 8.84 -8.53 1.32 7.33 9.52 9.97 6.94 -1.40 7.46 -2.29 -2.75 3.35 0.21 -6.04 -8.44 6.44 1.87 -4.17 9.08 5.66 4.75 -2.25 -6.77 1.02 2.03 2.86 3.86 1.92 -9.36 0.95 3.58 9.86 2.51 -7.49 9.78 -4.79 -5.49 -3.31 1.07 -9.85 -7.71 7.24 -8.26 -4.11 -6.50 -3.37 -6.76 4.95 3.51 2.22 5.73 -5.98 5.84 5.38 -8.70 -2.67 -9.46 -9.42 -0.66 5.39 6.27 -8.60 2.74 -5.91 5.28 -1.72 -5.45 0.94 -9.09 1.25 9.06 -7.04 4.84 -7.69 6.40 2.72 5.79 1.84 -3.53 -1.61 -8.36 -5.14 -4.40 5.07 0.52 3.49 4.77 -1.05 6.66 
-3.79 6.30 1.55 -6.09 3.63 -5.71 -3.64 -7.43 -9.06 3.48 -9.72 0.46 -8.90 -3.44 2.31 0.30 3.36 -2.50 8.10 7.17 1.20 0.55 -3.44 3.45 -2.14 -3.17 -6.39 4.74 -5.80 4.77 -8.93 -0.36 6.74 5.35 -3.99 -3.14 -7.71 -0.24 -7.55 3.84 -9.67 -7.63 -8.08 -9.46 -5.27 6.78 9.46 1.80 -0.40 -6.98 1.81 -5.87 -6.27 -7.71 4.63 -6.97 -4.67 4.10 4.04 1.74 2.72 4.75 7.04 6.17 8.59 -2.02 -0.97 -2.10 2.16 -4.90 -2.97 3.89 -9.72 -5.53 6.45 5.48 -7.94 3.50 2.57 -0.97 9.58 3.03 -5.57 1.41 -3.71 6.43 -7.79 0.60 -1.76 -5.13 -2.28 0.51 3.70 9.08 3.40 0.68 -2.00 8.85 1.97 -5.37 -7.61 9.92 -5.92 -4.66 9.97 2.52 8.94 -5.78 -8.37 -1.04 -8.50 -1.16 -7.85 5.01 3.20 -7.31 -5.15 -2.52 5.88 -3.33 9.08 2.01 9.45 -3.76 5.52 -1.61 -7.91 -4.78 0.01 -5.51 -3.02 3.26 -5.41 -3.31 1.42 -2.99 -7.26 -3.46 4.25 4.87 -1.06 9.82 4.58 -1.58 6.56 -7.98 -1.81 -4.06 8.47 2.82 1.97 3.72 -6.21 9.61 2.42 6.89 -7.09 -5.29 -0.80 7.81 9.94 2.43 -2.40 -1.03 -9.32 1.27 1.38 -9.10 3.14 -3.30 0.24 -6.79 -3.05 -2.81 3.63 -2.52 -3.31 -9.45 7.71 9.31 -4.28 -0.57 7.18 -7.45 -7.74 0.32 3.64 8.61 -3.93 -1.17 2.09 0.63 -6.53 -4.08 5.31 -5.67 -6.80 5.34 2.74 4.26 
9.79 -0.79 3.48 0.84 5.41 1.58 8.39 7.39 1.24 7.44 -2.42 9.25 5.54 1.41 -5.19 2.19 6.38 8.45 9.71 1.97 5.42 -4.60 -1.56 -2.54 -8.14 5.09 2.66 1.51 -1.81 2.38 7.35 -8.83 8.42 -9.54 -4.82 9.02 8.61 -7.77 2.28 -9.64 -6.36 7.50 3.24 2.60 -4.60 -8.61 -7.20 -8.58 -5.25 5.43 8.56 -7.78 2.65 -7.22 5.03 7.48 -9.59 -0.07 -2.58 9.53 7.18 -6.26 -8.64 -9.03 -6.97 2.84 -9.38 6.84 -7.96 -2.98 6.76 -3.66 -6.21 1.91 -9.96 -0.42 -8.80 -9.28 7.83 8.62 -0.13 2.49 -8.10 -9.03 9.73 3.46 7.13 -7.38 -5.46 8.22 -1.05 1.20 -6.56 -6.39 -1.56 -2.47 7.10 8.92 -6.10 4.53 8.74 4.36 -9.79 6.08 8.49 3.25 1.67 9.05 -1.79 -1.17 -6.84 -7.23 -2.75 7.03 -0.49 7.90 7.11 -4.23 -8.80 9.03 -7.47 -3.29 5.94 -3.80 8.85 0.34 3.67 6.94 8.93 3.91 -5.85 2.68 -8.07 -8.56 5.99 4.84 9.04 -0.34 2.96 2.09 -6.18 -9.37 -0.15 2.60 9.27 4.04 -1.97 -5.51 8.67 -8.74 -2.45 -7.42 -9.85 8.11 -6.19 4.91 -9.32 -4.31 5.32 7.81 1.39 4.85 -5.23 -0.89 -0.57 -4.14 -2.28 9.69 -2.22 -6.85 1.13 9.74 2.72 -7.13 7.69 -7.45 -9.69 -5.95 9.99 -7.15 -2.77 2.54 6.88 7.64 -0.53 -4.22 -9.99 -3.80 -4.17 0.40 -0.08 -9.03 2.30 -9.85 -5.05 -6.60 -7.95 -8.28 -3.47 3.23 
-3.38 -1.36 -4.43 -7.72 3.19 7.34 8.70 -1.62 3.03 0.60 -2.67 6.74 -2.34 -3.16 5.92 1.09 -4.87 -6.61 2.07 2.46 4.23 3.86 -4.09 1.48 3.82 5.39 3.69 3.26 2.45 -5.00 7.57 5.85 -1.62 6.59 -9.08 6.24 3.46 8.42 -7.82 4.92 -9.91 2.95 3.89 9.11 -3.79 7.92 -4.53 -4.70 -9.86 -9.02 9.27 -0.86 4.48 -1.87 6.28 -2.78 5.84 2.57 8.42 4.47 -0.74 -4.72 4.65 -5.12 7.52 1.62 -1.56 -8.74 -0.62 8.07 6.91 4.52 -1.81 -1.39 1.48 0.74 5.16 1.72 -9.99 -3.20 6.27 9.42 8.37 5.34 2.62 -8.53 2.00 3.16 8.14 -4.76 7.13 -2.82 1.23 -0.62 -6.69 -6.05 6.21 5.81 9.40 -5.96 4.57 -0.08 -1.19 -3.83 -9.12 3.38 -6.69 -8.81 -9.48 -2.69 -6.22 -4.54 -0.12 -9.60 9.27 -1.85 -8.32 -9.54 3.59 6.53 8.67 -0.83 -1.26 5.53 -7.05 4.86 2.49 -5.45 -9.75 2.69 8.73 -6.32 5.10 1.60 8.45 -3.67 -6.34 2.23 -3.78 -3.86 -0.33 -6.05 5.74 -5.12 -5.92 5.77 5.50 1.41 7.52 -5.77 -2.46 0.52 -1.93 -8.32 9.29 1.08 -7.48 -3.34 -0.99 1.02 -6.54 9.94 9.51 4.97 6.50 9.04 1.58 5.07 7.67 3.91 -7.26 -5.94 -0.09 8.61 3.87 8.60 7.54 -9.11 -9.00 -1.27 -1.38 4.02 3.40 1.29 -9.41 -3.46 -5.76 -2.99 6.11 5.15 -5.46 8.86 -9.26 4.55 -3.96 3.52 0.10 -6.49 6.09 -7.40 
-0.31 7.92 2.98 5.49 4.08 7.85 -8.29 8.50 8.96 -0.63 -5.30 -9.00 2.75 -1.23 -7.53 6.26 -7.60 7.84 -1.80 0.04 3.39 6.07 -4.68 1.53 -1.36 -2.69 6.58 -1.25 5.33 -1.52 -4.93 2.14 6.61 7.60 6.51 -9.35 -3.24 8.52 2.78 4.25 -7.28 -9.96 0.01 -6.17 -1.57 0.94 7.58 -6.96 4.12 9.98 6.70 -1.01 -7.29 -5.43 -9.15 -0.42 -2.06 -7.92 6.06 3.42 2.78 1.45 -8.86 -5.94 -6.39 1.80 2.29 2.97 4.93 -2.70 -2.50 -8.40 -7.19 0.41 0.91 2.21 -6.34 9.58 -9.00 9.55 -2.46 9.25 2.94 6.88 3.29 2.44 -1.69 2.21 -9.53 -9.86 7.58 -6.40 5.73 -4.07 1.89 -6.78 -3.27 9.06 -0.91 6.40 -9.18 2.30 -1.77 -3.91 0.12 -3.06 6.87 -3.04 1.01 8.20 0.56 -9.43 6.32 -1.90 -1.60 -2.70 9.37 8.08 4.71 0.75 -0.37 -4.89 -3.07 8.33 2.27 2.23 -3.70 -6.63 4.44 4.36 -0.27 9.06 -6.97 0.34 -4.60 -3.67 3.41 -7.92 -4.47 6.51 -5.19 9.91 0.68 -7.95 -9.25 9.47 -0.63 3.30 -8.71 0.98 3.14 -5.50 -3.71 -3.65 2.77 2.57 -7.39 -7.78 0.10 -5.43 7.66 0.10 -1.46 8.65 0.23 3.77 6.30 3.78 -9.83 9.38 7.12 6.55 0.18 -7.17 -6.74 -4.78 3.17 -0.47 -4.28 1.77 2.08 2.36 -1.10 8.95 -7.45 4.57 -1.00 4.12 9.33 -0.19 3.18 6.47 6.82 -9.80 2.82 4.13 -6.51 -6.25 -3.90 9.76 
1.45 5.82 -7.18 3.01 7.91 -7.40 3.84 7.20 4.60 -2.87 -4.01 1.62 8.07 9.12 -1.56 1.28 0.78 -2.71 -3.88 4.51 -3.12 1.88 -0.90 0.73 -4.41 -7.20 4.12 -7.31 7.56 -1.55 -1.21 3.52 -1.10 3.73 -9.32 -1.17 -5.65 5.34 3.83 -8.14 -0.53 -4.93 -8.54 9.74 1.88 5.92 -7.29 3.64 -1.90 3.77 -7.24 -2.37 -2.87 4.95 5.88 7.72 1.45 -2.91 -7.54 -6.64 0.04 6.60 -0.19 -3.28 -1.65 7.17 7.41 -1.21 0.31 -1.87 -1.30 -1.69 3.77 7.32 -9.74 -5.58 -5.70 1.69 8.30 -3.86 4.53 -3.29 -1.97 -0.82 -7.48 -9.62 -6.35 1.87 0.91 -3.49 -9.32 -5.19 -3.07 6.63 -9.11 3.17 9.74 -3.41 8.52 -7.69 -7.58 0.49 0.65 5.74 6.95 -6.19 -0.59 8.83 6.96 5.44 3.13 0.70 8.10 2.48 7.11 -8.28 6.53 8.15 -2.03 0.87 -7.97 4.48 -6.75 -6.58 9.63 6.04 -9.50 8.50 -1.52 4.76 3.34 -0.39 -3.08 9.61 5.40 1.14 -9.40 -0.26 -3.14 2.68 -4.08 -5.25 6.09 7.38 2.05 8.30 3.82 3.34 9.46 -6.87 9.51 -2.17 -7.69 5.64 7.27 2.40 6.91 -3.00 4.96 7.77 -5.48 4.25 -8.90 7.11 -8.90 0.74 6.66 -8.14 0.43 -9.46 1.49 3.34 5.73 3.21 0.86 -5.59 1.73 0.14 -8.12 -5.93 -0.61 6.94 -8.49 0.46 -6.86 6.24 -5.78 -3.26 5.66 -0.07 -1.27 1.24 0.93 -5.49 4.56 -4.75 3.43 -3.94 -3.63 9.89 
7.48 4.97 0.72 8.35 -1.33 1.02 -3.26 -0.73 -1.54 -6.39 2.23 5.74 8.48 -4.02 9.10 1.62 4.08 -2.10 3.29 3.21 6.59 -0.83 -9.84 0.45 -6.50 -9.88 -4.06 -8.05 6.00 -4.44 -4.97 -9.52 -4.71 7.75 -0.28 -8.98 2.41 -2.41 5.49 7.43 -2.76 4.63 0.62 1.75 1.51 8.22 -7.67 6.94 -8.67 2.57 7.44 6.83 7.87 8.90 3.18 -0.81 -9.53 -5.38 9.72 -4.51 -6.89 -5.12 9.66 -7.16 -0.40 3.06 -9.24 0.42 -0.45 7.72 -5.28 -1.84 -5.24 -6.57 1.07 -6.16 -9.85 -3.55 -2.72 2.81 2.12 -2.09 -2.62 0.20 3.98 4.74 5.27 9.48 1.98 -2.43 9.93 -6.83 4.53 4.51 -1.24 -4.11 3.24 4.87 -7.02 -8.73 2.82 7.75 -7.32 2.24 3.44 5.10 7.41 4.41 5.36 -6.08 -8.88 -6.86 -6.44 -2.81 1.97 -1.73 -0.18 1.70 2.38 -5.53 -8.83 -8.34 8.23 7.26 5.78 -6.45 -9.91 -4.32 -8.39 -9.10 -7.28 6.19 -2.31 6.50 3.00 5.16 -9.67 -2.10 -9.09 8.54 4.85 -5.48 -4.38 1.48 -3.30 2.61 -8.17 9.63 -1.17 -6.52 9.21 9.34 -5.11 5.21 6.63 4.54 6.22 -7.53 -3.56 4.56 -3.50 -3.08 -2.36 -0.70 2.04 -2.20 -6.15 -1.88 -8.05 6.84 -2.89 -1.61 -1.41 2.15 -7.95 7.32 -5.05 4.75 -9.80 6.59 9.49 9.03 3.14 -5.05 1.87 3.16 9.65 -0.46 8.64 -7.79 8.44 -1.06 3.59 3.91 -6.02 9.98 3.27 -3.50 3.32 0.50 
-0.09 -9.26 7.09 8.59 -3.51 1.84 -8.91 4.80 9.75 3.67 -1.94 -6.66 2.58 9.70 -2.55 -6.60 7.12 -4.50 -0.50 9.98 0.04 4.51 -1.22 -7.82 -4.93 0.13 7.17 -1.29 8.45 5.62 2.81 1.93 -2.37 3.47 -0.46 0.74 2.88 -0.67 -9.91 -3.85 -5.85 -2.34 9.07 -4.89 0.45 -3.35 1.20 -3.39 3.47 -5.75 5.77 8.93 5.78 9.84 -8.54 -9.37 -3.05 8.43 -0.62 -3.93 2.16 6.16 7.72 4.83 9.32 8.38 4.71 6.31 -6.65 -2.89 6.23 -0.43 5.53 -8.42 -5.01 -6.02 7.52 -5.24 0.37 -9.88 -2.07 7.11 1.77 3.54 -7.45 -0.35 -6.98 9.87 1.61 9.13 -4.18 -2.08 -0.27 -2.63 -8.48 8.22 -7.86 6.75 8.53 3.18 -5.30 -5.73 3.40 -1.93 -6.59 6.47 -1.37 9.44 -4.13 -5.93 7.58 7.94 9.95 -2.91 -7.19 -5.12 9.81 -4.56 -4.43 -4.53 -4.31 -1.14 -6.87 -4.05 -0.81 -3.90 -2.35 3.57 6.41 3.11 9.64 -5.03 -8.50 5.58 -9.51 -7.44 -1.97 8.03 9.32 6.14 5.97 -5.90 3.29 -3.76 8.03 0.02 5.22 -8.07 7.52 0.17 4.85 5.28 -2.93 5.22 -7.54 -6.97 9.40 1.77 -7.30 -8.28 6.02 5.93 -3.40 9.54 -5.96 0.96 6.57 0.44 3.36 -8.10 -4.35 -1.56 9.42 9.04 -5.26 -6.77 4.88 5.07 9.15 -1.83 -4.25 -4.84 -9.01 -8.54 4.25 -3.20 7.06 8.07 -5.03 1.23 -8.06 -4.23 8.00 -9.38 -3.30 -7.24 -2.07 -8.82 -7.74 -7.59 
3.55 7.02 -2.68 2.59 -1.46 -1.58 -4.04 -2.69 -0.78 -0.12 -9.07 -0.27 -2.86 -0.33 6.21 7.88 9.28 -6.79 -5.60 -8.57 4.06 0.53 8.89 5.36 3.83 -2.32 9.99 1.57 -1.94 -8.73 4.04 8.84 -2.28 -9.43 1.60 -6.20 -9.42 6.74 9.82 6.24 9.59 -4.40 5.84 -8.32 8.84 5.83 -7.37 9.47 -3.78 -5.62 -8.20 -3.13 2.73 7.50 -3.50 1.94 8.13 7.12 -0.42 3.30 -9.25 7.71 -2.67 -0.77 -3.43 -4.86 -6.81 3.31 5.82 7.06 -7.93 -7.82 5.79 -8.92 -3.31 -8.92 4.10 -1.48 3.78 -1.35 -3.58 -3.48 6.03 9.88 4.16 10.00 -7.84 2.12 -4.37 8.96 -1.61 -8.36 -2.84 -4.70 4.11 -6.36 2.16 1.04 -0.16 2.43 2.71 -8.78 4.00 -2.30 -6.83 -8.02 3.39 4.44 -7.51 -2.68 -4.94 -5.23 5.70 8.27 -9.13 2.73 9.86 -8.75 -0.13 -5.77 6.92 9.94 2.35 -0.61 2.96 4.93 -5.51 1.44 3.72 7.50 7.85 1.95 7.27 -9.85 0.63 -8.28 -9.24 -5.53 3.17 3.95 8.54 3.29 -7.71 4.67 3.59 -3.54 7.42 -6.32 -5.55 -8.70 -7.65 6.14 5.77 -4.41 -5.79 9.24 5.17 -7.91 -6.39 9.94 -1.58 9.11 -4.46 4.38 -4.75 -7.18 0.33 5.22 -7.30 -6.25 -6.56 5.07 -9.06 8.07 -3.59 9.50 2.69 -1.63 -8.03 -6.19 -9.80 -6.34 6.19 9.45 5.16 3.36 -6.70 -1.19 -6.05 7.51 -3.20 -9.24 -4.25 8.11 2.56 -8.19 8.96 -5.38 1.38 5.81 
0.26 -4.18 -1.90 -5.75 6.08 2.56 -0.12 -9.38 2.90 1.92 -0.84 9.00 7.49 -0.03 -1.04 -7.97 -5.38 -5.24 9.52 9.35 1.24 4.48 -8.00 2.12 9.51 6.02 -1.12 -4.14 -8.97 5.58 -6.33 6.22 3.68 0.62 -5.40 -3.60 8.20 4.71 0.77 -7.68 -1.03 -7.74 6.09 -7.64 3.79 -8.49 -3.74 -9.29 1.65 8.01 5.79 -8.12 -3.88 -3.42 -3.71 -3.88 8.98 6.72 -4.28 9.62 -1.49 0.45 2.90 -8.31 7.28 -1.93 6.50 0.76 -1.12 3.80 -4.35 -8.78 -9.81 6.71 -0.73 -8.49 -5.15 -1.88 1.33 2.67 4.49 -1.41 8.66 2.77 2.22 2.09 2.59 -4.17 8.93 -7.01 4.47 5.00 -9.23 -6.89 -7.94 8.18 -1.09 0.25 4.80 4.15 3.58 1.52 7.54 7.21 -3.70 -0.39 5.34 -3.70 3.57 3.44 -6.86 3.86 -7.63 -5.66 -1.13 -8.68 0.64 -4.70 2.21 -8.53 7.86 -5.83 -3.79 -4.53 1.28 -8.13 -5.65 -3.83 1.65 -3.27 7.80 9.14 -3.32 -6.92 -8.74 0.73 -6.35 3.59 -8.03 -1.57 0.68 -0.45 -1.16 -1.53 -6.68 -7.46 8.80 -7.14 3.03 8.62 -2.39 9.77 3.71 0.28 5.83 8.57 2.34 4.46 -6.49 9.51 8.99 -3.53 6.54 -8.62 -5.43 9.75 2.43 9.11 -5.71 -6.04 7.45 -5.65 -1.23 2.53 -3.17 1.64 9.98 4.75 -3.92 -2.97 1.07 -3.01 -1.34 -6.45 5.63 6.87 6.03 1.76 8.04 5.37 -6.50 7.13 -6.00 9.06 4.42 7.22 0.40 -9.55 2.42 4.26 
-0.09 2.95 1.90 -9.93 -3.58 -4.01 0.22 -1.62 1.44 4.67 -7.60 -9.49 -7.38 -3.78 2.63 2.66 4.25 7.91 -4.92 6.64 -0.04 -1.48 2.45 -0.25 4.76 -5.84 9.10 -9.16 7.58 -4.36 -7.95 -6.50 -5.05 -5.28 3.30 7.88 -7.98 2.42 -6.82 -8.98 -3.08 -6.20 1.08 -3.57 9.86 7.25 -3.61 7.39 3.24 -7.71 -1.23 -2.68 0.37 -1.61 2.11 0.56 9.07 -0.61 -6.74 -7.56 4.97 6.47 9.72 -3.50 6.16 -3.82 1.90 -2.40 1.24 -1.09 9.06 0.61 -8.34 0.18 -3.28 6.97 2.79 -9.67 -1.03 0.87 -4.48 -8.00 0.87 9.01 7.33 7.09 1.44 -6.76 -0.50 -9.89 -1.20 9.20 -4.93 6.68 1.29 -0.11 3.80 -8.10 -2.74 -3.51 -1.36 7.05 2.57 9.31 8.71 -2.14 -0.79 5.01 -0.10 2.61 3.86 2.40 -4.62 -4.96 -7.24 9.93 6.75 -0.26 2.68 -1.01 -3.19 -1.50 -0.36 -0.01 6.52 -7.92 3.47 -5.76 3.14 0.94 3.81 -8.41 -4.97 -9.02 9.74 -5.81 -8.07 9.51 -1.19 5.63 0.65 4.65 7.33 -6.98 5.06 2.24 4.18 -9.66 8.43 -6.44 0.57 -7.90 -4.11 -1.78 9.49 2.68 -2.24 -9.23 6.00 1.00 5.92 3.16 2.52 4.31 -8.35 1.02 -1.06 -5.81 5.76 -9.96 1.94 -2.64 8.69 5.90 3.45 -0.03 7.32 -1.27 4.88 -2.87 -9.06 6.57 -0.46 9.01 0.12 -3.61 8.22 7.49 -5.33 4.73 -7.41 -1.05 -8.99 -7.30 8.80 -5.32 -9.65 -4.77 8.06 7.17 
5.65 -2.82 2.63 -1.70 -3.53 1.66 -8.17 9.06 -8.62 -1.56 -7.31 6.99 9.76 -9.71 -9.06 -1.25 8.37 7.10 -7.87 -9.56 2.16 -4.70 -4.10 3.02 5.34 -6.22 -9.66 8.95 -4.54 1.18 2.11 7.31 5.46 5.03 -1.81 6.69 7.99 -8.69 2.88 6.93 -9.93 8.48 -1.19 1.38 4.60 4.95 -8.70 -0.03 8.56 7.30 1.20 -3.81 -4.40 -2.99 8.05 7.29 6.36 -7.87 0.66 -2.65 -4.32 -3.10 8.71 2.02 0.58 -8.68 1.49 1.59 -0.92 -6.76 -0.95 5.36 -4.96 -9.20 6.37 -5.16 -4.15 1.57 5.26 4.12 -3.11 -4.14 -2.30 -0.24 9.42 -9.00 -0.74 6.15 5.81 -6.65 -8.35 3.07 -0.94 -7.93 0.41 6.07 -6.63 -7.88 -9.74 -2.66 -2.71 5.63 5.00 5.49 -2.44 -9.34 -3.88 -9.81 3.86 0.97 -7.26 3.46 -4.56 -2.85 9.30 6.69 -9.59 0.73 -5.93 9.82 -1.91 -1.97 2.72 5.26 -4.63 9.96 -6.09 -6.98 5.98 -1.09 1.24 0.50 -2.88 -2.41 8.25 4.78 -4.04 1.28 -3.66 -3.67 -4.16 -9.93 -3.17 1.10 -2.03 -5.03 8.41 -1.63 -4.90 4.87 -3.89 -2.54 -3.77 -4.91 0.93 8.64 -2.61 7.36 -0.78 -0.42 -2.14 0.91 0.98 -1.88 -1.44 -8.93 8.03 -9.34 7.21 -3.40 4.18 -8.73 -2.33 6.49 1.72 7.75 -8.66 5.58 9.76 -5.25 -8.08 -7.84 -6.77 -8.28 -6.34 -8.19 1.39 1.49 -9.83 -8.29 -5.32 3.68 2.11 3.61 -3.97 -1.94 -1.59 -7.21 -7.74 4.56 
-9.26 7.52 -6.51 -5.33 0.33 8.26 8.81 -6.92 0.41 -3.09 -1.55 -0.32 -5.36 -4.67 -6.11 -0.86 6.10 -7.98 8.34 -4.82 6.33 8.44 0.81 -2.33 -3.75 -9.30 9.47 -9.08 7.74 8.32 8.11 2.99 -9.00 3.41 -3.43 4.05 -5.34 7.46 -0.29 -6.03 3.40 -5.70 4.71 5.20 4.17 1.71 -6.85 1.72 -1.88 -1.68 -4.91 -4.13 -5.57 -3.62 3.65 4.26 0.83 -0.99 9.53 -5.05 -6.70 -8.21 0.49 2.40 0.83 -1.37 -4.36 -8.14 -2.44 -5.74 -3.75 4.85 6.09 -3.52 4.63 9.52 2.55 8.04 -0.67 0.07 2.54 6.34 -5.74 -9.16 9.62 -9.74 -0.63 5.76 -5.02 4.51 8.01 -3.24 -7.81 -4.99 -4.91 3.09 2.93 -6.40 -1.64 8.98 1.60 -7.46 -3.83 -9.22 8.20 -7.96 -0.56 5.17 0.44 -2.63 7.40 7.02 9.56 -2.33 -9.63 3.99 -1.31 5.76 1.92 7.43 -7.31 2.70 8.09 6.67 -9.68 5.09 -0.91 -1.12 -6.00 -4.70 1.39 -3.71 1.40 5.56 -8.89 -5.16 -0.90 -2.60 -8.20 -8.76 -6.39 -7.40 1.82 5.52 9.42 8.44 0.11 8.65 -4.62 -9.99 1.38 2.81 1.81 -0.87 5.81 -8.05 2.06 2.60 -3.26 -0.87 -2.65 -3.15 4.07 -1.80 0.65 3.24 3.98 7.61 -0.45 -3.92 6.88 -6.47 -2.50 -4.35 -8.51 5.70 5.09 -0.91 -2.29 -4.11 2.66 -6.82 -2.12 -8.98 -1.32 0.46 -3.63 4.39 8.54 -0.77 1.75 -9.23 -3.61 1.03 6.17 4.96 4.90 3.47 -5.07 -1.86 
0.73 6.28 9.81 -6.19 2.30 -2.92 3.93 4.03 -6.93 3.00 -9.94 1.06 1.09 6.27 6.07 5.44 9.72 -4.71 -1.04 -2.20 6.22 3.03 2.64 -0.19 -0.30 -4.72 -5.82 -0.95 2.37 2.26 3.67 4.42 6.65 -5.96 5.60 -6.66 -0.64 -1.86 -4.21 0.48 -2.10 7.76 -3.11 -7.63 -2.35 -6.97 -9.40 0.89 2.58 3.85 -9.71 -8.63 2.22 9.58 -5.57 8.90 -1.74 -9.43 2.53 3.21 2.33 0.34 -5.09 2.41 -2.02 0.85 -0.90 -7.91 6.92 -7.32 1.95 1.26 -9.16 -4.49 9.38 3.42 -2.12 6.95 8.38 4.30 -1.75 -5.84 -4.01 1.83 -5.49 -5.42 3.33 9.47 6.89 -9.73 2.15 5.58 8.96 -0.32 -3.37 -1.26 -0.41 3.72 -2.38 -1.50 -5.94 7.94 -9.11 -3.50 -9.05 0.27 6.10 -0.16 3.51 3.75 2.00 -6.19 -7.62 -0.01 -2.96 1.92 -3.23 -9.24 0.32 -6.74 -6.01 6.79 -1.23 0.86 5.99 9.81 -8.44 -6.49 -6.88 3.15 -1.38 6.01 -0.69 -1.02 -8.62 -6.48 -5.07 -9.41 8.03 2.31 5.35 -3.63 8.82 8.40 -9.92 -9.77 0.25 -9.34 6.46 -2.74 6.63 3.22 9.05 3.53 7.70 -0.99 0.34 -1.31 8.23 -7.12 2.09 8.92 4.50 0.71 7.40 -4.41 -9.88 1.78 7.08 5.45 -5.80 4.42 3.42 -5.87 -0.25 9.70 -5.38 0.80 -2.54 -9.88 -3.14 -0.58 6.26 -6.59 3.21 5.67 4.95 -4.76 9.66 -0.38 9.63 0.98 0.91 9.39 4.50 0.38 -8.42 -1.82 4.40 6.34 
0.94 -8.07 6.00 -2.23 0.49 -4.92 -3.86 -8.75 -8.91 6.47 -9.13 -8.91 3.16 -5.70 0.61 -8.94 -0.13 -3.90 5.26 2.60 7.07 -5.70 7.77 -6.09 -8.83 -5.29 3.22 -6.24 7.58 -5.58 5.32 -6.21 6.60 -5.55 -7.81 -8.33 3.40 6.90 2.19 -4.29 -4.44 7.48 -5.54 8.22 8.17 -2.31 0.69 3.84 -5.09 6.24 7.82 6.33 -8.78 2.51 -0.42 7.61 -2.55 -1.36 -0.41 4.72 -3.57 -3.48 5.14 -9.73 -4.85 -2.85 1.87 0.65 7.11 6.65 4.39 5.11 1.06 1.86 6.75 -6.35 -5.24 9.86 5.55 7.81 -7.44 9.34 5.31 -3.97 -0.61 9.74 -1.23 1.91 -6.07 2.36 1.09 -1.16 8.51 -6.97 -4.54 -4.85 -2.84 6.67 3.08 -9.51 -9.01 9.00 -1.12 7.52 -2.42 3.73 -8.83 1.34 2.40 -5.41 -8.32 1.23 -0.24 -3.03 -4.01 0.71 6.37 2.71 6.43 -5.55 -5.06 -3.15 -3.97 -1.21 -6.18 -1.89 4.85 -6.48 2.43 7.46 -1.85 -1.08 -8.35 3.95 -2.87 1.50 -3.52 4.60 -5.20 -3.42 9.38 2.18 -4.11 5.49 -0.93 1.21 7.38 -8.58 -8.33 7.34 9.50 -0.93 7.17 4.53 3.06 -6.17 0.50 -7.45 3.81 -9.42 6.59 -4.04 4.83 4.11 3.62 -6.40 -8.78 6.84 5.95 0.95 2.81 0.02 9.67 7.85 1.38 -3.15 -2.71 -1.51 2.59 -4.53 9.64 -9.52 -6.35 -6.15 2.18 -1.27 -6.87 9.53 -2.39 -6.99 9.85 -2.29 6.05 -2.47 -4.14 3.34 -4.80 -0.86 -6.06 3.36 
0.16 -9.66 3.50 -2.00 -7.14 3.82 -7.64 -6.91 -8.17 2.55 1.13 1.55 2.38 -6.57 -2.23 -6.04 -1.17 6.40 -5.28 -1.33 4.27 7.05 6.31 -2.88 -5.66 3.03 -7.72 -3.03 7.57 1.60 -4.74 7.16 7.74 4.17 3.65 4.81 3.42 3.03 8.29 8.11 7.47 -8.72 -4.46 3.73 -3.40 7.38 -8.12 -4.98 -1.04 -4.93 -9.86 6.44 -2.16 5.79 0.69 3.54 -4.10 -2.75 -8.46 1.62 4.34 3.16 2.76 0.34 -4.07 3.64 3.55 -8.00 -7.33 3.92 -4.39 -6.09 -3.49 9.85 8.81 -6.47 9.82 -6.68 2.43 -5.26 5.13 -9.72 -4.62 -3.56 9.15 1.74 5.06 -6.43 -9.56 2.48 6.05 -6.77 4.30 -4.79 -7.21 5.30 9.45 -1.75 -2.27 -2.80 4.15 -9.35 -5.63 7.93 -8.23 -1.04 -1.68 2.61 -5.79 -2.93 -9.96 9.97 5.83 1.47 -8.69 4.50 1.77 -6.44 9.45 7.32 3.37 5.39 0.94 -0.15 -0.59 -2.50 -7.92 -3.64 -7.30 2.88 -9.22 2.53 6.02 3.71 -6.19 3.29 -6.64 9.43 8.41 5.13 -1.10 -0.38 -8.24 2.21 5.03 -6.42 -0.18 6.78 -5.07 7.74 6.16 -4.36 1.47 8.93 6.37 5.42 -5.48 3.40 8.25 -9.37 -0.00 7.30 5.00 -4.48 8.11 4.84 -7.39 -1.91 -0.64 9.47 -7.13 -0.02 -7.23 7.67 -0.96 -8.30 -1.99 8.93 3.74 8.38 4.53 8.83 -7.03 0.79 4.33 -9.48 2.16 8.60 4.97 7.24 -2.15 9.17 6.58 -1.94 5.81 0.71 8.89 7.95 -1.45 5.55 
2.93 -6.29 2.90 -6.77 -2.91 -4.71 -1.52 0.04 0.40 2.25 -5.99 -2.21 -6.95 0.43 9.62 1.63 -8.73 6.91 5.40 -7.76 -2.46 5.91 -0.84 2.74 -7.88 -9.88 5.64 3.68 -9.99 -6.38 8.69 9.80 9.20 7.91 -6.57 -2.07 -8.56 8.35 -9.49 -2.79 -3.25 4.64 9.70 -4.24 9.25 -0.77 -8.99 8.67 8.44 7.03 -2.55 -5.85 -1.71 4.83 7.29 -7.53 -7.93 -5.30 5.80 8.18 7.96 7.14 -4.74 6.55 8.13 3.25 9.56 0.96 0.17 -8.56 8.66 -2.92 -1.89 2.20 -7.20 -6.07 -0.31 7.03 -5.52 9.88 -9.75 0.59 9.17 8.51 -7.62 -2.90 -3.08 1.86 -5.59 1.10 -0.02 5.74 9.44 8.86 -5.67 -3.30 7.71 0.98 -9.13 -7.80 -5.72 6.41 6.99 -1.84 6.85 3.55 6.86 8.13 -7.69 4.29 4.62 1.55 -6.08 2.03 8.00 -5.72 2.47 -7.05 -4.19 -3.84 0.51 4.48 8.21 -9.28 -6.36 3.35 -0.24 -0.31 5.77 -5.70 5.59 5.29 7.95 9.42 3.30 4.83 6.16 7.82 3.36 -3.06 6.55 -6.20 9.60 4.81 -8.05 9.89 -1.01 0.43 9.07 -1.22 -6.79 7.00 9.13 -5.99 6.50 -7.07 -5.81 1.80 3.04 2.62 1.30 -9.00 -5.31 3.48 6.99 9.55 -9.34 0.85 3.20 9.06 3.96 5.02 2.10 -1.66 -5.41 -3.08 -4.71 -1.06 9.99 2.31 -4.77 -8.09 3.49 9.48 -3.67 2.12 -5.50 7.50 -7.95 1.23 1.26 -9.98 9.59 0.93 0.83 1.11 2.87 3.61 2.16 7.51 
-0.71 -3.97 0.66 -9.89 8.79 9.45 -9.51 -8.07 -3.26 0.89 7.23 4.00 -9.04 -3.29 -7.42 -5.06 9.18 2.05 8.17 2.92 2.31 4.73 8.75 0.15 1.72 9.85 -9.21 7.39 -3.47 8.23 -1.63 0.82 -4.28 -2.25 -1.68 1.66 8.75 2.27 -5.08 6.13 1.39 -6.51 -1.38 -3.78 8.30 -9.74 -5.61 -1.06 -2.37 0.96 1.11 8.36 9.73 6.56 -3.39 6.05 8.91 -1.97 5.66 -1.56 -4.89 7.07 6.83 -8.07 -4.60 4.83 -2.60 -7.11 4.49 6.15 -7.80 -7.41 4.36 6.94 -2.23 7.18 4.77 -6.68 -3.00 -7.50 -0.82 2.77 -6.10 -1.16 3.11 -9.14 -7.24 0.23 2.17 7.66 5.42 -1.67 -7.20 -4.77 -3.59 9.01 -0.06 -1.79 -3.90 -7.94 3.07 -1.74 -0.23 -8.94 -3.54 -5.20 8.42 3.76 -8.80 -5.85 6.47 5.75 5.09 -6.83 2.36 -4.79 3.94 2.75 -0.30 -4.18 -0.22 -5.42 6.52 5.91 3.53 -5.77 9.69 5.83 8.51 6.28 5.60 3.00 2.17 -8.14 -3.05 -5.01 2.76 0.56 -4.21 -8.64 -9.24 -6.27 2.05 -8.60 3.24 -4.46 7.13 -2.33 8.86 -0.91 2.53 -8.95 -8.21 4.79 8.32 -8.00 -9.86 0.73 -3.16 1.13 -6.44 -2.59 8.63 9.82 5.79 4.65 2.60 7.19 -2.30 8.58 -5.81 6.95 4.82 7.26 9.15 1.98 6.05 -9.64 0.35 3.69 -8.92 -1.69 -9.04 4.72 -8.53 7.37 -3.32 -3.42 6.58 1.24 6.82 6.52 6.52 8.89 8.35 7.38 7.04 0.11 -7.93 -6.29 
1.72 -2.17 3.36 1.77 9.34 -8.93 -2.59 -1.57 8.63 -2.19 -1.57 -1.30 9.60 -5.63 -5.74 5.55 -4.89 -7.72 -0.16 -2.47 2.69 0.84 4.28 -7.79 -3.56 -5.29 -1.29 -7.38 6.61 7.20 -4.48 2.59 -9.95 -0.32 -5.67 -1.07 0.13 3.11 1.05 5.70 9.95 2.63 4.55 -6.45 -0.50 6.77 -8.17 -5.69 0.58 6.71 3.87 3.54 -8.12 4.41 4.24 -1.19 3.42 1.27 1.48 -8.16 3.81 1.91 -8.34 -8.54 0.34 -4.19 4.67 -0.98 -6.86 -5.46 3.47 5.04 8.64 7.56 -4.02 3.17 6.62 -8.75 -2.22 -7.50 9.31 -8.58 -2.23 8.62 -5.67 -9.94 6.63 -1.30 6.15 -0.92 -3.26 6.25 -3.65 -1.02 -5.27 -3.05 3.53 8.78 -2.41 7.85 -6.48 -1.26 3.85 6.36 -1.71 -3.22 -7.70 9.97 3.95 -5.83 3.39 -1.56 5.60 3.03 -4.22 -4.11 7.61 -7.76 7.69 -8.04 -5.51 -0.65 -6.43 3.82 -4.99 4.77 -7.48 -7.78 -8.51 -5.99 -0.48 -1.03 6.28 -5.91 -5.52 -3.09 1.99 -7.30 -6.06 -1.82 -7.28 4.17 -2.37 -7.28 2.90 3.66 -3.26 6.68 -5.37 -0.32 -6.56 1.91 -7.78 5.18 0.48 7.15 -7.97 0.27 -5.66 -6.40 -1.27 -0.65 7.02 -8.84 1.41 -2.99 -4.80 2.78 0.19 -0.13 4.49 -6.89 9.95 3.22 9.72 1.95 4.60 5.15 -6.36 0.83 7.14 -9.16 5.79 -5.88 1.36 -9.84 -6.27 3.17 8.17 3.59 6.60 -7.45 4.96 -2.76 -9.22 -0.45 5.53 -2.40 1.28 -2.34 
-4.25 2.80 -0.04 3.63 -5.01 5.29 1.72 -0.93 2.90 5.00 -3.62 2.84 -6.53 3.43 3.63 6.67 -6.47 -0.41 -2.61 -1.30 2.18 -1.09 0.93 9.54 3.89 2.59 7.09 8.38 -1.99 -4.05 5.59 -9.33 -2.22 -6.97 -5.92 5.33 4.06 9.77 -2.33 3.19 3.33 2.40 -9.89 -3.03 -7.79 -8.76 5.66 -6.43 -4.60 -2.12 -0.15 -9.87 -1.38 -9.18 -5.40 7.58 9.89 5.53 0.17 -4.06 -2.13 -3.33 7.23 -8.45 0.32 -6.14 -6.33 4.05 -8.44 -5.97 -7.56 -5.39 3.61 3.93 9.82 -0.54 -7.90 7.33 -4.13 -3.22 -5.83 5.14 1.57 6.10 -7.49 5.56 2.66 3.65 -9.70 -3.60 2.80 1.94 0.89 4.60 3.94 0.84 -1.74 0.93 3.54 -9.81 6.67 4.99 -5.09 6.39 -9.56 5.06 1.00 7.07 -8.59 -0.20 4.79 4.89 -0.41 -8.70 4.37 -2.69 -8.91 -4.61 -0.53 1.71 1.57 -3.21 -1.73 -1.15 -0.85 5.89 3.87 7.83 5.39 -2.06 -5.39 3.90 3.73 5.97 -9.86 1.24 -7.59 2.51 8.12 1.14 -2.82 -1.39 0.62 -7.62 -2.50 7.61 -7.63 7.64 2.65 3.49 -0.29 1.65 8.10 2.30 -9.63 -6.88 4.85 8.78 -3.44 -3.92 -2.62 4.37 2.05 3.57 1.58 8.11 -0.62 6.64 -9.45 6.00 2.92 6.90 -8.53 -4.49 -7.82 4.22 -0.34 -2.29 1.63 3.05 5.64 0.96 3.39 5.83 -0.05 1.68 -7.58 -8.95 -3.95 -5.10 -7.36 8.27 -0.34 9.74 4.72 1.02 9.08 7.76 -3.89 2.64 
4.00 -6.62 2.13 -0.84 7.34 1.95 1.53 8.78 7.21 -7.71 2.77 -0.09 7.93 8.97 -5.57 5.25 -4.65 8.61 -1.21 -0.89 1.49 3.91 9.99 -8.76 9.49 6.19 -6.44 -4.18 -2.70 -9.52 -1.77 5.61 5.50 -4.44 -9.29 -3.07 -1.12 8.03 -1.50 -5.58 -6.09 -1.91 -1.92 -5.88 -0.85 2.57 9.05 -0.17 -3.92 -6.39 9.45 -3.61 6.90 -2.96 9.64 0.16 1.51 7.96 -2.45 -9.18 -8.18 -3.31 -7.34 -0.41 -8.09 2.93 -3.21 6.46 -5.11 -2.35 3.30 6.55 5.88 -4.80 -2.99 2.35 -7.81 7.43 -6.25 7.71 -8.30 -0.51 -8.25 -7.10 4.40 6.09 -3.01 -5.55 -3.41 -1.65 7.62 7.56 1.00 -1.05 4.00 0.91 -8.98 1.85 -9.63 4.77 9.71 6.58 -2.22 2.65 7.86 -1.78 6.01 5.67 -1.61 4.93 8.91 -3.48 -8.17 9.33 -9.82 -2.28 5.04 -7.29 -3.22 -8.05 -4.28 -0.48 -7.88 -2.48 -2.08 -7.82 2.58 -5.17 -1.39 -6.75 5.84 9.01 4.10 -6.61 9.49 0.92 3.37 6.47 3.89 6.56 -3.41 4.75 2.79 -0.42 5.25 2.40 -6.92 5.59 -2.84 -6.01 9.92 4.09 -7.74 -0.97 8.05 2.12 -0.54 5.62 3.96 -0.14 8.54 -1.47 -8.86 0.96 -3.33 -4.55 -5.33 -7.25 1.11 -2.42 -4.89 -2.69 8.36 4.59 -1.33 4.15 -5.52 2.59 6.03 -3.20 8.44 6.67 9.99 2.48 -9.16 -7.88 1.99 -9.99 2.93 7.50 3.74 -5.11 -2.48 -9.98 1.88 6.78 -8.39 -1.99 5.40 3.56 
6.52 -1.33 -8.77 7.54 7.68 5.80 -1.90 -4.37 -5.85 -0.10 -4.70 -8.60 -8.96 -1.35 -8.91 0.76 4.01 3.34 -1.79 7.43 2.99 -4.63 9.71 -4.53 -9.06 -8.16 -3.88 -7.36 -9.16 -4.07 -3.55 -1.22 7.24 -5.98 6.44 9.61 -3.83 0.72 -7.96 -8.48 3.74 3.21 -8.56 -1.44 -1.41 8.86 8.25 -2.72 -3.96 6.09 -9.37 5.50 -8.73 8.47 -8.77 9.93 2.19 -7.89 -2.84 -1.13 2.36 3.06 8.19 -3.97 4.03 1.03 7.77 -8.65 3.64 -8.49 -3.81 -2.51 -1.70 9.75 3.82 9.64 -4.33 7.26 -8.86 3.56 -3.31 -3.98 9.20 5.70 9.64 4.30 -9.49 -0.19 -9.87 -0.89 4.38 -5.25 -8.23 4.30 -3.51 3.46 -1.66 7.95 -2.20 -0.05 8.52 -5.39 0.03 -7.80 9.28 5.95 -1.85 -0.30 -0.60 4.72 -4.26 -2.64 9.81 5.01 -9.64 8.24 5.40 2.82 -2.83 9.36 3.96 7.80 0.60 1.20 1.70 -0.92 -4.17 -3.00 -1.81 -4.76 6.93 -5.78 6.72 9.06 -0.85 1.11 -6.58 -9.85 -3.53 4.90 -3.80 0.20 -6.20 0.62 2.32 5.99 -9.55 8.79 9.25 -5.89 -1.92 5.06 -8.52 -8.68 8.53 -5.73 1.22 -8.67 -9.09 8.85 -3.70 -8.56 -8.17 4.95 5.44 -8.64 -9.55 -2.41 7.94 3.63 5.53 7.64 0.69 6.24 -3.48 1.77 8.08 -2.92 -2.63 -8.94 -3.54 -9.25 -2.54 7.19 -9.15 -9.50 8.04 -9.01 3.19 -6.72 -5.54 5.92 -7.04 -4.37 9.52 -4.40 -7.52 -2.55 6.34 -8.56 
2.54 -3.29 -3.12 6.41 -4.54 -0.29 1.80 4.64 4.77 -8.84 -5.07 -1.53 1.58 -8.59 -4.31 5.85 -0.84 -5.17 -4.92 -3.47 4.81 5.94 -4.60 4.15 -1.88 9.73 -1.30 -6.38 -4.25 5.57 -5.72 -1.97 -2.23 -0.31 6.56 9.87 4.82 -4.85 -9.25 4.27 5.93 4.52 -8.95 8.19 2.10 6.29 -0.60 4.23 -8.88 8.20 1.93 5.91 9.68 9.19 7.79 5.16 8.36 9.60 5.94 2.46 4.80 3.57 -1.13 1.16 0.90 -7.63 -4.90 4.05 0.73 -8.00 1.03 -2.15 0.27 -0.65 -1.60 3.48 -3.48 -6.93 -0.75 6.10 6.45 -8.96 7.72 6.29 5.47 0.60 -5.98 0.90 6.44 -0.06 1.29 -4.93 7.37 -8.83 -1.09 -0.89 -9.42 -0.10 7.00 -8.74 6.91 4.99 4.93 -4.88 1.76 -3.79 8.44 3.06 -2.17 -6.89 6.56 3.54 8.67 -8.41 -2.54 4.69 8.73 -5.24 -4.89 -5.62 5.95 -5.46 0.11 7.20 -0.12 -8.99 6.65 -2.00 -8.50 -6.75 -7.81 5.97 4.98 -8.14 -0.93 0.98 -2.52 -8.75 4.73 2.46 -2.16 4.92 6.40 -9.98 -5.89 1.54 -3.29 -3.41 -9.21 9.17 -3.38 2.46 4.63 8.06 -8.86 2.98 6.35 -2.63 -3.78 -4.63 3.23 -7.87 -6.13 3.66 2.49 -1.11 2.38 -2.98 6.03 -7.21 3.77 -8.44 1.37 -5.32 6.59 1.52 6.28 6.84 -6.68 -3.18 -4.04 -1.16 -8.34 -3.32 7.29 -4.48 -2.04 -2.64 3.16 -4.08 -2.19 -1.11 7.95 0.35 -9.53 1.79 1.45 -2.54 3.73 8.13 
-8.06 3.96 1.74 -0.69 5.49 -9.91 -4.53 -4.71 7.39 -3.84 -2.53 -9.33 9.06 4.77 -6.19 6.99 -6.94 3.50 -4.00 8.43 0.05 -0.00 -4.28 -1.51 7.12 -2.43 -3.08 4.71 9.48 -8.77 -9.05 -1.13 -4.03 9.30 -4.02 -2.08 -5.85 6.63 -9.96 -7.66 9.09 -4.62 -3.15 2.35 0.85 1.70 -4.88 -9.21 -4.68 3.64 -6.66 3.97 -9.92 -7.38 -3.52 6.24 7.93 8.53 8.14 8.12 -7.07 8.70 -4.58 -7.91 3.27 3.08 1.56 -6.14 4.76 -2.02 -2.96 1.05 -1.49 5.68 4.99 -9.41 -7.05 4.73 -4.65 -4.63 8.23 1.46 -9.50 8.86 -2.49 2.39 -9.77 -4.08 -0.16 -0.95 -7.38 -9.24 -9.55 0.99 2.23 -4.58 1.55 6.19 -2.31 -2.73 -2.28 7.53 2.31 4.57 -6.05 7.04 7.76 -6.25 -4.03 -5.95 -4.55 -5.40 2.19 3.19 -1.93 5.75 -4.15 5.36 9.39 3.82 1.61 -7.65 -6.77 -6.65 6.78 1.53 -7.47 -6.41 -8.96 6.89 -1.93 -0.83 -3.37 -6.29 -6.23 -6.31 6.11 -2.60 -8.47 -9.40 -7.14 -2.20 8.18 2.49 0.16 -9.16 -7.61 5.34 -0.29 9.60 6.80 -3.53 8.61 3.48 3.26 6.33 7.10 9.86 3.71 -6.86 0.34 2.20 9.13 -4.11 -4.23 -2.91 7.79 9.04 1.18 3.21 -7.07 -1.67 -7.13 -1.39 2.28 -7.70 5.27 -9.70 -3.83 5.42 9.25 7.90 -5.98 -9.16 -6.05 9.14 -3.25 0.16 6.32 -6.88 -3.10 -4.45 4.55 -2.42 4.50 4.32 -3.47 -3.78 -2.59 -1.23 
2.60 -4.77 -7.94 9.58 2.12 4.86 6.83 6.78 -2.70 5.36 -0.04 3.70 9.42 8.43 -2.85 5.59 -6.35 7.78 8.97 7.28 -8.08 7.15 -2.06 2.53 4.74 -0.09 1.16 5.45 -5.04 0.36 4.07 -0.24 2.42 -5.31 -3.74 8.79 -3.77 -6.29 -6.47 3.48 5.88 -1.52 -3.16 1.50 -6.20 -4.96 7.16 -6.29 -4.41 3.47 -5.35 -5.82 -3.85 -7.31 -2.55 2.73 5.44 3.98 9.12 -3.05 -2.39 5.35 -5.25 -2.89 8.32 -0.76 2.41 -6.83 -6.30 -0.69 -1.57 -7.89 0.70 -8.47 8.18 -9.65 8.20 2.26 -0.91 -0.97 2.83 5.41 9.94 5.22 7.67 4.48 -5.28 8.05 4.83 -0.75 9.77 -4.64 -6.15 -8.69 -0.78 4.90 2.37 1.21 -1.74 -9.01 -8.09 -3.04 4.89 4.66 1.97 2.09 -2.61 -5.38 -2.79 1.41 2.42 -6.17 -0.31 -7.04 -0.96 5.29 0.54 -2.44 1.64 -8.70 2.46 -5.54 8.04 -4.32 -1.34 -9.13 -5.78 8.20 -7.55 -4.82 -6.13 -9.59 7.93 -8.15 7.51 8.54 -2.82 -4.14 0.13 -3.22 9.57 2.54 -0.08 9.73 2.25 7.58 5.52 6.76 -5.53 3.16 -3.52 -2.21 3.86 -3.01 -0.52 1.80 3.36 3.00 5.35 1.58 -7.11 7.87 -5.07 4.68 -4.48 3.68 -8.27 -7.83 3.57 1.71 -9.09 6.65 4.52 -7.85 8.06 -2.07 -9.90 -3.85 5.54 -8.17 9.80 5.60 -3.44 2.27 6.32 -9.40 -8.21 3.55 2.40 6.34 9.84 8.18 0.38 -8.14 -2.12 6.49 8.97 0.70 -6.78 8.73 
1.04 -4.44 -2.51 2.68 2.19 9.15 0.04 3.84 8.03 -2.74 -4.08 7.39 1.88 -8.00 -6.64 -5.76 -8.44 -7.98 7.35 3.60 -7.55 5.19 -6.77 -8.02 -0.03 -6.48 -1.13 -1.15 8.39 5.52 9.21 -3.00 -5.47 1.26 -9.31 0.26 9.63 1.15 7.90 -4.19 -1.60 -1.29 -8.90 -8.85 2.12 -0.86 7.09 4.69 3.57 -6.45 -4.88 -6.48 -4.08 3.61 -8.33 -7.38 8.96 -9.76 -2.09 -4.58 4.47 -5.22 9.73 -2.90 9.69 3.46 -0.33 -8.67 7.97 8.44 7.59 -4.61 5.46 -4.58 -2.50 0.89 -9.06 7.67 -6.10 9.57 7.98 6.63 8.55 8.12 -6.38 3.36 6.09 0.37 4.02 -6.74 -1.05 -1.49 -4.99 8.56 -2.41 8.35 7.43 -0.33 -7.58 -3.03 -0.03 6.68 -2.98 -9.33 7.15 -1.81 -5.59 -0.63 2.30 -7.60 7.46 -2.35 -5.61 2.63 5.58 6.11 6.29 3.84 -0.38 3.15 -3.60 7.78 8.12 -7.04 -3.22 -5.15 -6.75 9.07 2.49 -2.75 1.70 0.06 3.76 -6.07 2.12 -0.87 -9.75 5.16 -0.55 3.71 -0.37 -0.58 3.36 -0.45 6.64 7.24 -4.28 -2.82 6.37 -2.97 -2.33 -3.84 4.15 -7.57 5.77 -9.28 -5.24 5.05 -4.63 6.32 1.01 7.64 5.34 5.59 6.42 -0.47 -3.40 9.39 3.98 2.93 -2.05 -7.63 6.49 0.32 2.14 4.07 8.14 8.30 -5.01 3.84 -8.26 -7.00 -0.70 1.40 -3.74 3.68 8.77 -7.98 2.73 -1.07 -4.48 0.11 0.44 8.17 2.07 6.40 -1.29 -7.90 -4.86 1.20 
-5.21 -1.86 -0.69 0.73 -7.86 -8.74 4.70 -6.95 -8.22 -8.49 -2.77 -5.59 -5.32 -5.80 2.35 -1.48 3.36 -7.74 -5.72 6.61 3.66 -1.49 0.48 2.06 -5.63 -4.27 7.97 3.30 6.64 6.19 8.54 4.15 -2.75 1.31 7.13 2.47 0.42 -1.14 -1.13 -4.87 4.23 2.09 6.85 9.21 5.12 6.42 -2.47 1.91 4.41 2.81 -9.69 2.01 -8.53 -1.28 -7.19 -0.89 -3.58 0.19 -7.42 2.32 7.06 -9.89 -1.33 -3.32 -6.81 9.70 -3.46 -0.10 -9.83 -4.77 -6.22 -3.54 -9.83 1.55 4.48 8.66 -9.31 1.91 -3.05 2.46 5.17 -4.22 -6.20 -9.23 -5.40 2.07 5.36 6.56 -1.64 -5.55 -6.26 -7.55 -6.46 -7.18 -1.22 -0.85 -9.85 9.84 -3.24 -6.64 -0.93 -4.68 4.05 -8.16 -3.39 -6.96 7.53 2.54 -7.01 7.43 -8.14 5.68 -4.94 -0.29 -0.64 9.12 3.22 -5.28 4.42 7.74 5.51 -6.68 -1.94 9.44 9.04 -4.88 -8.57 -4.82 -8.97 6.64 0.86 5.44 -2.26 -1.15 -5.52 -1.95 -2.85 -5.37 -5.00 -7.46 8.08 -8.43 8.31 -0.73 7.50 -0.79 1.43 5.62 -9.05 3.19 4.92 0.14 -0.21 -7.56 6.59 9.54 -6.40 6.59 9.75 5.58 -6.19 0.33 -2.91 -8.51 -1.83 -6.73 7.99 -8.84 1.26 -2.49 5.40 9.72 -6.16 9.80 -3.70 8.11 0.98 5.17 -7.01 1.69 9.29 -8.62 4.35 5.26 3.16 -6.38 -7.74 1.13 -2.10 -7.97 -6.07 1.92 0.99 -5.82 0.33 -0.76 -6.95 5.91 3.49 -9.74 
-6.85 -8.33 -9.55 1.85 -3.95 -4.93 2.23 0.57 -9.02 -9.66 -5.54 9.67 -4.93 -8.64 6.88 2.61 -9.80 2.51 4.58 -4.46 8.19 3.15 -0.74 -0.68 1.48 -0.95 -3.61 6.79 -5.13 8.76 4.59 -4.42 1.50 7.71 -0.76 9.02 -7.22 9.83 -8.42 -8.15 6.94 5.70 4.49 9.51 8.24 -3.01 -9.15 -4.08 5.69 0.02 1.20 -7.87 -4.07 -0.51 -5.71 -8.76 8.02 -6.25 0.77 -0.04 -8.00 -1.32 6.97 -6.64 7.61 5.77 7.52 -4.22 -9.62 -1.64 -8.22 8.19 -3.38 -9.77 8.67 -8.33 -8.97 -7.52 -6.27 3.62 -6.88 4.08 3.46 -6.72 4.27 2.14 0.25 4.83 -7.00 -3.91 3.25 -3.28 6.94 -5.45 5.97 3.53 -4.38 -1.83 3.77 -9.68 -0.08 7.33 4.24 3.76 9.79 2.28 -3.70 -8.53 -3.27 -4.10 1.71 0.05 -6.30 -6.29 -7.41 1.87 4.74 0.45 -4.36 9.78 -2.09 7.04 7.41 3.73 6.43 -4.58 7.00 1.71 -8.20 -2.20 5.39 -7.08 -1.78 6.32 -7.13 8.32 -7.45 1.38 3.47 -6.61 -3.74 -5.11 -5.91 7.66 -3.31 1.75 -9.99 4.99 8.13 -7.07 2.44 -7.67 -4.18 -2.93 5.33 2.06 -2.84 -9.50 -9.73 6.74 0.42 -0.25 -3.91 8.67 -2.99 -2.84 7.05 0.86 3.64 -1.63 2.09 -4.72 0.18 -1.80 -7.28 5.43 8.19 -0.95 -8.15 -8.05 -6.10 -9.84 2.10 -2.31 -9.23 2.34 3.76 -2.17 9.28 6.25 -4.92 -6.02 9.68 -1.23 5.64 -9.33 3.12 -9.80 -3.22 0.66 
6.15 -2.53 2.70 6.18 0.57 2.30 1.14 -0.15 -3.22 -7.64 7.99 5.57 5.62 -8.97 8.54 6.52 -9.67 -2.74 -9.62 3.18 0.88 5.43 -6.40 -1.87 6.31 -3.74 -4.59 -1.77 -5.90 9.32 -7.30 -7.32 -6.52 6.66 -6.45 -2.58 -0.18 7.70 9.72 -4.16 7.40 5.98 5.86 3.98 -3.18 -0.23 5.17 5.81 6.18 -7.82 2.12 6.42 7.18 9.55 8.14 3.87 -1.04 -8.39 -0.42 4.20 -0.38 3.36 -9.01 0.82 7.16 9.66 -3.03 8.52 3.50 9.15 6.81 4.71 -1.44 -8.14 2.85 -2.29 5.63 5.43 -6.02 8.73 -5.38 -1.57 -4.18 -3.68 -1.16 -8.69 -7.60 6.27 1.47 -1.41 -4.12 8.56 -7.95 1.44 1.59 -9.24 -5.04 -7.36 4.39 -0.84 -0.66 -7.74 -0.36 9.46 -2.21 7.73 9.69 -5.24 -1.88 -3.41 6.23 -8.44 -6.51 -2.15 7.27 6.21 1.58 -2.41 1.00 -1.48 -5.64 5.25 -7.99 1.59 9.74 3.82 2.21 -0.42 -2.57 0.55 5.94 -9.57 -7.07 -6.71 -2.43 -3.05 -0.32 7.93 -8.41 6.60 0.42 -5.67 -5.38 -9.77 -3.63 1.37 9.73 1.29 5.33 8.05 5.06 7.26 -3.44 -5.69 9.04 8.46 -0.49 -0.49 -4.57 4.99 -3.11 7.86 6.34 -0.02 8.59 -7.64 -5.75 2.20 -9.14 9.95 -8.63 4.90 -0.64 2.65 -8.57 6.27 0.14 6.71 8.22 -7.21 3.45 0.92 8.36 1.60 1.49 6.04 -2.79 7.89 -8.82 4.46 -1.03 3.82 6.43 5.70 0.77 -7.00 0.85 -7.16 -2.83 -9.36 
7.85 -6.62 0.37 -9.51 9.20 -8.36 3.14 -8.20 -5.92 1.46 1.11 -2.92 -2.75 -8.73 -5.18 -1.14 -5.68 -1.28 2.26 9.21 8.59 -7.95 -6.38 4.22 3.16 -5.60 -5.07 -6.85 4.03 -0.36 -6.13 -5.26 5.28 9.95 -8.73 -6.04 4.44 9.10 2.80 -5.07 -9.97 3.51 -1.60 -9.78 2.46 4.37 4.03 3.53 -6.72 -1.43 8.96 -5.29 -5.16 -3.70 -2.08 9.04 7.71 -1.85 5.06 6.10 0.61 -7.94 0.22 8.10 -8.57 -0.82 -7.63 5.12 -4.48 8.02 -9.06 -4.87 7.72 -2.02 -4.10 -4.17 -1.29 6.32 5.04 -9.92 0.64 -3.40 -8.05 -5.52 -7.29 -7.59 1.63 1.57 -2.43 -0.69 8.40 2.39 9.86 3.60 9.52 4.98 7.31 -0.58 -5.85 5.74 3.10 -4.95 -2.42 9.76 -3.01 5.88 1.13 6.34 2.98 -4.59 7.48 -5.12 -2.75 -4.54 -0.22 -8.67 -1.85 2.89 9.06 8.80 6.27 9.86 -9.26 1.47 -8.25 2.60 -9.84 9.50 -9.85 1.02 9.72 8.74 4.99 -4.70 -5.23 7.46 -0.72 -2.84 2.19 7.31 3.43 0.43 1.73 -4.91 9.26 2.55 -7.12 -6.25 -1.56 4.27 -2.52 7.90 8.76 2.86 -5.91 -7.85 8.84 8.88 1.94 1.68 3.16 4.78 2.10 1.03 -7.09 -0.26 -0.95 -1.00 1.62 -5.21 -7.82 6.28 -7.82 -2.34 0.69 -9.43 -6.69 -5.68 -3.02 -8.72 6.06 -1.30 2.83 7.65 -4.12 8.27 -1.16 3.29 -3.75 9.65 9.97 8.80 -8.25 -7.38 -4.89 -5.63 -2.66 -4.02 9.92 -5.42 
1.73 -2.88 -9.46 1.04 -1.71 -8.63 -3.46 -1.27 8.49 -4.82 -6.87 7.37 8.11 -8.50 -9.53 -7.47 1.58 8.68 -9.85 0.01 -7.63 -1.52 -1.44 -0.49 -8.05 7.00 -6.61 4.15 4.35 8.61 9.74 2.41 8.81 7.00 -0.62 7.55 8.86 0.02 -8.10 -0.88 5.98 8.64 5.78 1.85 6.53 9.64 -1.41 3.69 -2.10 -6.54 -5.90 1.07 -0.61 9.22 6.72 6.10 -2.29 -1.64 3.31 8.79 7.92 -0.00 -1.65 -9.24 -1.39 0.99 4.30 1.84 5.04 -4.03 -2.91 -9.07 -5.17 5.50 3.63 -3.79 -5.83 -5.01 -0.37 8.72 -5.23 6.93 2.35 6.40 8.17 5.05 -6.05 -9.75 -2.90 7.37 -0.73 -7.39 -3.97 -3.59 1.64 -2.42 -2.21 -0.51 -3.93 -0.04 2.75 -2.53 1.72 -6.39 8.70 7.23 2.45 -1.88 -1.27 2.72 -3.00 -5.95 4.66 -5.07 -1.47 2.31 -5.82 -6.51 -1.80 -1.82 -0.28 -9.59 -7.91 -5.02 3.13 5.71 8.47 0.46 5.44 7.29 6.40 -7.88 7.42 -1.12 -0.30 -2.24 8.15 7.63 -8.52 -7.14 -1.72 0.20 -6.35 6.05 9.36 -1.02 -7.11 -2.74 7.06 -4.30 6.06 8.60 -7.55 -9.63 -9.22 -5.21 -0.15 7.70 -1.26 1.45 6.61 -8.41 6.11 -0.22 -6.49 1.77 -6.54 9.08 -9.85 9.07 6.10 -5.85 -2.61 8.88 1.92 -0.94 3.01 7.35 8.30 5.43 7.79 0.74 -8.06 1.71 -7.16 6.90 7.89 -2.53 1.68 -4.80 9.43 9.48 -7.50 8.60 -2.87 -3.78 4.67 -1.41 -0.81 -4.45 
9.46 -3.61 -1.93 -2.62 -8.72 -4.85 7.91 -1.64 -0.28 9.01 3.34 -5.22 5.67 -7.11 1.14 8.39 8.23 5.18 8.49 -1.08 8.26 1.36 1.34 -6.92 2.61 0.82 3.01 -3.88 -8.70 2.80 1.08 9.64 -7.97 -3.72 -7.73 -2.55 0.81 -1.18 -0.96 9.51 1.37 0.16 8.08 -3.91 -7.40 0.65 -1.06 8.87 2.62 3.84 8.31 -2.17 -6.78 0.91 0.91 -2.64 -5.78 0.96 -4.85 5.60 3.80 -5.06 -4.36 1.45 -1.25 5.06 5.35 -9.67 -7.69 3.67 -5.68 1.10 -1.01 -9.97 -0.65 8.70 -2.41 -2.25 5.46 -3.73 -0.05 2.94 4.18 2.50 5.86 -0.14 2.51 5.53 -3.73 -7.99 -2.36 -0.25 -6.51 5.82 -1.95 -4.30 -8.46 8.65 -1.59 -6.96 6.58 -0.56 7.32 -4.49 -5.31 5.92 -1.89 -3.98 6.28 -0.98 -3.61 -5.59 -9.77 0.18 1.85 -5.52 -6.74 -7.85 -4.61 5.71 -3.39 7.92 -5.15 2.00 -3.81 9.97 1.24 5.36 6.20 -9.87 -3.29 3.61 9.02 -1.10 2.02 0.72 -5.08 4.77 4.89 -8.57 6.42 3.35 5.73 -3.03 -5.17 -3.88 -6.83 6.93 -4.87 3.93 8.45 -0.14 7.20 3.82 -5.37 -6.08 -4.98 7.37 -2.58 5.12 6.12 -5.44 0.52 8.20 5.55 2.65 -3.46 -3.37 -9.78 2.42 1.39 5.00 -7.83 -7.98 6.48 8.49 2.68 2.76 -5.81 -6.31 1.73 -9.30 -0.69 -6.98 0.76 -1.23 -1.96 -4.42 4.61 6.59 8.10 -0.54 -8.51 1.13 -3.63 7.80 3.34 6.67 -8.34 7.66 
3.29 -3.61 -9.91 -1.75 -3.99 8.74 -9.77 2.08 -0.47 3.10 -5.50 -0.47 -7.63 1.47 -1.71 -1.44 3.59 3.10 -7.22 -0.30 3.14 -9.13 -7.90 -2.40 9.67 -8.29 -3.68 -7.31 4.24 1.57 -4.14 1.51 4.43 -3.43 4.86 -2.40 -7.09 2.15 6.46 7.32 5.51 -3.23 6.08 2.99 9.46 2.79 -2.99 5.00 9.26 5.27 3.39 0.79 5.81 7.92 -7.60 -3.36 8.00 8.71 -4.23 -3.25 -2.36 -0.10 -7.83 -1.15 9.06 9.12 -0.28 -4.61 -3.99 1.16 8.74 0.88 -8.79 -2.42 6.24 5.60 7.44 5.27 2.34 -2.14 0.56 2.67 -6.24 -4.33 -5.08 5.39 0.45 0.71 7.56 -8.58 -6.44 7.56 -9.16 -2.11 8.87 2.53 8.32 -5.18 -3.57 4.10 9.42 -8.07 3.69 6.19 8.97 9.35 9.08 -7.02 -9.89 -5.34 -2.82 9.63 6.24 -9.11 2.39 -6.64 -4.25 3.41 -5.26 6.05 -3.52 7.19 -6.24 -8.43 6.35 8.09 -7.09 -0.38 8.77 2.47 -7.25 -0.52 6.94 7.05 7.75 -1.16 1.10 -4.66 -3.49 -9.48 -3.61 4.25 -2.90 1.68 9.20 -7.28 -1.78 2.40 7.15 9.00 3.51 6.29 3.42 -6.88 5.52 0.39 2.03 6.26 -7.10 -8.51 -5.31 6.33 -2.13 1.45 -0.87 -4.65 -5.88 0.23 -9.50 1.41 0.61 -2.12 -9.40 -3.52 -4.61 -5.80 -7.56 -1.44 7.54 -4.04 -3.48 -3.33 9.86 -6.41 -8.63 0.81 -2.35 -8.24 4.87 -4.33 -9.86 -4.47 4.80 -3.20 -0.35 6.26 -7.10 -7.89 -5.81 5.86 
7.13 -9.55 -1.57 -5.47 4.80 6.31 -6.39 -8.51 -3.45 5.98 -2.16 6.43 -8.95 0.35 -8.11 -8.99 -1.16 0.88 0.01 9.50 -9.55 -5.08 -7.38 6.88 -9.89 -8.38 5.66 -3.79 8.61 -2.78 -8.04 0.64 -7.06 2.66 1.03 -6.08 5.84 0.44 -1.46 9.14 4.92 5.68 0.86 8.40 -9.49 7.24 4.34 -4.90 1.17 1.64 -7.92 3.83 -4.29 -2.04 -8.98 3.12 6.97 -7.13 -1.00 0.77 -2.62 -5.57 7.98 -8.75 7.17 -8.77 3.52 8.50 -3.69 -3.16 9.64 -9.52 -2.29 0.72 -9.96 4.71 -2.36 4.10 -1.82 -2.23 3.19 -2.32 1.62 -6.00 -7.10 -1.70 -5.98 -6.62 -2.57 -9.88 -5.23 -9.92 8.76 -9.49 -0.06 2.40 5.13 2.56 -7.23 -2.10 -3.89 6.55 7.88 5.48 -6.91 -5.91 2.35 -3.65 -1.68 7.21 1.09 -5.17 -0.26 -2.01 -0.31 4.40 6.81 -9.83 -2.36 5.97 2.14 0.78 -6.69 -0.31 2.16 -1.93 1.96 -1.00 3.21 -3.63 2.88 4.77 9.49 -8.09 0.47 9.53 -8.60 -8.96 -8.96 -8.19 -9.76 7.28 6.22 -8.65 -5.11 2.49 4.08 0.62 4.41 -4.26 4.60 -1.05 -4.09 7.83 4.80 -6.26 9.58 9.63 2.11 5.56 -0.44 6.94 -1.74 1.93 0.03 7.46 9.54 3.65 -5.28 -2.33 7.26 -3.86 6.44 7.21 9.58 -9.67 -8.89 -7.12 8.20 -4.17 -1.46 0.92 -3.50 9.02 -1.41 7.74 1.12 2.42 -6.88 2.82 0.49 -0.93 4.96 -1.98 8.01 -7.06 1.75 0.98 -5.16 2.47 
5.45 5.01 -3.94 -4.68 -1.97 7.26 2.76 -8.03 -1.84 -9.14 -9.74 -6.60 9.14 -3.83 -7.23 5.97 -7.85 3.51 -1.49 -3.24 -1.55 -2.93 -1.83 -4.84 3.90 -3.07 6.73 7.22 6.99 1.73 0.19 1.88 6.92 9.99 -1.38 -7.03 -3.19 9.57 2.19 2.05 7.56 8.10 2.89 2.02 4.83 -5.17 -1.45 7.10 -3.16 -5.58 -6.17 6.79 6.73 -0.47 6.12 -9.22 9.22 -6.11 1.76 2.09 6.75 -6.65 -1.16 -9.87 7.43 3.12 -4.83 7.87 2.30 4.80 -1.30 2.94 3.04 0.45 -6.88 4.69 0.07 8.09 -5.57 2.08 -0.46 -3.68 -5.14 8.98 -5.92 1.38 5.24 -4.53 8.72 0.39 2.39 -8.09 8.74 -1.50 -7.15 -4.78 9.79 -2.86 -1.50 1.08 -5.27 9.42 2.38 0.05 9.50 7.64 -5.29 -2.49 -4.10 -3.93 9.52 0.47 7.27 -0.98 -3.64 6.92 -5.81 -1.48 7.18 8.79 -3.21 -3.10 3.43 -6.65 7.77 -2.28 -9.75 8.89 -3.50 0.66 7.59 -6.43 7.10 3.62 -5.74 0.56 -3.32 9.95 -3.47 2.11 4.95 -5.43 -8.89 -8.50 1.37 -0.89 -9.96 -9.94 -2.91 -1.22 -3.48 -9.13 5.61 -2.75 7.73 1.11 -3.33 -2.88 -3.56 5.93 6.51 -4.40 -9.97 0.47 -4.30 -1.11 5.83 -1.17 -1.12 4.87 3.15 1.45 7.90 6.25 -7.12 3.95 -2.05 -5.54 4.72 -0.59 8.73 3.60 -0.82 -0.75 0.05 -8.32 -1.53 -5.99 -1.96 -9.40 -2.90 1.31 1.36 -9.58 -7.08 4.95 8.42 7.75 3.79 -6.45 
8.98 -4.20 4.62 1.32 5.60 -9.85 3.77 -5.43 -6.35 2.58 1.87 -5.93 0.13 4.58 2.81 2.08 -1.66 -0.90 5.57 1.22 -5.31 8.56 3.00 7.57 2.90 -8.41 -5.41 1.11 -3.72 -5.15 -3.45 -5.12 9.46 -6.25 2.47 -4.41 7.37 5.68 -4.60 9.57 1.80 4.35 8.66 -9.09 2.67 4.73 -5.23 3.97 5.36 9.69 1.12 6.50 -0.96 1.76 1.49 9.96 7.11 1.57 -1.46 3.96 5.98 6.79 -2.93 -7.15 -3.30 -2.49 8.70 -0.80 -5.07 -2.11 6.74 3.69 7.44 4.94 -1.98 -5.74 -7.35 -0.28 -1.90 -5.35 -3.34 8.37 -9.95 3.26 3.90 3.82 1.96 -5.83 -9.83 8.52 6.48 -1.77 -7.54 -8.71 1.27 -4.25 -1.15 7.30 -3.59 3.88 4.49 7.05 -3.07 -7.82 5.69 -8.79 -6.64 -6.60 8.67 -4.13 -2.62 -1.81 -1.40 2.45 6.69 6.58 4.68 4.61 -2.31 8.81 -5.66 -5.65 0.91 -1.55 -6.88 -9.03 -5.33 -1.54 3.86 8.53 -5.20 -4.99 9.59 8.71 9.48 -4.89 8.01 -5.54 8.76 5.88 0.79 -4.78 7.94 -0.88 5.95 -2.54 -7.22 4.30 4.79 -0.81 6.03 -0.49 1.90 -3.00 5.92 4.24 -7.30 1.59 0.36 -0.22 5.15 -8.27 -8.08 -5.84 -5.88 4.37 -5.02 8.81 6.01 -4.81 2.51 7.03 3.82 -1.17 -1.96 3.85 -9.44 -0.61 0.29 -3.42 1.70 8.85 -6.35 -1.97 5.32 5.19 6.73 -2.12 1.93 6.40 -2.77 -9.59 -1.05 -6.19 -5.46 -8.99 -0.73 6.42 8.20 -7.80 
-9.91 -0.20 -9.10 -8.90 7.87 1.74 -4.51 8.00 1.05 -1.21 -6.05 5.80 7.20 -7.34 -3.77 9.86 -1.24 1.14 9.91 -9.12 1.84 7.31 6.51 -8.98 6.13 -8.54 -1.63 -8.92 -8.22 -9.50 9.00 9.53 -0.42 -2.76 -3.64 -6.64 -5.68 -0.95 1.91 -3.73 -7.38 -1.59 8.58 -7.76 3.92 4.50 2.37 9.27 0.31 2.09 -3.35 8.85 5.77 -7.28 -9.99 -5.10 -0.26 5.18 7.58 -3.95 4.90 -3.97 -7.01 -5.83 -9.43 8.83 -0.24 3.92 -6.21 -8.59 1.25 5.16 -3.39 -9.42 4.64 0.20 -8.20 -1.47 6.37 1.83 5.35 -6.90 8.70 -3.77 1.84 5.41 1.74 1.69 4.57 3.12 3.48 4.31 -9.17 -3.48 -3.14 2.73 -7.72 -0.83 5.31 7.83 -5.19 0.97 -8.94 -6.31 -0.88 -9.60 4.60 0.58 -0.99 5.11 -4.72 1.51 5.04 -5.81 -9.87 1.52 -6.01 5.62 2.61 9.88 -2.28 -5.55 -9.96 -7.52 5.97 -6.87 3.45 -2.04 2.95 -2.27 9.90 -1.54 -6.95 9.62 -2.23 -4.40 -5.08 -5.41 -1.98 4.38 -9.64 -5.61 7.71 3.64 0.16 -5.12 7.99 3.33 -2.99 8.71 5.23 6.70 2.00 6.38 9.22 -4.20 9.57 1.40 5.85 5.26 0.68 2.59 2.72 -1.12 1.00 -0.67 0.69 -1.67 3.91 -1.35 -8.59 -6.38 8.68 -8.11 7.56 -6.42 -7.40 4.38 9.81 1.93 6.10 0.30 8.73 -6.58 -1.56 3.76 -1.93 8.05 6.53 -0.65 -4.89 -1.33 -0.28 -6.46 -6.32 -2.23 -3.21 -8.42 2.74 9.96 
-7.54 7.27 5.66 -5.71 5.42 6.05 -8.17 0.78 -1.51 5.74 3.42 -9.33 2.65 -3.33 9.46 5.05 -1.66 -0.58 4.24 6.76 1.86 -7.52 -0.56 1.14 7.24 5.78 8.30 -2.88 -6.37 -7.86 8.61 9.35 -8.62 7.74 9.73 -7.88 4.86 0.42 0.11 -3.14 -0.04 -2.22 -5.10 0.34 1.79 -8.18 8.43 2.99 9.10 8.81 5.80 -3.77 6.25 4.00 6.61 -3.49 -9.57 5.39 -9.94 7.19 0.76 -6.14 1.81 -9.62 -9.72 -3.97 -0.20 9.22 8.10 7.80 -8.88 8.40 -9.31 -5.71 7.99 8.63 -2.55 -6.32 1.59 6.40 1.48 8.15 -7.70 -1.42 -4.66 8.25 -4.98 -8.79 1.39 6.29 4.29 -6.74 -8.67 9.13 -6.89 3.62 5.06 7.46 -0.89 0.59 -5.59 7.34 -9.31 -9.37 -6.19 1.91 -3.31 3.42 0.55 -6.54 1.53 5.84 3.87 5.96 4.68 -7.09 8.05 -4.12 -1.08 -6.23 4.09 4.89 2.55 -0.97 -5.03 5.54 4.34 9.60 0.86 -9.27 -9.42 -9.08 1.84 0.89 -6.25 3.81 4.03 -2.48 6.85 1.05 5.03 -6.55 -7.82 -9.23 5.76 -0.95 4.73 -2.95 9.94 0.59 -0.14 -8.59 4.80 3.92 -3.10 -3.36 3.66 3.06 1.11 8.44 4.55 2.71 4.44 -7.16 -0.60 9.77 -4.27 -9.07 -2.07 -5.40 7.88 9.97 -2.55 9.46 -9.62 -0.03 -9.78 -4.30 -1.10 9.50 7.38 -4.41 -4.78 0.29 -3.31 -0.81 -6.62 4.37 -1.36 6.06 1.08 1.49 -2.08 3.03 -1.31 -6.98 -8.91 -6.29 -6.98 7.34 
-4.49 -1.13 -8.31 -4.84 -0.66 -4.89 -1.76 1.94 -9.67 -9.79 0.55 4.77 -5.88 -4.79 6.90 7.46 6.42 4.44 8.02 3.86 -5.43 -3.75 -9.35 7.50 6.86 -6.34 2.12 -3.52 9.12 9.47 4.16 6.71 -5.63 6.32 4.81 9.10 1.55 6.92 9.35 6.44 -3.34 3.48 -2.46 2.21 6.26 -4.56 -2.49 4.95 -2.29 -9.81 -7.72 -8.11 -3.62 -2.79 -0.47 -9.88 -1.75 -8.05 -2.41 7.90 4.49 9.92 0.41 -2.79 8.90 -4.66 5.97 -1.10 -1.00 -4.93 9.79 6.56 -6.54 -0.89 -6.20 -3.57 -5.51 -7.75 -9.64 -2.93 -2.61 -4.33 -5.37 -1.43 -8.84 7.78 4.11 -0.60 -5.35 0.99 -5.08 8.73 -5.31 -0.83 2.97 1.56 -5.58 7.47 8.27 5.90 4.42 -4.56 -4.59 2.23 2.13 6.49 -4.17 1.64 -4.82 7.86 -6.61 -0.65 -3.21 7.62 -4.27 -1.20 4.16 9.18 3.04 1.97 -8.81 -1.27 -4.78 5.99 2.11 9.02 3.22 1.20 -6.69 -7.05 3.03 -2.75 -1.65 8.15 -7.75 -0.17 3.54 0.65 -1.60 0.53 6.13 -3.98 -0.49 6.12 -8.83 7.74 -5.31 -9.02 -5.79 6.34 4.22 4.66 4.58 -7.04 -1.56 6.21 -2.14 -9.01 -7.36 -4.16 -2.38 -9.11 -3.11 1.98 7.27 -6.32 -4.48 7.06 -8.26 3.17 -9.00 -9.92 -8.45 -1.54 5.86 -2.34 -4.01 -3.67 -6.56 -5.04 -1.87 5.80 -9.04 9.70 -9.92 -3.91 -2.97 -3.45 2.82 3.98 -5.10 8.20 6.86 -9.83 2.74 -7.80 -2.80 4.59 0.70 -2.16 
-1.64 -9.12 -4.00 -5.13 -8.83 -8.82 4.83 -4.28 -4.08 8.77 -1.72 -9.23 -7.99 -6.44 5.54 -8.46 9.80 -9.89 9.67 -5.79 8.42 -2.05 7.20 -1.13 6.57 -1.06 -8.65 3.59 -7.24 -4.14 9.91 7.47 -9.03 -0.44 6.62 8.78 5.37 -6.75 6.52 -7.04 1.04 -3.56 -7.70 -9.39 -1.22 6.46 4.18 -8.48 -8.03 -8.31 8.84 -0.64 6.50 6.40 6.39 -5.77 0.01 -5.96 4.48 -3.17 -0.96 6.93 5.35 -3.34 -8.82 -8.00 4.90 9.40 -7.40 -9.28 -8.21 8.22 -5.30 -3.71 6.93 -9.58 9.75 -1.53 -3.67 0.51 -5.60 9.75 -5.77 -7.13 9.11 -9.45 -8.36 -6.13 5.92 -0.85 2.19 -0.56 0.36 3.10 4.63 0.35 -1.03 -0.67 -3.76 0.13 -0.83 -3.59 1.79 3.52 -7.62 0.20 -9.82 -7.51 3.32 -1.58 -8.46 6.68 1.50 1.03 9.44 -1.24 5.08 0.98 -6.85 4.76 4.17 -4.61 9.31 -7.52 -7.41 9.83 5.58 1.39 -2.45 -5.04 2.19 9.04 -8.23 -6.81 -4.10 0.16 4.24 -0.22 -9.03 -2.87 -9.82 -8.35 -1.64 -8.74 -2.57 4.20 -9.37 -1.53 -1.17 8.54 7.08 -0.64 4.52 -7.76 0.75 -9.60 -2.81 0.72 -9.57 4.82 -2.44 -3.01 -0.46 5.30 -4.75 7.67 -1.34 -4.56 2.11 0.02 4.20 0.47 -3.13 -4.09 6.91 -5.28 8.74 -7.20 3.40 -2.88 -1.03 4.21 -9.38 6.66 2.39 1.45 0.46 -3.55 4.16 -2.16 -3.03 -8.18 8.15 4.08 9.11 3.29 5.47 0.68 7.47 -8.08 
4.81 -5.07 1.43 6.49 -6.36 -0.48 -3.28 -3.10 5.60 6.31 -3.62 -3.47 -6.28 -1.08 -7.76 -8.33 -6.72 -1.89 -1.35 -5.50 -1.77 1.04 8.97 -4.51 -5.03 -3.87 -2.13 2.65 -1.30 0.15 8.37 8.47 -5.64 -3.79 -2.24 -0.83 9.93 -5.07 3.72 -7.02 2.77 3.11 -9.15 -3.45 4.41 2.22 -1.88 3.69 -6.09 -9.52 2.24 7.52 7.37 -2.79 7.90 5.08 3.95 7.73 -7.25 -6.12 9.69 7.58 -4.40 -9.91 3.32 7.06 -3.05 6.18 -8.09 -1.07 -6.23 1.99 9.73 8.63 -6.81 -9.19 -6.69 -9.31 5.47 -8.21 -0.69 5.76 -1.62 -9.84 9.78 -0.94 -9.99 -6.24 4.03 -1.79 3.62 4.57 -6.01 0.25 -0.57 -6.31 -3.45 9.68 5.82 2.98 -5.99 -1.83 -6.03 -1.16 -9.33 -5.37 9.54 2.19 1.05 8.01 -9.90 0.70 -9.99 -3.18 2.30 -7.03 -2.54 5.87 4.35 -5.54 6.80 -8.38 0.98 0.86 -2.13 -6.45 -0.81 -2.47 4.13 8.08 -6.60 1.16 -6.31 -8.60 2.37 7.30 -2.08 -0.18 -9.17 -7.06 -3.97 -5.18 -4.76 9.54 2.83 3.76 -9.69 -9.29 -8.61 5.38 -4.70 -2.28 -3.69 7.21 -6.62 4.78 3.13 2.75 -9.22 -5.89 5.30 9.13 -4.33 -7.20 -9.07 -2.53 5.90 0.35 -0.29 -7.28 8.26 -1.63 6.87 3.82 5.52 -2.36 1.88 7.79 0.24 8.63 9.64 -9.80 4.65 5.60 -9.70 5.06 -1.79 -2.91 2.08 6.06 7.81 -1.44 -8.62 7.01 0.96 0.37 7.35 3.08 -1.33 -5.29 
7.23 -7.93 7.18 4.25 2.54 -7.09 6.63 3.10 -2.94 -1.18 6.54 -0.14 -7.98 -1.85 2.34 -7.14 5.63 6.51 4.04 2.94 5.00 3.96 7.53 9.60 6.53 3.28 -3.69 6.37 -1.16 4.53 -9.01 1.74 3.35 2.82 -1.26 -3.64 -2.75 -4.95 -9.71 -6.67 8.26 -3.64 -5.20 2.23 9.39 -6.97 -1.73 0.02 -5.76 -4.79 -9.31 5.52 -9.56 -4.65 -8.97 6.72 -8.50 -1.45 8.58 -0.07 -9.89 -9.83 1.09 -2.91 8.87 -4.21 1.32 9.87 1.90 -3.28 4.29 8.74 1.10 6.69 8.70 -9.53 -3.41 -6.54 -7.26 4.15 -8.36 -1.08 9.90 -2.62 2.35 -8.75 0.71 1.04 -1.43 2.22 -0.67 -5.69 -2.35 8.89 -8.57 4.89 5.59 0.82 -5.04 -3.33 4.28 -1.45 2.91 -6.14 1.39 6.87 -6.87 -0.56 6.08 7.05 -3.97 -0.49 -9.56 -2.77 7.30 -8.94 9.76 2.98 0.30 1.46 -0.66 -0.83 -2.23 -8.57 -0.74 -3.37 -8.41 -9.84 -5.85 -2.51 2.92 8.03 0.07 6.56 -4.16 -9.14 -1.29 8.34 8.11 4.10 8.46 -3.34 5.57 -3.80 3.14 4.08 6.18 5.62 7.09 2.60 -9.04 -1.92 8.32 -3.76 -7.85 -3.91 4.60 -5.36 -5.19 -7.62 1.93 -1.32 -2.32 -3.52 -5.00 3.68 -3.89 4.54 9.88 -2.06 -6.89 7.46 7.65 -6.89 4.89 -9.16 -6.58 9.61 1.47 -8.07 1.91 1.85 -0.92 6.58 4.84 -4.04 -3.11 5.67 -3.56 3.20 -8.39 0.55 -6.31 -0.90 8.65 0.52 1.30 4.99 9.82 4.72 
-9.93 -5.57 9.01 -4.19 -1.30 1.84 -3.78 -0.90 -5.74 -9.05 0.37 -8.56 7.11 6.30 9.89 -9.22 -3.59 -1.92 7.07 7.26 -5.38 -0.50 5.56 -4.53 0.61 -9.61 4.30 8.38 1.34 3.69 -9.65 9.65 7.33 4.84 -7.68 -3.56 8.19 -5.93 -7.61 4.03 3.45 1.79 5.89 2.28 5.12 -8.83 -3.72 0.81 -4.68 0.72 8.34 7.25 5.41 2.22 -5.09 -6.41 -1.32 8.56 4.04 3.99 -0.53 9.34 9.43 3.64 5.72 -6.49 -1.95 1.93 2.24 -7.11 -9.69 5.93 -9.26 -9.27 -2.65 0.36 2.19 4.43 -5.89 -9.45 0.34 -0.16 8.64 1.04 -0.40 4.05 6.02 -2.11 -6.44 -9.92 -1.44 -4.06 9.84 0.83 1.46 4.72 -5.30 5.60 -4.65 -4.64 9.57 5.00 1.67 4.10 4.84 -4.09 -10.00 -5.65 -1.17 -0.70 6.29 5.61 -8.32 -6.95 -0.73 -5.68 1.67 -9.15 4.65 -3.96 -4.34 -3.89 -3.63 6.83 7.76 2.72 8.28 0.22 9.26 -0.60 -1.96 8.43 -4.54 -8.81 -5.84 0.14 0.03 4.71 -5.80 3.93 5.78 -8.27 -5.04 -8.44 -8.33 5.58 -9.19 2.90 8.10 -9.05 -9.98 6.69 4.17 5.53 -1.02 4.63 -0.67 -8.58 2.56 4.48 -0.81 6.94 7.35 -4.38 -9.26 6.15 -9.76 0.05 -6.32 -1.73 9.48 8.59 -1.11 -4.36 -3.93 -1.66 -8.59 1.82 5.64 -7.06 -7.69 -8.79 3.95 -1.71 -2.97 5.82 -0.18 9.33 -2.32 2.80 1.85 -0.19 3.01 3.09 -6.63 1.24 -9.94 -3.81 -7.52 6.16 
8.88 -9.73 -9.27 3.76 2.58 -4.53 -7.30 -4.10 8.02 -0.28 -9.40 2.82 9.91 -4.90 -5.52 -8.62 -4.00 8.68 -2.61 7.63 -7.54 9.41 -6.19 3.86 3.04 2.55 -1.67 7.83 3.70 9.63 -2.63 7.95 -1.10 9.10 7.96 8.06 9.41 2.35 0.28 9.26 -9.77 -8.43 -0.57 4.22 8.74 0.31 1.29 -2.30 1.72 4.44 4.66 -7.78 7.53 2.75 3.45 -8.41 -5.70 -4.30 -8.07 -1.91 5.34 -7.81 0.60 1.94 -3.06 -0.46 0.77 8.57 7.86 -9.20 -5.34 8.78 -3.46 -5.41 -0.45 1.67 -2.65 -5.36 7.75 8.40 2.86 -2.07 -9.09 3.43 8.01 8.45 0.93 -7.92 6.50 4.02 7.52 8.50 -9.28 -2.18 -1.83 4.85 0.75 1.03 2.16 4.32 -2.76 -5.51 3.74 5.42 2.33 -6.59 9.31 -1.07 6.19 -5.16 -6.30 8.51 -7.68 8.94 -9.46 2.82 -8.66 -6.50 4.60 5.95 0.14 -6.60 8.46 0.84 -7.41 7.58 -3.70 -2.01 2.13 -9.17 3.21 1.67 -3.17 -8.25 -7.00 -7.85 -7.95 -0.35 0.99 -0.33 -9.77 -6.91 -6.55 -2.99 -1.21 7.22 -7.34 1.45 -6.24 -3.02 -4.70 -3.38 6.72 -9.49 -8.19 1.08 9.98 -8.79 -9.00 -0.74 -2.14 -5.71 8.33 9.00 5.55 -4.59 -7.38 -8.20 -7.07 4.78 -2.02 5.44 -1.40 9.11 -1.50 0.04 5.76 -2.62 9.75 4.89 -5.25 7.88 -5.41 7.40 8.03 5.08 8.32 5.75 2.15 -6.29 6.70 -0.36 -5.30 8.61 6.58 2.79 7.50 1.92 6.09 -8.13 
-4.71 0.85 -9.83 0.01 -6.33 1.44 1.98 2.18 -9.45 -3.94 -0.80 7.83 -2.33 -8.91 1.42 -2.11 6.62 6.96 -6.33 -9.25 -7.86 0.16 8.84 -5.92 -9.51 5.20 4.51 -7.06 5.44 6.22 -2.23 -7.43 9.46 4.40 8.49 -0.90 -9.31 -7.82 7.62 1.19 -0.91 -1.84 0.06 -3.02 -8.29 8.58 -5.69 1.44 0.15 -9.05 9.81 -9.62 -0.73 -3.09 -4.37 8.69 -3.97 -0.11 4.25 6.67 8.56 0.55 6.06 -0.61 -2.19 -9.25 -3.22 -4.39 7.48 -7.47 -0.26 -9.53 -6.92 7.89 -6.74 9.52 2.66 -1.72 -3.74 -1.92 -2.05 -1.22 4.48 -8.22 0.39 -1.03 2.39 4.43 5.02 -8.53 0.65 -6.97 3.35 -4.73 1.36 4.67 3.12 1.46 8.49 6.60 -3.65 -8.39 -3.97 8.08 7.09 -5.86 4.01 8.48 2.95 -2.36 -3.93 7.21 4.22 9.09 4.98 -5.51 -4.17 4.58 -7.78 5.71 9.69 9.64 -6.69 3.60 -4.49 3.76 6.86 -1.38 7.08 -6.49 -2.01 0.88 7.21 4.17 -7.86 -6.77 -0.51 6.73 5.71 9.37 2.60 7.92 -8.90 -9.06 -7.64 4.24 -8.66 3.37 8.25 -2.68 7.95 -7.32 2.80 -7.26 -7.14 7.52 -6.36 2.71 4.81 9.41 -0.06 -6.75 -5.85 8.84 9.67 -4.90 8.91 -3.52 4.08 -1.00 9.60 6.98 1.93 0.58 0.36 8.99 -9.22 -2.99 1.66 4.28 7.21 -5.01 9.91 -6.68 2.39 0.99 8.57 6.91 -3.30 -9.00 9.31 3.20 -4.74 -0.41 9.63 1.66 5.75 4.60 -5.17 1.65 
0.50 1.76 0.29 3.89 -9.92 -7.67 3.47 2.15 -1.68 3.98 -9.98 -9.86 8.29 -9.33 0.70 -2.99 8.21 -8.88 -0.66 7.02 -4.81 -6.88 5.03 1.17 -9.79 4.45 8.70 3.06 7.96 -1.89 0.20 -9.09 5.42 0.12 -1.31 -8.98 6.19 -0.04 -5.09 9.45 -2.41 -9.73 -7.06 -3.77 -5.37 -4.78 6.31 1.95 -5.50 6.65 -5.32 -6.61 1.92 6.67 -8.10 -1.46 -4.88 7.08 4.13 9.59 2.61 -5.89 -9.99 6.92 0.33 6.09 -2.94 -7.97 -5.95 -2.98 3.98 -2.71 1.55 6.46 -7.32 3.88 -4.84 4.83 5.12 2.84 2.56 3.41 5.81 -5.54 -2.81 -2.55 -6.30 8.06 9.92 1.17 7.47 5.45 -7.21 -2.64 -9.82 0.89 2.16 -9.82 0.30 -2.13 -5.92 -1.72 -1.29 1.62 -4.95 -8.52 8.20 5.87 0.47 9.62 -2.56 -9.22 9.39 -7.56 5.26 -3.12 -1.04 -7.91 8.04 -3.49 -6.88 3.52 6.72 0.66 6.84 5.21 -4.49 4.20 3.78 5.33 8.75 -4.28 -6.39 -9.71 -3.23 -6.90 7.84 8.57 -9.92 -9.29 -7.93 8.31 9.78 -0.45 4.54 -6.29 7.06 -8.60 0.19 3.34 -1.87 8.11 -8.87 -7.24 3.14 8.15 2.82 -8.81 -2.69 -1.56 -0.44 -3.43 -4.22 9.28 -4.70 5.22 3.73 6.64 6.78 -0.71 -4.74 2.73 -7.75 0.56 1.57 4.17 -3.20 4.97 1.94 1.64 6.87 -1.73 1.44 0.69 4.25 7.95 -0.62 -6.56 -9.94 -0.55 7.74 -4.19 -7.60 -6.87 -0.59 0.61 8.07 -3.94 5.26 -4.14 
-8.74 9.88 -8.28 -4.89 5.56 -7.95 2.59 -7.44 -0.62 3.65 2.35 2.64 -2.79 5.07 -6.11 7.72 -9.91 -5.10 5.59 3.75 -3.16 -2.63 -8.18 -3.22 2.54 6.23 -9.53 -4.26 -2.86 -7.76 4.73 -2.42 7.45 6.88 0.56 4.35 1.65 4.14 7.46 -8.62 -5.90 -2.69 0.26 2.07 7.56 -6.93 -8.66 -0.02 -8.42 5.73 7.43 3.25 4.89 6.52 4.68 -8.75 4.67 2.57 0.60 -1.04 -6.50 9.04 -9.77 -8.35 -1.09 2.35 5.97 4.35 -0.18 -7.10 4.31 3.77 -8.59 -8.12 -2.52 -3.81 -7.81 9.80 0.03 5.62 -0.05 8.61 5.90 -5.31 4.79 -3.57 6.84 -6.08 -0.60 2.97 -3.69 6.34 9.80 0.28 9.31 2.63 8.26 -1.08 4.70 -7.63 0.25 0.70 -9.06 1.00 0.70 9.55 -9.50 -5.89 -3.22 -8.92 -6.26 -9.28 7.57 -0.01 -8.57 8.89 2.78 -4.54 -5.42 -5.52 -0.42 3.25 6.64 9.86 -5.79 -5.39 4.70 -0.31 -6.48 -7.37 -2.28 6.48 -1.66 -7.58 -0.67 3.63 7.44 3.79 7.72 -8.33 7.78 -6.39 7.83 6.38 -2.92 2.31 9.53 9.01 -3.19 -3.99 1.78 -7.23 3.00 -9.96 0.96 3.68 -7.49 -0.43 -8.62 2.95 9.60 -2.86 -7.05 -4.12 1.61 4.07 0.98 -7.50 3.88 4.23 -9.53 -2.42 -1.97 -5.56 -0.62 -7.80 8.25 1.06 -7.40 -5.89 -1.50 -6.90 0.77 7.95 9.60 -9.29 9.88 0.94 -3.42 5.55 2.28 3.86 -3.28 -3.74 -0.07 8.82 0.85 -5.98 -2.87 -8.10 
-6.54 -2.35 2.43 -1.24 3.37 -2.97 -9.74 -2.56 7.53 -4.49 9.09 -2.86 2.34 -1.24 6.50 -4.86 -6.37 -5.76 1.73 -7.69 7.54 2.19 2.00 3.38 1.69 3.85 -9.48 -4.65 4.27 -2.43 -2.44 9.34 -8.98 -2.35 -2.63 -5.66 -7.75 5.86 -3.77 8.67 -0.01 -7.50 2.49 6.38 2.11 -2.13 -5.67 0.18 0.53 -3.81 0.99 4.25 3.19 -6.41 7.54 -7.31 -6.36 -7.27 -5.76 1.54 -2.50 -6.32 4.30 1.98 8.98 0.61 -3.37 -10.00 -4.88 -7.48 6.78 2.93 0.59 -9.67 3.98 -8.33 2.64 -9.20 -0.87 3.71 -8.93 9.80 -7.36 -7.68 -6.76 8.06 -7.70 -6.65 8.98 4.40 2.36 -4.96 -6.82 -9.47 7.09 1.00 -2.07 3.23 -5.67 -3.28 -1.02 -0.98 5.04 1.54 -1.33 5.15 -2.95 6.23 -0.76 1.96 -2.58 8.88 5.38 -9.45 4.63 7.86 -0.93 -3.73 -2.24 -9.31 -0.04 1.10 -5.25 -7.13 -5.62 -0.67 -4.83 -6.91 3.76 2.24 1.71 2.74 -6.38 2.10 0.74 6.17 -3.17 -1.70 4.92 9.24 0.58 -1.87 8.96 8.39 -9.24 -1.52 -4.97 -4.49 6.38 0.84 -3.10 1.84 2.49 2.52 -7.63 9.80 1.59 2.59 1.45 -7.18 0.46 0.66 -8.62 1.18 -6.05 4.93 7.25 -5.88 0.16 5.12 2.53 8.45 4.46 9.52 6.17 3.47 -2.75 -8.30 -8.05 -8.47 1.70 -6.91 -2.64 1.96 -9.53 0.40 -3.26 6.37 0.57 -7.66 -7.11 -7.13 -6.56 -2.91 -7.69 -3.56 -7.54 4.14 -8.86 5.86 
0.96 -7.15 0.39 -3.80 -7.96 -8.97 -1.25 -9.62 -6.25 -2.26 -8.07 9.50 7.91 9.07 5.78 9.87 -3.51 -4.70 -8.76 -9.99 -1.39 -7.41 -6.48 4.43 -3.85 7.51 -0.14 -0.87 7.85 1.89 -6.62 -8.76 7.06 -8.66 -9.29 0.35 -5.92 6.35 5.30 8.91 -7.34 -2.49 9.09 -0.90 -8.43 -6.71 -5.92 -5.42 -6.98 7.17 1.15 9.99 9.29 1.87 -6.70 6.36 -6.48 5.83 0.45 6.88 -4.01 -4.61 -7.22 -2.61 1.27 -3.99 0.74 -7.56 -1.43 6.17 -2.06 4.49 -1.05 9.92 -5.35 -4.51 2.44 0.73 3.76 5.31 -0.78 7.83 -0.61 3.61 -1.98 -3.80 -2.28 3.08 -7.93 5.25 -3.09 1.28 4.04 -3.57 -9.41 -6.18 -1.40 -3.76 -2.46 -6.43 -8.41 -9.72 -1.82 -0.08 -6.26 8.09 1.02 5.35 -0.75 -6.13 1.36 6.31 -6.72 9.59 0.81 -1.22 2.20 1.63 0.63 4.53 2.28 -5.62 -4.59 7.73 6.96 4.57 -3.18 -0.23 0.77 5.52 6.62 -1.89 -8.98 -3.81 -3.95 8.96 -1.54 -1.41 -2.95 6.62 9.43 -7.24 5.88 -2.53 -3.42 -6.86 5.33 -2.89 2.89 -8.62 -7.79 -8.96 2.19 6.67 9.34 -9.81 -8.51 -9.99 1.22 1.60 3.97 -5.26 -6.98 1.68 0.69 -2.88 4.14 -9.69 5.97 7.62 -6.16 -7.32 -1.41 6.33 1.07 6.18 0.78 -4.67 6.23 1.47 -7.39 8.77 -1.63 -0.48 -3.89 1.74 -1.42 -3.72 1.38 -0.56 0.98 -0.88 6.71 5.72 -5.31 2.20 3.94 -7.20 7.54 -9.73 
-8.38 -3.49 -9.88 -9.14 -1.81 7.35 3.69 -9.50 -1.28 7.52 2.26 7.99 6.25 -1.20 -2.07 -9.71 5.05 1.58 4.61 -5.14 -0.79 -5.69 -0.62 -4.30 1.22 -0.90 3.71 -0.43 -0.75 0.96 2.84 0.41 -8.09 5.04 -6.04 6.74 4.20 7.69 -2.08 -7.85 -7.36 -1.47 5.07 5.62 -1.28 -6.66 1.95 4.19 1.58 -7.17 3.97 4.57 5.94 5.23 -1.93 -4.51 9.79 -1.82 0.32 -5.14 -2.51 4.57 3.23 -5.92 -3.23 -0.64 5.66 -3.37 -4.32 -5.25 3.66 -4.89 -0.90 3.02 1.34 4.13 8.48 -3.93 9.18 0.23 8.37 -5.44 4.31 -8.53 7.24 -3.49 -9.49 -8.62 -6.94 8.70 -6.28 -4.15 -4.97 -9.60 -6.70 2.34 0.83 0.14 -2.28 -0.60 -0.32 6.63 -6.54 -2.08 5.20 -8.84 9.45 6.46 8.75 -1.08 9.25 0.30 -6.31 5.71 9.06 -1.95 6.98 3.13 5.57 -4.55 2.25 9.27 -0.89 8.71 -8.93 -4.09 9.27 5.97 -5.66 -6.66 4.17 -3.14 7.52 2.34 4.34 3.16 -5.94 -8.62 9.09 9.08 -0.51 -6.37 1.34 5.55 1.07 7.03 -8.29 -7.94 5.11 4.00 -2.67 -3.04 -8.35 3.14 -9.60 -3.85 5.60 7.06 -3.09 -4.46 -0.20 -3.29 -3.53 -4.94 5.25 9.73 7.54 -6.78 5.14 -0.36 -0.61 8.60 6.70 1.58 4.21 -6.57 -6.32 9.21 9.22 3.90 5.84 -9.66 3.03 4.08 -4.65 -2.45 1.58 -6.27 -6.84 -3.70 9.84 -5.33 3.63 -9.12 -0.71 -4.44 -4.46 -3.53 -5.30 -3.18 
-8.12 8.13 -7.79 0.69 -2.03 -3.73 8.46 3.73 9.27 5.39 0.37 -5.94 8.04 -2.94 2.43 -0.11 -2.42 -8.04 -3.85 6.15 -0.50 -2.05 -1.49 0.88 -0.89 8.67 5.36 2.03 -3.04 1.72 -4.51 4.38 7.59 -6.10 -8.14 8.66 -2.08 -6.76 -1.25 1.10 -6.95 -3.20 3.81 4.66 -3.02 -9.56 1.69 9.60 7.88 -8.13 -8.12 -9.64 -1.29 -3.75 -4.29 -3.34 0.39 -4.69 -9.33 6.25 -5.76 8.35 1.32 -8.36 6.60 8.50 -4.67 -6.62 -2.53 -8.50 -7.80 -5.36 0.41 -9.14 -2.25 5.98 -4.18 -8.89 5.84 -8.26 3.74 -1.99 1.93 -9.50 6.54 2.85 -1.35 -4.12 -0.85 7.20 8.05 2.07 2.79 -6.06 -8.51 9.82 -1.34 1.57 0.52 8.68 5.61 1.69 1.72 6.17 8.19 -3.83 3.24 0.98 -6.19 3.24 5.79 -8.97 -9.32 4.78 -6.75 2.61 -2.98 8.06 0.59 -5.82 8.66 6.99 -3.60 -1.03 2.07 7.69 -0.77 7.07 -0.43 -6.25 6.28 4.06 -7.52 -2.95 -7.24 3.41 -1.96 -4.89 6.95 7.90 -4.96 3.84 -4.37 -2.59 6.61 5.19 -9.97 8.39 -6.53 8.12 3.66 5.00 8.73 -2.30 7.05 7.73 -5.17 -7.04 0.29 -0.20 -9.65 0.80 2.00 -5.26 8.40 4.39 -2.57 8.78 -5.90 -2.23 5.75 2.79 6.51 6.78 -8.80 1.45 -5.67 0.28 -4.03 -1.96 -4.45 6.82 -3.71 1.92 -0.73 2.05 3.17 -8.94 -7.82 -7.11 4.43 0.21 -5.59 -2.22 3.64 9.09 -8.73 1.77 8.75 5.34 
-3.82 -5.67 -0.30 2.64 5.84 -7.53 -0.64 -4.97 1.89 -6.08 -6.32 -8.20 6.17 -4.66 3.37 -2.67 -5.25 4.36 -3.26 -2.00 -9.83 6.36 -0.66 9.47 -6.77 6.21 -3.88 2.57 -9.64 -3.62 -3.64 8.99 -9.24 -3.24 -9.25 3.75 -4.71 -3.26 6.84 -3.86 4.11 -1.29 -5.52 -1.03 -8.22 4.72 -3.97 -3.16 -1.76 -6.10 -7.87 -1.91 9.93 -8.14 -7.29 3.33 -8.43 -7.59 -9.13 -9.01 2.21 7.56 -4.90 9.65 -7.73 3.84 -3.46 -4.73 5.26 4.80 -0.71 -9.57 8.13 3.51 -3.22 2.89 7.89 5.44 -2.54 -6.27 9.10 -8.14 6.20 -1.61 -4.19 6.03 -4.39 -2.62 6.25 -7.07 8.87 1.28 0.47 1.43 -7.37 0.47 5.65 -8.62 -6.90 -0.17 -0.49 -7.68 -3.50 3.54 -3.31 8.30 4.35 -0.11 5.91 9.47 -2.58 3.60 6.96 1.55 7.78 9.79 6.76 -2.82 -9.08 -9.19 -3.82 3.24 -3.32 5.56 -5.67 3.30 -3.66 -4.13 -4.72 2.06 7.93 3.64 2.02 4.63 -2.80 1.08 7.03 1.09 0.58 4.59 -8.16 0.75 -8.56 -3.32 -5.73 6.49 4.05 -1.39 6.75 6.34 5.79 4.82 -1.51 -9.17 8.52 -3.44 -3.99 -6.08 5.46 3.93 1.30 -3.29 -0.12 0.40 8.89 -2.97 8.19 9.94 -8.80 -7.42 -2.88 -3.37 -6.94 9.63 5.88 -1.44 2.20 0.39 3.92 5.00 5.16 2.42 -6.24 -4.68 -3.04 -4.72 6.67 2.79 -9.77 4.12 8.32 -4.23 1.67 -5.85 -5.69 9.85 -3.58 -9.81 -5.30 -3.78 
3.15 -6.83 8.55 2.18 5.52 -1.17 -8.34 4.60 4.28 7.87 -3.22 7.74 0.52 -9.31 4.71 -6.35 -7.54 8.93 -4.17 -6.14 3.79 -6.54 -6.13 9.77 -8.51 -3.01 -9.29 -8.18 -3.11 4.11 -3.57 -1.23 -9.19 -0.57 5.60 9.82 -8.20 -8.88 6.24 -0.82 7.19 7.67 7.90 -2.24 6.76 4.88 -0.40 -8.84 -4.54 6.94 2.94 -1.95 -8.12 8.46 -5.80 -3.71 1.93 6.69 7.12 8.46 3.97 3.65 -6.40 7.30 -8.49 -9.76 -0.30 -4.15 6.57 1.45 -8.78 2.92 1.76 8.93 2.91 -1.97 -5.08 -3.19 4.91 -9.57 5.68 -0.75 1.62 -9.31 -1.89 -7.77 1.76 -3.38 7.79 3.74 10.00 -0.89 -6.53 6.81 -0.19 7.42 6.55 -1.09 -3.11 -0.75 5.24 -9.36 0.28 4.12 4.64 -4.71 9.92 5.79 -9.46 8.39 9.70 3.39 2.19 3.28 3.35 8.43 -0.97 -5.05 -7.89 -1.09 -5.48 -4.32 -0.44 3.84 -5.12 5.02 -2.69 8.29 -9.02 0.36 6.61 0.99 -6.39 5.68 -6.90 3.45 -3.10 5.67 -6.97 4.43 8.69 7.86 9.34 8.17 -9.26 7.75 3.81 -2.60 -6.89 4.62 -0.39 1.44 -1.44 7.64 3.77 -9.14 -2.07 -9.47 -8.54 -1.56 1.23 6.58 -7.96 1.32 7.79 8.37 6.24 5.19 1.22 9.63 2.39 6.70 -0.38 -6.62 5.73 3.48 8.42 7.07 -5.33 -1.18 8.81 0.49 -0.15 1.60 7.10 8.46 7.12 -1.88 3.17 3.31 9.41 -8.33 -4.73 -0.91 -7.10 -7.44 0.50 6.56 2.50 -6.35 
4.32 5.27 6.98 9.34 2.62 -4.44 2.38 -2.62 8.21 8.77 -7.30 0.85 -1.14 -2.82 -6.64 4.48 2.40 0.48 1.03 -0.46 -8.39 -0.09 9.74 0.44 -6.15 -1.60 4.46 8.70 -6.98 -1.00 8.84 0.58 -7.77 9.56 5.52 -6.32 9.11 6.27 0.90 6.07 -4.35 -3.67 4.39 7.67 -0.60 -9.34 -1.76 8.44 3.42 -8.90 -0.26 4.82 3.63 -5.12 -2.52 5.32 7.62 -0.52 -6.42 -9.50 1.23 -2.41 -9.75 0.30 5.82 4.48 4.08 4.08 -8.74 5.69 -3.06 1.69 6.12 -4.94 9.81 1.82 9.79 1.88 5.28 0.66 -9.33 7.42 4.04 9.18 3.48 7.52 -6.70 -0.70 -9.51 0.06 -6.03 -1.11 -9.60 -1.81 -6.56 -8.01 2.72 -5.94 -1.97 4.60 -2.72 4.10 -7.83 -5.32 -0.49 -0.91 6.43 -2.65 -9.94 -2.14 -4.03 1.54 6.62 -6.86 -0.54 -4.96 -1.23 8.70 5.82 -4.88 8.61 9.56 -7.13 9.21 2.44 -9.00 7.61 -4.55 -6.91 -0.19 -0.40 -4.04 -2.68 -8.89 1.54 -4.12 -0.74 1.81 4.53 -6.41 3.28 4.61 3.89 7.55 -8.46 -1.81 -9.48 0.96 5.36 2.42 -3.79 2.38 8.73 3.16 1.93 0.52 -0.59 2.94 -0.33 -4.99 3.53 -4.60 -4.27 8.79 5.94 -7.98 -8.14 6.50 -1.81 -4.14 6.43 -4.36 6.07 8.89 6.49 -9.33 9.52 -2.35 1.53 3.19 -5.43 -4.45 9.60 1.35 -6.18 8.88 -6.46 -8.55 1.94 6.11 6.90 9.47 -9.79 3.18 -2.88 -6.40 -5.67 8.16 -6.81 -4.94 
-9.03 -1.53 -0.73 5.86 5.84 8.00 -9.27 8.52 8.11 2.81 -5.22 4.16 1.84 4.60 4.17 -1.30 -4.57 5.24 -9.52 -9.69 6.09 -1.71 5.16 0.20 4.00 0.61 1.77 5.87 -5.85 -9.13 -9.52 7.98 5.16 -6.72 -8.45 8.32 -7.23 1.05 7.64 -2.97 9.39 -8.12 -0.14 5.75 9.49 5.22 -1.09 5.53 5.53 -9.43 1.18 2.30 7.20 3.74 -8.70 -3.37 -9.23 2.60 -1.14 -2.31 -6.67 4.61 8.41 -4.65 -0.35 -7.77 8.54 -9.22 3.21 5.13 9.44 -3.00 -0.81 -9.00 8.58 -2.15 9.41 9.46 -9.86 3.24 -9.67 -5.05 -3.69 1.50 -8.13 2.32 7.87 -2.67 5.90 2.32 8.00 -7.53 -3.59 3.66 6.29 -7.01 4.76 -0.54 -1.63 -2.78 2.46 1.28 -8.06 -1.07 -2.62 -0.40 3.01 3.77 7.31 6.93 8.04 1.35 -7.89 -3.07 4.24 1.41 -1.12 5.15 -9.35 -3.61 4.71 -8.13 6.57 -3.31 -0.47 -6.64 0.31 -6.93 -0.04 -6.17 0.60 3.05 0.13 -4.51 1.01 0.55 7.54 0.93 -0.97 4.42 -9.96 2.24 -8.19 -2.35 1.13 -6.49 8.93 6.61 1.49 1.91 -9.73 -0.76 6.75 -9.82 -5.25 5.74 -1.83 0.80 2.56 4.84 6.22 -5.99 -6.82 2.35 -6.70 -2.15 0.36 8.47 -8.09 -9.46 5.02 8.43 5.94 4.69 -1.27 5.94 0.96 6.62 -1.06 -9.21 0.08 6.49 1.05 4.82 9.48 -0.51 -4.79 7.95 -2.34 -5.95 3.17 2.27 -1.87 0.52 1.26 7.15 -7.76 9.81 7.68 3.45 
-9.72 3.35 -5.00 2.63 3.05 -4.01 5.14 -4.67 -8.61 0.16 -4.08 -0.66 3.93 -2.13 4.73 -5.87 9.79 -6.67 9.47 4.60 7.06 7.22 8.98 7.06 -6.79 1.64 -8.45 -0.50 -3.09 -5.76 -8.04 -0.39 -5.06 -9.18 -0.86 -5.78 3.40 5.44 2.37 1.43 0.16 -9.33 -8.05 -6.38 -0.98 1.18 -8.36 8.50 5.56 3.50 -0.07 2.03 -0.10 8.35 -5.27 4.58 -9.15 -9.04 -0.25 -5.28 -3.42 3.75 7.05 -4.65 -8.25 7.67 4.97 -6.00 7.88 0.58 -5.70 6.48 2.85 2.60 -3.34 4.25 4.45 5.82 9.23 2.84 -8.80 5.74 6.83 -1.58 0.62 1.55 0.82 7.42 -8.82 -9.11 7.03 -1.45 7.94 2.81 6.97 -4.86 -2.33 -1.97 3.92 4.32 1.17 -0.52 3.83 -5.34 2.22 0.28 8.94 1.64 -5.45 -7.93 -3.19 -3.40 2.82 4.62 8.63 -3.89 -4.58 4.77 4.48 -5.74 -6.29 -7.07 -0.89 -7.67 3.83 -6.28 -1.55 -8.82 -1.32 -8.26 -4.09 -5.61 -6.55 -2.91 3.68 -0.94 -9.24 -3.22 -9.85 -7.47 5.16 9.85 4.79 9.09 2.30 -5.78 -9.56 -7.86 3.53 -4.49 9.00 -4.73 7.09 -5.03 -2.98 8.33 -4.37 -6.72 9.45 -8.60 3.95 9.91 -7.57 -0.15 -1.19 1.73 -2.41 8.42 7.22 -8.26 -8.06 -7.23 8.40 9.12 -5.05 2.38 -9.99 5.00 6.40 1.52 7.91 8.81 -5.30 9.20 8.98 -3.11 -6.78 3.49 8.01 0.57 -9.18 -9.62 9.24 2.96 9.40 -2.80 -1.22 0.24 -5.82 0.76 
-9.49 -4.10 -6.61 -7.11 -5.84 1.10 8.75 -4.78 -4.49 -7.80 -1.75 -8.54 -0.33 -4.43 -2.36 -1.39 -9.44 -0.74 -6.62 -6.99 -6.29 -7.88 0.83 3.69 1.26 6.64 -5.22 0.24 2.92 2.04 2.37 7.17 -7.99 8.94 -3.32 2.19 -2.76 4.35 8.05 -4.38 6.77 9.60 -0.77 -2.58 8.10 9.14 -7.87 -7.40 -2.95 9.30 -4.78 5.39 0.29 0.82 -9.10 -1.23 5.78 -4.79 6.37 -1.66 -2.46 -9.02 8.87 -8.74 3.47 -2.24 5.09 5.47 -7.93 0.79 -7.71 -8.62 -5.79 -3.26 -5.07 1.20 0.58 -2.60 5.23 -5.16 -3.09 -9.10 -0.85 -6.42 7.99 0.63 -5.93 -1.09 -4.66 -1.36 0.17 -5.65 1.33 -6.45 -7.48 1.15 1.48 9.27 -4.57 -1.70 7.31 2.36 3.51 0.26 -6.15 -7.79 -8.33 8.72 0.75 -8.77 -2.41 3.46 3.57 -5.18 8.14 -1.93 5.67 -8.27 1.59 -1.40 7.93 -1.29 -7.88 -1.19 -7.32 2.29 1.34 0.70 -5.40 -4.35 6.83 2.86 2.31 9.85 6.94 -2.46 1.88 9.38 -5.96 -2.96 -6.16 -9.81 -0.82 -5.10 1.68 3.26 -4.03 -0.70 9.49 6.85 7.96 0.96 2.31 -4.58 -4.04 1.95 -7.86 -4.24 9.15 5.70 5.65 -9.35 4.70 2.27 -0.78 -9.26 -3.14 3.07 0.94 1.41 -9.89 3.91 4.79 6.49 3.97 -7.43 0.03 1.48 -2.93 -2.86 3.28 8.06 1.35 -9.32 4.69 -6.77 5.83 -7.34 7.23 5.98 9.91 -1.04 3.31 -1.35 7.65 -9.91 5.56 -7.02 -8.43 -6.52 
-3.53 5.77 1.46 -0.85 -7.17 1.67 -0.44 -10.00 -4.15 4.45 -0.75 -0.07 -1.04 -4.44 3.28 -2.64 4.38 -4.21 -8.12 -8.27 7.94 7.28 -0.02 2.88 -1.58 0.38 9.82 1.42 -1.72 -2.36 2.13 -6.51 1.00 -6.48 7.60 5.31 8.48 4.27 3.24 4.15 -2.35 2.42 -4.54 7.61 4.20 4.37 -6.94 7.08 -7.50 -5.89 -7.09 -0.10 -5.06 7.18 3.99 7.67 8.47 4.96 9.71 -7.46 2.48 -1.11 0.43 -7.55 4.48 8.31 9.41 -7.16 7.28 -4.81 -3.18 -9.35 4.99 -5.67 0.15 -3.86 3.89 -6.57 -1.42 -5.89 4.84 2.56 -8.47 -1.27 3.60 -3.81 -5.02 7.28 9.32 -5.08 -0.65 -0.54 -6.65 -7.94 -8.39 2.39 2.54 -0.48 9.66 1.81 -6.81 8.95 -8.69 9.62 9.27 -8.23 8.45 2.82 -8.96 -5.11 8.88 1.49 3.18 0.37 0.62 -3.67 -9.78 9.36 0.47 -5.31 -5.59 -0.20 -5.55 8.50 -7.97 -9.80 -1.53 -5.49 -1.39 -7.30 4.80 -9.88 0.88 -9.39 -7.47 -3.54 7.14 2.29 -3.89 8.99 7.27 -3.82 5.31 7.58 -2.31 5.15 6.49 5.35 1.77 4.56 1.60 -4.37 -4.33 7.49 9.58 1.53 2.63 -2.05 -3.42 -1.34 6.18 1.68 3.59 7.15 -5.03 8.74 9.24 4.63 -4.02 1.04 -9.38 -4.14 5.81 -4.85 0.12 -4.67 -3.17 -5.89 -5.02 -7.70 -9.62 -4.31 4.71 3.56 5.63 -8.62 -5.27 2.98 1.65 -2.87 -6.72 7.97 -6.04 -6.33 -9.49 -2.78 -7.43 -7.67 -4.92 3.55 
5.98 2.32 -1.24 -5.96 5.54 3.02 0.37 8.95 -4.96 -7.15 6.75 6.74 -6.83 -5.11 8.83 -9.24 -2.47 -1.61 1.74 -6.53 3.83 3.58 -8.85 -5.08 0.99 -2.92 8.26 0.29 -0.38 -9.29 8.39 6.39 6.05 -8.92 -5.72 3.15 8.98 7.16 -4.18 9.11 3.90 9.12 -2.18 -3.53 -5.56 2.06 -6.27 -5.45 1.63 2.56 9.97 1.05 -5.58 -4.37 5.37 0.47 -9.63 -5.77 -0.24 -9.78 4.75 7.61 2.82 2.27 6.62 5.33 -6.18 -3.85 -9.93 -8.51 -0.27 1.04 -7.41 -4.38 -5.55 2.41 1.15 -3.63 7.66 0.78 0.96 -5.96 -2.57 1.77 -9.44 -6.41 6.14 -0.85 -2.51 -4.52 4.03 4.98 -6.37 -5.66 -7.26 -0.19 4.54 5.14 3.75 -0.93 3.41 -3.63 6.71 -4.57 3.56 5.14 7.63 4.33 -0.72 -0.52 2.47 8.76 7.97 -7.93 -2.28 -4.35 -7.73 9.87 -0.43 5.02 2.34 4.42 -7.08 7.09 -3.69 9.03 4.11 7.28 5.91 -8.80 -1.79 -0.11 6.63 4.73 1.37 7.05 -0.08 -2.54 4.01 -8.98 4.80 7.78 0.55 -3.13 5.73 -9.73 -4.30 5.10 6.78 -1.47 -2.28 -6.13 8.70 -1.16 -7.01 -7.09 9.40 -4.08 -7.31 -2.42 4.34 3.54 -6.15 7.66 -7.20 -0.33 -4.11 3.42 -2.06 -6.17 -7.13 3.69 -8.96 4.04 -3.79 0.57 -7.63 -3.63 -7.84 3.74 -2.32 9.97 2.78 9.98 9.86 -5.62 -2.49 -8.53 -5.75 0.11 -3.72 8.57 1.26 -4.23 -3.55 -6.77 3.17 -5.98 -6.16 6.88 
5.39 6.79 -5.44 3.37 1.51 -7.13 -0.04 -1.46 -8.22 8.02 2.27 -5.95 -3.33 -7.27 -2.27 -0.18 7.27 -0.31 -5.40 4.35 3.10 -8.81 7.20 -1.31 7.86 -3.78 -2.96 -7.61 3.37 9.73 -4.71 -1.80 -9.32 -2.67 -6.78 7.40 -4.89 -1.67 1.31 -0.92 -2.92 -3.94 -9.92 0.92 5.41 -1.61 -4.85 -5.09 1.78 -1.65 -3.11 0.71 -1.78 7.91 -4.22 2.98 9.82 3.27 -6.00 2.39 -8.89 5.51 -6.31 -4.30 9.19 -5.82 -7.21 -0.44 -0.14 -6.29 1.59 7.10 -7.18 -2.55 7.03 -1.29 5.99 -1.24 -3.08 -2.62 2.25 5.35 0.69 -3.65 1.32 8.57 1.60 -9.57 3.46 2.20 -0.35 -0.79 -7.85 6.75 0.83 3.41 -5.51 2.68 -4.25 5.57 7.89 -4.19 4.41 -3.17 -2.15 -6.81 7.53 6.29 7.14 -3.34 9.17 1.59 6.94 1.49 -6.55 5.82 -6.32 8.60 7.12 -9.05 -4.57 2.21 9.71 2.60 8.73 9.16 7.04 0.21 4.71 3.44 -3.70 -7.00 7.40 2.60 -0.93 4.02 -7.05 7.83 -5.36 4.52 -1.20 -6.97 -7.26 2.18 -9.27 9.55 3.83 8.85 -3.36 -8.49 1.47 9.82 8.05 -6.37 6.11 8.36 -7.43 -8.10 -3.87 0.62 -5.77 7.07 -0.77 8.19 5.92 -8.04 2.04 5.66 -2.34 -1.82 2.15 9.67 -9.48 5.14 -6.09 -5.11 -1.10 -5.07 5.56 1.24 -5.40 6.44 -4.13 8.98 -7.35 4.60 -6.11 -8.18 -2.41 0.91 2.62 1.10 -4.85 -2.95 8.32 6.06 5.98 -2.88 -5.17 1.61 
2.52 -7.51 -1.18 -4.05 6.48 0.01 0.30 -5.61 -2.35 7.46 -2.99 1.74 -5.52 4.53 -3.03 0.89 5.72 -3.96 5.40 5.48 3.86 -6.34 -2.05 -6.29 6.85 2.12 -1.93 -0.37 8.21 -8.64 -3.25 -0.73 9.43 7.19 2.38 -1.58 -5.65 6.76 -7.28 9.82 7.41 -5.16 3.13 -7.55 9.14 3.71 7.34 7.16 -3.36 9.63 -5.05 -7.28 0.41 -1.95 7.78 -9.01 -5.09 5.95 6.87 4.56 2.06 0.85 -2.53 -7.04 8.18 0.98 -5.59 -4.95 -5.89 -2.22 7.16 1.49 2.70 -5.00 1.94 -2.72 -2.26 -9.77 -7.71 8.86 4.70 -3.96 -7.53 9.46 7.79 -7.24 5.77 8.88 -7.77 2.95 -2.98 -4.73 -8.79 9.67 -8.63 4.60 0.03 -2.97 -3.11 1.38 -3.53 0.43 0.34 -8.39 2.40 -3.48 7.47 -3.80 -2.37 -7.13 -9.97 6.32 5.66 -2.90 5.33 -2.54 -9.83 4.55 -7.79 4.18 -6.02 0.86 -6.59 -5.40 -7.78 -9.10 -1.31 -5.46 1.22 8.77 4.90 1.56 6.39 -6.51 -6.42 -9.78 -8.89 -5.89 6.07 8.29 2.67 4.00 -2.26 9.31 5.37 -1.38 -1.44 9.36 2.81 -4.31 6.40 1.07 1.41 -9.86 8.03 0.26 -5.99 0.60 -3.30 2.69 -1.94 2.52 7.86 9.24 0.13 -2.40 8.74 3.64 3.29 2.06 9.92 -7.66 0.04 6.30 -8.84 -1.50 -0.02 -1.55 -0.30 3.79 -3.78 -8.64 1.50 -4.20 -3.89 -1.81 2.81 5.72 0.12 -8.32 -0.71 9.22 -1.18 -3.71 -5.55 -8.25 0.82 -3.60 -1.38 -9.55 
-6.38 6.41 -4.60 4.51 0.45 -3.33 2.68 6.21 -4.81 -8.00 -6.73 5.06 -4.93 -8.80 2.18 7.98 7.88 -6.47 8.83 -2.26 2.58 4.93 7.72 -2.71 7.61 -3.76 -8.72 -5.27 -6.46 6.17 8.35 -0.91 2.44 0.10 6.20 7.66 -3.33 -4.74 1.68 -8.63 -7.83 4.65 9.33 6.71 6.93 0.87 -9.62 4.61 1.19 -0.19 6.65 9.33 -8.48 3.64 6.83 -4.43 -2.49 5.80 -7.17 -6.64 7.31 -6.02 -2.00 4.05 -3.45 2.32 9.51 9.81 -2.45 -9.87 3.71 9.22 -3.27 -9.35 -2.27 6.55 3.71 -0.75 -7.13 5.95 -1.97 0.87 3.17 -5.23 -3.22 8.88 -2.36 8.58 -2.22 2.98 0.14 5.34 -0.50 1.44 -5.83 9.39 1.77 -1.79 7.71 9.60 -1.70 7.67 -3.62 4.42 -3.89 -5.79 1.92 -6.14 -6.39 -9.55 7.96 7.39 1.31 6.53 -2.39 6.36 -2.81 -7.44 4.74 8.45 -7.68 -2.51 -6.90 -1.00 3.16 8.91 -1.29 -2.82 9.35 4.68 -3.80 -3.93 5.00 3.70 -0.24 9.36 9.43 -8.50 -2.60 3.33 0.06 -5.73 -7.49 -2.33 3.04 4.88 1.53 1.34 -4.80 -2.73 -6.19 -2.29 0.11 -1.75 1.01 1.17 -5.99 2.46 6.36 9.64 7.02 7.62 4.82 -9.89 -1.94 8.42 1.47 -1.05 -9.89 3.67 1.06 -1.10 -7.45 9.08 -9.16 -9.47 9.05 -3.53 -2.26 -9.49 -3.77 -2.04 2.22 6.02 0.03 8.41 -1.45 2.52 2.41 -6.07 3.70 -2.15 -8.70 -7.55 -6.15 -9.69 6.52 -3.90 -2.85 -5.25 
0.05 -0.45 6.21 8.84 3.87 7.08 -2.96 7.51 -2.01 -8.00 -8.78 -5.08 -1.11 8.33 4.77 -5.83 6.45 -9.79 2.52 6.48 4.57 5.68 8.56 -9.04 5.47 -8.33 5.01 -1.67 -7.88 7.00 9.15 2.70 -7.58 -6.03 3.89 2.23 -7.79 8.17 -7.90 4.20 -1.52 5.06 -3.56 -9.28 -1.37 5.37 -7.27 -9.60 -1.61 -9.63 4.26 2.11 2.58 0.38 -8.61 8.49 8.23 -5.26 0.28 6.48 -9.18 -0.30 9.33 -4.59 4.72 -7.05 6.35 0.86 -1.43 -4.31 -3.05 8.18 -0.31 -4.72 3.74 2.66 -9.82 2.25 8.20 5.72 1.89 9.61 -9.13 4.64 0.10 -2.34 6.89 -3.31 -4.93 -8.55 8.29 5.96 -2.07 -9.02 9.16 6.69 5.99 2.78 -8.29 -0.14 -4.04 -7.81 -7.09 6.22 3.60 3.67 4.31 -2.50 -2.91 4.25 -9.43 1.62 8.50 2.79 5.35 -7.83 0.51 -6.45 -9.97 2.00 -1.96 -5.29 -0.66 4.35 3.06 3.74 3.66 -4.11 1.44 -4.36 -6.34 -9.58 -8.84 -2.05 -0.74 6.47 -0.47 -5.45 7.48 -3.41 4.27 -8.86 9.48 -3.72 8.41 -1.69 2.71 4.37 -1.57 8.11 3.93 -6.49 7.59 -6.47 1.36 5.62 -3.42 -2.15 5.87 -1.14 7.80 5.99 -5.93 2.47 -3.58 7.40 6.91 7.92 9.28 -8.16 1.36 -1.68 -9.45 6.97 6.96 0.49 -7.64 -6.12 5.52 0.85 6.72 4.30 -2.46 -7.99 -2.73 -6.68 5.77 -1.48 4.26 5.59 2.03 4.14 6.98 -0.98 6.72 0.15 6.72 7.48 2.87 -9.96 
-0.14 -4.40 -1.79 -8.79 -7.66 2.51 9.38 -3.04 -0.12 -9.14 -9.94 -6.20 4.28 7.38 3.41 5.88 2.96 4.14 9.89 1.02 9.67 -4.54 5.51 3.90 6.80 -9.79 3.71 2.41 -1.43 3.41 -1.15 -0.99 -3.80 -2.19 0.94 8.57 6.30 3.62 -1.38 1.60 -6.68 8.46 -0.02 8.24 -6.92 0.48 -2.30 -2.65 -4.35 -4.76 -6.17 2.74 -1.15 -2.47 -4.72 -5.69 -3.27 -5.80 8.76 2.85 -7.01 -3.77 4.53 4.17 -6.65 -4.85 2.33 -2.00 -8.53 -6.20 1.09 5.49 3.71 2.45 5.98 -7.11 6.18 -6.94 6.97 -9.87 1.01 -3.19 -4.63 6.84 -3.13 6.89 3.84 -0.22 6.89 7.67 3.63 -3.37 4.44 -7.35 1.64 8.92 -1.68 7.94 -3.82 -8.85 -3.82 -7.00 6.35 -1.58 -1.13 4.17 7.18 -1.90 -7.10 7.92 -6.94 4.08 -3.48 -6.11 -7.07 -4.59 9.14 7.90 -7.58 -4.48 -9.59 -5.56 -9.60 -2.49 3.49 -0.03 -9.00 3.17 -0.30 7.77 -8.95 -7.67 -6.98 8.84 -1.28 -6.77 2.40 5.65 -6.59 7.02 -7.74 -6.15 8.51 -5.33 3.66 -0.73 3.54 2.78 4.48 -4.33 6.89 6.96 9.74 -6.81 -0.30 -3.85 -9.00 -8.42 -7.41 5.48 -4.99 4.45 -1.78 9.56 9.52 5.74 -1.17 -4.47 -7.87 -2.64 -7.56 7.59 -4.89 -9.84 1.15 1.93 -3.74 0.41 8.55 -9.92 -2.43 3.58 0.11 2.56 9.41 -0.93 -5.80 -6.90 -8.79 -3.48 -9.28 -2.34 7.28 0.07 -7.05 6.10 -0.98 4.96 -9.20 6.47 
3.22 -4.00 -1.76 -9.60 0.31 -9.71 2.51 5.34 1.99 8.74 -5.89 -3.22 -0.15 -1.33 -9.13 -2.13 1.56 7.32 1.61 -6.48 5.55 5.74 -4.96 0.55 4.19 -4.71 -9.79 5.06 -7.77 -6.02 -1.09 -1.60 9.11 2.89 -6.80 1.30 -6.77 -2.43 -8.79 8.35 7.28 1.44 2.78 9.78 -3.80 -5.20 -7.11 -8.45 -0.56 -2.87 -0.09 -2.87 -3.12 1.97 -2.04 -3.40 4.03 4.04 -9.81 7.28 -9.09 -4.38 7.88 5.69 3.15 9.20 0.90 -3.62 -8.58 -2.96 -6.35 5.27 -0.19 8.65 -5.42 7.28 -2.63 -9.64 2.04 -8.07 5.93 7.14 1.40 3.50 -2.69 7.97 8.74 7.57 -3.28 9.82 -9.13 7.78 -9.03 -0.81 -5.55 6.56 2.06 -8.14 -4.20 8.11 4.02 -6.09 -0.44 -6.09 1.11 -0.58 3.56 -2.19 -0.80 -1.87 -7.05 -9.44 -7.93 -6.52 -2.39 3.08 8.93 7.90 9.26 -4.62 -9.95 4.25 -4.97 -9.18 -6.25 -7.40 8.21 2.57 0.70 -0.31 -9.10 3.53 7.96 -8.61 9.16 -0.74 -8.25 -4.72 -5.59 9.11 -2.12 9.44 0.56 7.54 9.50 -9.42 -8.98 -9.67 7.63 -8.92 3.31 -4.56 -6.75 -1.80 2.82 6.31 6.21 1.66 -8.64 1.02 4.45 4.10 7.11 3.86 4.68 5.77 2.91 1.80 7.82 -0.64 -1.19 -2.09 -0.05 3.85 8.59 -7.22 2.96 -3.91 5.45 -3.90 7.89 8.82 -2.52 -0.67 2.27 3.31 -1.80 -7.32 -9.41 -1.96 -5.55 0.61 -9.49 -9.31 4.98 -5.56 -9.29 -2.55 4.08 5.82 
1.41 -9.65 -7.72 9.42 2.38 -8.53 4.07 -7.07 3.45 -2.58 -9.31 -1.22 -5.79 6.51 6.14 9.97 4.87 -4.75 -6.68 1.99 -6.12 -7.85 -0.77 1.25 -4.23 -3.01 -8.11 2.37 7.51 -1.63 0.50 0.75 -9.28 5.72 -5.61 9.22 9.01 2.71 -8.47 8.03 -9.18 7.69 0.45 6.79 0.04 -8.36 3.12 -9.02 4.26 0.84 5.05 -4.43 -1.94 4.47 3.86 -3.67 -7.12 4.45 4.39 -0.86 0.84 -5.02 0.49 7.82 7.84 -4.13 3.35 4.45 -5.38 -9.59 -0.66 3.87 -7.17 4.80 9.03 -1.74 -2.19 -3.24 0.97 1.24 8.81 6.27 -4.94 6.85 3.59 -3.41 7.04 -7.14 -4.31 8.63 -2.12 -8.17 -5.84 7.51 6.78 -5.25 -6.08 -8.98 2.81 -1.84 -4.50 -1.84 -6.15 -4.13 4.21 -0.16 -0.36 0.98 -0.41 -1.44 -7.35 9.41 -1.38 0.75 -6.40 8.59 -7.19 -3.88 -5.49 -6.48 -9.07 1.52 -2.63 -6.95 -2.23 4.85 -6.87 -4.08 -8.07 7.40 1.34 -8.38 -8.62 2.97 0.76 -9.58 8.59 -8.82 3.01 6.03 4.95 -6.11 -5.53 0.47 3.14 8.40 7.18 7.44 6.09 -3.44 9.73 0.99 -1.42 8.89 -5.19 6.56 2.29 -2.45 7.48 -4.50 8.00 0.44 6.68 -6.16 -0.74 -5.63 -5.06 7.37 -6.75 8.08 4.90 9.41 -8.99 6.93 2.18 -6.27 4.64 5.06 1.76 -9.87 -6.16 -6.03 7.75 1.85 -0.08 7.45 -9.30 -1.73 7.61 6.45 -1.54 7.21 8.69 -1.43 1.57 -4.08 1.24 1.04 -1.94 6.84 
-2.71 7.56 -8.34 -7.19 -1.54 -1.51 2.95 -0.84 8.90 7.15 1.01 -8.25 -9.25 -5.41 -2.82 -4.29 7.71 4.09 -4.10 -3.85 0.02 2.40 -3.27 -0.98 3.60 7.30 3.54 9.47 6.16 1.53 -8.84 -9.61 2.96 6.64 0.60 -4.40 -1.48 4.88 6.13 5.74 7.63 9.57 -9.50 5.19 -7.66 2.32 3.11 8.79 4.01 -6.21 4.46 -3.57 7.49 9.47 7.86 1.86 -5.78 0.73 6.94 6.83 -6.01 2.64 6.81 -4.53 -3.87 -9.97 1.81 0.26 -8.70 -0.15 -1.66 -4.44 -6.10 -8.45 4.88 -3.77 9.35 -0.56 -0.65 -0.62 9.73 3.71 -5.57 9.01 9.55 9.09 -1.21 1.36 -3.06 9.29 -1.23 -9.23 4.40 -5.87 3.64 2.95 3.02 -7.70 -5.91 6.07 -3.11 5.45 6.26 2.33 -6.27 9.99 -0.86 6.03 -2.33 7.92 -3.60 -2.99 1.70 -6.31 2.63 5.24 -3.94 2.43 0.29 -2.57 -2.75 -9.95 -9.21 4.52 1.55 6.81 -0.09 -3.17 9.07 -2.98 3.56 5.37 -1.61 0.76 -6.86 -3.98 7.12 4.03 -5.66 6.77 -2.68 9.48 -7.95 -5.84 -0.53 0.57 4.90 3.86 1.49 3.00 -5.84 1.10 3.95 -9.36 -6.57 8.89 -8.80 4.42 -7.12 4.29 -5.70 7.80 -5.23 -7.03 -4.41 0.94 0.91 -2.79 8.75 7.75 -1.44 -5.77 4.63 -9.03 5.93 4.88 -5.81 -1.36 5.66 3.22 -7.96 3.85 1.43 7.93 -4.47 3.95 -2.63 -2.71 -0.07 -1.86 -1.46 -7.66 2.54 1.66 -2.09 -8.97 6.41 -9.55 -5.00 -7.28 
-4.61 7.83 1.20 5.49 2.51 1.85 6.88 1.18 -3.17 1.68 5.40 0.21 6.21 0.73 -3.70 -0.73 5.84 8.94 1.28 3.30 -9.02 -6.34 -1.78 6.27 7.90 -2.79 4.85 3.00 -3.88 -3.61 -7.30 -6.82 -1.74 1.46 1.74 -4.88 6.07 4.65 7.54 8.50 -4.43 -1.57 -4.25 0.58 -5.79 7.52 8.83 -0.50 2.43 2.32 9.66 -7.13 -8.79 -3.66 -7.12 -3.53 6.58 5.22 6.40 7.80 3.82 8.51 1.16 -2.85 7.87 -9.24 -4.60 7.15 -4.74 -6.31 1.60 -1.51 8.28 -3.40 -8.08 1.91 9.79 6.08 2.69 -6.58 8.31 -3.41 -3.30 3.65 -0.75 0.36 -9.59 3.62 2.91 -1.06 -0.43 -9.40 4.37 -6.00 0.89 9.05 9.53 1.74 3.22 6.98 -7.73 8.94 8.91 7.34 -7.20 9.05 8.35 -9.67 9.72 9.01 -3.40 0.77 -2.97 0.33 -9.54 8.83 1.00 -3.33 5.89 2.57 1.83 -3.44 4.20 7.33 0.45 3.71 4.40 -4.31 7.33 -0.46 1.52 -1.84 -8.21 1.53 1.90 -1.96 -1.29 6.61 -2.54 -7.47 -2.16 -2.16 -3.63 -9.66 9.58 -8.90 6.65 -0.01 -8.99 -4.25 -5.05 -6.50 -2.87 -8.83 -2.14 -5.47 9.55 3.07 4.19 2.97 -3.53 9.36 -1.59 4.00 -8.36 -1.66 -7.10 3.72 2.84 2.65 7.52 -7.36 -4.94 5.35 9.09 -4.61 7.88 2.92 -9.31 -7.70 2.44 0.57 7.56 1.18 -7.31 0.23 -5.32 -1.41 9.65 -1.54 2.72 6.15 3.90 -7.88 -1.32 3.54 -2.16 -3.44 -1.88 4.90 
6.37 -0.66 -2.38 -6.82 -9.51 5.37 5.79 4.37 -7.93 5.40 -1.14 6.91 -7.11 -5.34 8.40 -0.14 9.89 -9.84 7.57 2.44 5.29 1.90 -7.24 -0.60 -1.04 3.22 -2.34 -8.19 -4.95 -3.22 5.37 6.17 1.96 4.47 0.29 -6.89 6.30 2.16 -2.82 3.08 5.16 7.56 -8.95 9.81 3.85 -7.77 -9.02 5.75 7.32 -3.29 -5.26 8.16 -0.87 8.76 3.14 9.46 2.03 -9.84 -6.45 -0.21 9.66 -5.93 3.75 -4.00 1.12 3.34 -6.07 -2.25 -8.45 3.49 1.72 6.47 -7.83 -2.88 2.98 -9.33 -0.28 1.03 -4.48 -2.17 -7.69 5.82 5.68 5.62 1.71 -8.38 2.28 -6.02 -3.37 -9.51 -2.31 -9.32 4.25 -5.00 -5.06 6.94 -2.91 -9.22 8.34 -4.28 -8.40 3.20 7.82 -9.47 7.47 -8.22 4.94 -6.75 6.23 8.59 -5.30 -0.11 -9.46 -0.87 -5.71 6.63 -3.94 9.14 -6.06 2.23 -6.23 0.74 -0.05 2.52 8.63 3.96 4.73 7.07 -6.67 7.47 2.89 -2.22 -8.09 -7.30 -7.13 -3.84 2.20 -3.47 2.44 -3.80 -0.55 -7.35 4.91 -6.79 -4.22 -6.73 -8.47 0.58 -4.88 -3.45 5.70 3.25 -1.46 -0.33 3.21 5.96 1.35 4.78 8.58 4.51 5.50 0.17 -5.11 9.45 -8.75 -3.78 -5.54 -2.67 7.93 -5.20 -0.77 8.60 8.55 3.64 -2.25 7.17 9.60 -9.33 4.43 -9.48 -4.20 8.75 2.93 7.01 -9.80 -1.14 3.56 1.63 -1.39 -4.33 5.48 4.09 -9.07 -9.09 -3.93 8.77 9.48 -8.54 -9.80 2.31 
-2.68 -3.78 -1.63 8.13 0.48 6.43 2.68 -0.65 6.83 -8.69 1.87 -6.98 8.89 -4.69 -0.91 4.21 2.04 3.78 6.33 -1.89 -7.99 -1.06 -9.69 -9.53 -9.80 4.77 2.66 1.72 -2.27 9.53 -6.46 9.36 5.32 6.42 -7.74 3.02 0.43 -4.95 -1.46 4.39 5.71 4.66 4.07 6.89 8.03 0.33 6.20 2.85 -8.69 -5.18 -1.24 -4.86 5.29 -5.17 5.62 6.29 8.45 -6.17 9.12 2.37 -5.51 7.19 2.87 1.56 8.68 -6.76 -3.25 -2.20 7.38 -8.76 9.18 -7.08 8.40 -8.71 8.17 3.31 0.92 -4.91 2.97 -2.49 3.93 8.00 -8.22 7.31 1.31 8.82 -8.01 0.52 -6.79 -7.92 -1.63 7.84 2.32 7.68 1.00 9.44 -8.30 7.87 8.49 -4.77 -1.44 -6.07 -2.21 9.40 -6.39 4.82 -7.68 1.50 -5.89 -0.58 9.07 8.76 -4.77 -1.91 5.74 -5.08 -4.35 -7.98 -6.85 5.19 9.30 -0.23 4.21 -7.91 4.27 9.31 -3.87 5.35 -8.68 8.61 -9.56 8.60 -4.63 -0.91 0.33 3.54 3.14 0.77 -3.11 -6.91 1.64 -3.30 1.93 -9.06 -7.23 -8.60 -7.53 8.93 3.60 -2.11 -5.24 7.04 -1.06 -1.74 -5.26 -8.25 8.45 9.91 -5.96 -4.67 3.96 -8.45 -5.85 -0.96 2.31 -3.09 -1.08 7.45 5.98 4.56 -6.47 5.34 1.73 -3.20 9.23 1.22 2.50 -6.50 6.39 3.47 -6.39 -8.12 7.93 -2.56 4.88 -1.63 3.60 0.90 6.88 1.38 -8.80 -8.85 -2.93 -9.93 0.98 5.96 0.26 -8.65 -4.99 -4.22 
7.32 -3.58 -5.40 -1.92 1.31 1.75 3.75 0.62 -0.44 4.93 -3.64 -0.71 1.60 -7.85 9.80 -3.28 4.36 -9.03 2.64 -5.08 -3.82 -4.44 9.55 7.91 -2.26 -3.11 -2.72 -4.32 1.11 -4.39 0.23 0.20 -6.77 2.41 -6.10 -8.04 9.63 1.65 5.97 -2.82 -1.04 8.35 5.14 -8.51 -7.77 6.46 -9.11 0.48 2.66 -5.37 1.73 1.73 9.89 -8.08 -5.49 1.74 -1.47 5.45 -1.50 -7.93 -0.89 -2.50 6.71 -9.31 -1.28 8.72 1.28 6.45 -4.85 -0.58 -3.98 -4.92 -6.66 0.22 2.67 7.23 -9.10 8.86 5.85 0.55 -7.14 -7.12 -8.87 -7.92 6.65 -9.89 3.81 2.92 9.21 -7.80 9.66 -9.78 -5.59 4.57 -8.87 -4.69 -4.15 6.50 -2.51 2.64 1.11 -4.69 9.87 8.22 -6.78 -5.08 -0.80 7.43 -2.72 -8.16 -1.61 2.29 -3.84 -3.48 1.42 8.88 -5.65 9.80 -0.17 -8.25 -5.95 -1.26 -3.68 -6.43 6.35 7.28 3.84 2.69 8.56 5.57 -4.04 4.59 -9.43 -9.36 -7.52 -8.10 -2.88 6.38 6.93 9.88 0.75 -8.02 7.20 3.95 -0.91 1.23 -4.98 9.11 3.94 -6.02 6.49 -1.82 -9.27 -1.57 -3.99 -4.19 -1.52 -0.70 -9.68 4.30 6.25 -3.37 -5.22 7.71 -2.88 -4.84 -3.91 9.74 2.45 -3.46 -0.53 3.24 5.85 -6.17 -7.33 3.51 -7.33 9.72 9.47 -8.67 1.92 9.70 5.77 -2.13 -8.97 1.59 3.51 -9.56 -8.01 -4.84 3.68 -0.71 1.42 -9.74 -2.04 6.56 1.26 -2.46 -2.18 4.66 
3.51 3.43 -8.72 7.67 6.67 3.35 -6.75 3.31 7.13 -5.95 6.18 7.97 -3.38 4.23 9.62 0.87 7.33 -8.20 -7.15 -4.97 5.98 -9.76 -5.82 4.28 -2.99 -5.76 0.95 -2.73 -2.21 -5.47 8.96 -9.72 -7.65 -8.43 -2.52 -0.10 7.82 -8.42 5.99 0.24 0.03 4.30 -5.09 2.98 8.34 -5.95 -6.78 -9.94 -3.20 2.07 -1.12 6.93 8.25 -3.82 7.00 -6.77 -8.46 6.94 -8.98 -6.44 -9.60 4.62 3.22 -3.36 -1.43 8.16 -7.84 3.16 -6.49 -6.39 -3.48 6.40 -1.07 5.52 2.48 -9.27 3.66 -8.38 1.10 4.43 4.94 1.62 9.66 -6.75 7.55 1.36 6.06 0.62 -6.63 -4.78 -1.95 -3.47 -9.90 -0.50 -3.06 3.76 -5.68 8.09 -9.31 -4.12 -2.42 -3.84 0.62 -8.97 -7.80 9.85 1.34 7.38 2.69 -1.10 -1.60 5.72 8.86 -9.92 -6.46 -3.04 4.43 3.87 -4.08 -9.88 -4.57 -0.41 -6.27 -0.72 1.53 5.29 2.10 -2.14 8.83 -7.62 0.44 5.03 2.50 -6.24 -5.40 1.72 5.42 -5.76 -3.08 -1.68 7.54 9.60 1.82 3.19 6.09 5.32 4.95 -0.67 6.37 -1.82 9.74 -7.96 -9.46 -3.74 -1.22 -1.78 -1.69 3.43 -7.05 1.95 -3.23 -4.02 -1.00 -9.71 -7.53 6.42 7.26 -3.36 -3.82 8.80 -9.05 -6.94 -2.95 -3.51 -0.03 -5.91 6.95 -0.92 3.49 -9.42 -4.32 -3.89 -3.68 7.52 -6.40 -0.58 -0.59 9.15 6.63 2.39 -6.74 -6.26 8.12 2.20 -1.89 -5.66 1.26 -3.33 -0.56 6.43 
-6.28 2.43 4.09 -9.79 2.40 3.33 5.75 -0.53 -8.59 2.99 -8.57 -4.53 -2.67 8.08 -9.15 -3.82 5.46 -6.69 0.43 -4.82 -8.11 -1.13 3.60 -4.19 -1.14 -1.38 9.95 -4.59 -4.36 4.54 -6.76 -4.38 -9.66 -7.34 6.53 3.20 0.55 -2.38 -0.73 7.49 -1.89 -2.84 -5.43 -5.39 8.53 6.34 -8.97 -0.60 3.18 -9.80 2.44 4.04 -7.76 0.62 7.28 5.73 5.28 -6.05 3.09 -1.13 -7.78 0.99 -6.07 5.42 3.20 -5.76 9.67 -3.77 8.89 -8.82 -1.62 2.74 -4.88 6.77 -7.82 7.60 -1.45 -5.39 -0.99 -0.84 6.67 4.93 3.26 6.60 -0.62 2.79 4.64 2.61 2.27 -2.71 4.15 -1.14 -9.79 1.77 7.09 -1.22 -3.17 -4.32 -3.79 -9.50 5.86 0.43 -7.59 6.44 5.72 6.98 -7.68 -9.74 2.67 6.98 7.15 -7.51 -1.12 -9.40 3.28 -2.37 6.72 7.40 7.90 0.16 1.37 -4.75 7.81 -2.35 -3.67 3.83 -4.12 2.92 -6.28 -5.34 5.39 3.16 -9.71 1.04 -7.62 -9.37 -0.75 3.15 9.94 5.91 7.99 4.29 8.09 0.92 6.07 6.48 5.65 1.48 8.20 5.91 -2.12 -9.72 1.91 -1.99 4.51 -5.73 -0.16 -4.06 -4.39 5.39 -0.18 6.84 3.15 6.52 -0.92 -9.27 2.46 5.32 -3.68 -0.88 1.91 -6.65 -8.05 1.07 2.82 -7.90 -2.84 -8.73 1.58 8.30 3.43 7.90 -1.08 4.92 0.58 -7.84 -0.99 -6.71 -3.90 -7.86 -5.53 -8.96 -4.60 -1.64 0.19 -3.88 5.07 -7.87 -2.36 -9.26 
9.64 3.24 8.66 -3.41 -0.46 6.08 3.87 -1.96 6.84 -9.93 7.23 3.26 -8.55 -5.91 -1.92 6.18 8.78 -1.23 9.20 4.33 -4.20 -2.90 0.18 -9.89 5.82 9.37 5.95 -9.05 7.14 4.10 6.72 7.43 2.83 1.37 -4.60 5.81 1.70 -5.92 6.17 0.25 -4.12 -4.88 -6.16 -4.01 -0.57 -0.39 2.35 -1.40 -7.02 8.25 -2.36 5.31 2.94 8.85 1.84 -7.16 3.48 5.31 -8.07 -3.33 -6.62 3.06 1.44 -8.98 -9.73 0.11 -0.62 -9.09 4.67 -5.91 -2.37 -0.37 0.89 -8.16 -4.84 3.17 -5.95 0.28 2.23 -9.90 7.10 -9.18 9.06 -8.43 -9.71 4.19 0.13 -0.31 -7.68 9.86 -2.11 8.71 1.50 -4.44 3.10 3.61 -9.66 4.49 -6.01 2.88 1.37 -9.85 -8.52 -4.10 -7.54 -8.88 5.00 3.15 -8.02 -0.65 -8.06 2.88 -0.79 3.55 8.53 -6.60 7.87 8.29 -8.72 -5.47 6.77 -5.19 -5.58 -2.32 1.42 3.41 -2.89 8.57 -7.77 -6.25 -5.51 6.47 -9.25 4.02 0.51 -1.82 5.20 -1.45 -2.33 -6.85 -9.88 8.13 -9.57 -6.27 -5.35 -4.06 -9.43 2.37 -1.72 9.89 1.13 6.08 1.21 4.09 -6.19 -2.49 9.47 1.41 0.64 8.41 7.30 1.50 -4.29 -9.02 -1.46 9.20 -7.47 8.85 -0.31 -4.58 7.27 3.84 3.92 -9.06 -1.23 -9.84 9.37 -7.85 4.14 4.97 -5.04 -6.45 -4.04 -8.93 -5.11 7.06 -4.92 -6.72 0.30 -8.53 5.79 -9.05 0.72 -9.37 9.86 -0.60 -5.48 -2.05 4.92 -1.12 
-2.48 -8.78 -6.14 -0.43 0.07 9.02 9.59 -2.12 -9.53 -3.79 -7.79 9.34 0.20 -1.32 6.38 4.45 4.02 -5.25 -2.32 -0.44 -9.77 1.52 -8.12 9.12 6.85 3.77 1.45 -1.00 -1.98 0.33 -1.48 6.31 -6.48 -1.02 5.18 -5.88 4.62 -4.78 -8.19 -7.69 -7.74 1.42 -4.46 -8.21 9.04 -1.62 -5.64 1.16 -7.16 6.33 1.34 5.83 -5.63 4.62 -3.34 0.41 -9.79 9.78 7.08 -4.47 -3.79 -2.30 -6.85 -8.22 -4.12 -7.00 -0.75 -7.56 -6.46 -8.81 4.23 -9.68 -5.12 0.04 -4.72 9.12 6.07 -5.83 6.34 9.04 -2.29 -7.89 -4.54 -1.63 1.83 9.65 -3.68 3.69 -0.27 8.42 -0.54 -0.94 5.52 8.74 0.32 -8.71 -6.52 -4.56 0.47 -2.71 -8.74 0.62 9.98 -0.09 2.37 3.99 2.71 2.01 -3.66 -2.16 -8.31 -1.76 9.63 5.55 -2.28 -1.18 -2.14 -0.74 9.87 3.41 1.83 -7.98 -1.55 -6.05 -4.81 0.68 -7.65 9.26 4.90 -2.88 5.42 3.90 -0.76 9.39 -7.10 -4.67 -1.07 -4.63 -6.44 7.93 2.78 6.32 -2.91 -2.59 3.36 -7.69 9.73 -1.99 -2.03 -7.06 -9.81 3.87 7.27 7.88 3.84 -8.68 4.99 1.05 -2.92 6.23 -1.00 6.29 4.85 6.02 -7.79 -7.10 1.20 9.26 -0.43 4.37 1.03 -6.98 6.03 4.11 7.84 4.05 6.50 0.53 5.70 -3.67 2.42 -4.00 -3.30 9.57 -0.99 5.40 8.85 -8.61 2.22 5.31 6.86 -1.87 -5.11 3.52 -9.52 5.47 8.29 8.63 6.19 6.57 
9.78 6.87 -7.88 -4.58 9.65 6.63 -7.59 8.01 -6.13 8.97 -4.12 0.44 -2.54 -6.80 -6.50 2.80 -3.98 9.50 -6.48 -7.11 -6.60 6.30 -1.70 -6.98 -9.67 -1.30 4.55 -7.20 0.35 3.60 -2.53 -3.95 -7.67 0.60 -5.08 8.53 -4.13 -0.57 4.71 9.92 -0.12 -3.44 -1.77 5.27 -5.87 -5.02 -0.09 8.15 -5.98 -5.36 0.57 9.77 6.60 4.94 -8.56 -7.66 -6.04 -4.46 -7.93 7.54 -7.25 -7.18 5.24 -3.94 7.81 -2.44 3.66 0.49 -8.47 -4.86 -9.22 -1.92 3.06 -9.22 6.55 -6.63 -2.43 -0.60 1.29 5.90 0.88 -4.39 -2.36 -1.50 -9.81 1.17 -4.42 -1.64 5.91 8.06 7.08 6.36 -2.66 4.00 -9.66 -7.69 1.11 -4.11 -1.20 -9.84 -4.21 8.50 3.41 2.39 -5.81 -5.07 7.58 4.74 1.37 5.31 -7.51 -6.31 -3.38 0.55 6.70 -8.02 -4.73 -7.40 3.57 -1.19 5.26 -0.63 -7.44 5.48 -6.93 -0.58 2.64 -1.82 7.74 6.03 6.08 9.55 3.32 8.71 -4.79 -6.30 -4.80 4.08 2.84 -9.65 0.39 -6.85 8.67 -7.10 6.70 3.97 -4.31 -0.85 -0.96 -5.86 -2.17 -2.40 3.55 -0.93 9.24 2.92 -2.81 8.24 8.03 -8.49 5.77 -7.04 5.01 7.79 5.55 1.62 3.09 4.41 5.04 -9.49 -7.95 3.46 -9.88 -5.63 7.41 2.49 -3.14 -4.27 1.44 1.57 5.39 6.15 8.55 -8.32 2.58 -8.43 4.29 -2.76 4.78 -2.36 6.15 5.16 -6.98 2.69 9.07 -2.79 9.64 -0.07 -4.81 -1.21 
3.18 -3.31 6.69 -3.24 -2.91 7.38 1.17 -1.84 -2.67 9.99 -3.58 8.78 -8.99 -2.46 1.58 6.80 -4.71 -8.10 6.73 -0.47 7.65 -4.81 -4.66 0.94 -7.23 -1.45 5.59 -3.55 7.81 1.67 3.27 2.22 7.39 -6.31 -3.31 4.59 -6.41 2.79 8.76 9.58 -1.84 2.09 3.70 -7.67 -4.61 -1.35 -6.11 4.36 -3.47 -3.78 7.62 5.65 -4.83 -9.50 2.27 5.87 2.58 9.73 6.56 -9.86 9.57 8.45 5.17 -8.48 9.30 2.53 -0.96 -3.86 6.65 1.51 -3.15 -3.46 -3.73 -1.98 8.10 -5.05 7.05 -4.55 6.11 -1.47 -2.26 -2.45 9.32 -7.65 -6.84 -2.25 -0.87 -9.59 -4.36 -7.29 -0.53 -0.82 0.12 4.26 1.25 4.07 5.80 5.05 -7.53 -3.28 -9.12 -6.31 -1.80 7.52 -2.39 -1.23 2.42 -4.67 -1.11 -6.89 -4.96 0.62 3.51 5.54 3.04 -8.15 -9.59 0.27 5.61 3.01 7.02 -0.92 -4.50 4.15 -8.68 1.51 -1.67 -5.34 2.97 3.54 1.00 2.86 0.32 2.47 9.88 9.75 3.10 4.67 7.42 0.98 3.86 -6.27 -9.71 -5.05 -6.25 -2.09 0.98 -6.08 4.55 -0.87 4.86 1.62 -7.57 -9.13 -5.96 -9.77 3.90 0.40 0.99 -6.93 -2.87 4.38 -6.79 -4.69 -5.89 8.41 6.38 -0.80 -5.94 4.68 2.03 -3.52 -1.06 6.15 -9.07 2.03 4.10 -9.31 0.90 -6.26 -7.12 6.31 8.26 2.53 -5.34 -7.75 -2.89 6.37 4.40 -7.54 -8.38 -3.14 -8.28 5.29 5.53 2.27 9.38 1.39 -9.47 -0.61 
3.87 -0.30 -4.27 -6.86 4.19 6.87 3.24 4.34 4.99 -4.09 -7.57 8.67 -3.93 4.72 -8.65 -4.90 8.13 -3.88 -0.23 2.01 3.78 8.97 -7.53 0.43 -3.34 9.56 9.58 -1.11 -2.34 -2.14 0.29 0.58 -1.59 6.24 -7.06 3.23 4.19 5.79 7.67 -8.78 3.42 2.81 -9.05 -5.49 -7.83 -4.53 0.57 5.11 9.01 -0.26 6.10 3.16 5.52 -8.30 -2.03 -4.41 -7.83 -3.03 -9.84 -1.56 -8.10 2.60 -7.65 2.48 0.50 0.30 5.18 -2.48 8.60 -7.03 -5.63 3.77 3.13 -5.31 4.18 3.50 3.48 0.28 0.33 6.89 -1.55 0.85 1.87 -0.09 3.53 5.65 9.11 7.36 -9.93 -7.27 3.97 -8.54 9.99 8.35 -7.63 4.94 4.75 -3.32 -8.82 2.70 7.13 5.09 9.54 -3.13 5.90 4.49 9.76 -5.99 -1.30 2.66 -8.43 -0.95 -1.73 -5.97 -6.26 5.01 3.85 -0.21 -7.97 4.91 2.99 -2.35 -6.33 -3.08 1.99 8.90 2.56 6.12 -3.13 0.90 -1.47 -0.60 2.40 5.58 0.28 -1.29 4.94 -3.83 7.47 -2.84 -9.93 -5.85 -2.83 0.73 5.81 2.43 3.38 6.76 5.74 7.45 8.06 -6.84 -9.43 9.50 1.87 -9.78 0.95 5.38 -7.34 1.26 -1.03 -3.78 -9.81 2.50 1.97 8.54 -8.55 4.09 0.91 -9.07 5.10 7.37 4.30 -9.55 -9.99 -5.99 4.30 2.24 1.58 1.86 3.48 5.03 4.83 3.87 -4.22 -0.38 -6.72 -0.96 -8.27 -3.66 -3.13 0.08 -7.55 -0.03 -5.60 9.60 0.94 4.21 3.45 2.49 
-2.98 -7.89 1.52 2.55 -8.07 6.25 0.56 -5.02 3.59 -4.43 3.29 0.61 7.98 -1.61 -3.68 3.48 8.48 -2.89 -4.79 4.21 6.58 -3.67 -1.88 -2.01 4.61 -0.76 -4.89 -3.88 -1.34 1.99 4.11 -1.02 -8.96 -6.27 -6.20 -0.97 -2.55 -1.79 -3.85 9.85 -8.70 -8.56 -9.49 6.26 7.72 -6.57 7.39 6.36 -3.06 1.30 -5.66 -8.36 -2.07 4.09 -6.30 3.72 -2.00 4.61 8.72 8.90 -8.77 -4.48 2.26 -8.54 2.79 4.35 3.42 -5.24 0.57 4.85 -8.11 6.96 -1.53 2.02 8.79 0.32 7.37 -4.21 -3.02 9.50 -0.24 7.55 -1.07 -5.73 -4.21 -4.94 -2.71 7.63 -9.68 0.34 -5.25 0.94 -9.66 9.12 7.53 -2.38 7.30 -4.87 -7.63 8.46 1.62 -6.61 4.15 -6.67 -7.62 -8.42 -7.04 6.04 0.93 -2.15 0.68 5.81 -2.16 9.77 -7.47 3.89 -3.98 0.40 -5.64 -9.61 10.00 6.07 -4.68 -4.75 9.29 -5.10 5.82 9.64 9.42 -0.68 0.37 -5.54 -9.02 0.56 -2.87 -1.37 5.90 7.63 5.64 0.67 4.85 2.29 -3.08 -1.05 -1.31 8.87 1.85 8.12 -0.16 -8.03 4.53 -2.14 5.22 0.31 -4.12 -2.32 -3.94 -6.28 -9.09 -5.42 4.87 5.79 6.34 -4.01 -2.36 3.47 2.70 4.80 3.01 0.69 -2.00 -1.60 -4.11 2.32 7.62 -2.79 -6.21 -2.04 4.47 -0.81 1.95 6.25 3.43 -0.13 -9.39 -1.08 4.72 -9.98 -9.02 -2.62 6.18 3.09 -5.79 4.28 -3.61 -0.07 -2.78 9.78 -1.76 9.53 
-6.90 -5.11 -9.25 -0.54 -0.09 8.95 -6.19 6.00 -1.13 -8.45 -7.83 9.21 -0.55 0.24 6.70 3.80 -5.45 -8.97 6.85 -9.74 -7.51 -9.18 -2.22 8.91 -0.75 5.89 5.27 9.60 -6.98 3.58 -3.30 -6.55 4.03 -7.41 7.82 3.37 8.87 6.20 -0.78 -2.37 9.31 2.98 -1.96 -3.49 7.13 -7.76 -7.16 -2.67 -5.83 -5.35 4.80 1.91 -8.20 -8.65 -8.74 -1.48 2.20 -4.78 1.90 0.22 1.45 5.22 -0.30 8.58 -8.88 2.59 0.21 -0.73 3.03 1.65 3.91 -8.12 2.97 3.74 -5.70 -6.52 -2.18 3.14 -2.67 9.16 7.21 -7.95 8.83 -0.17 5.24 7.85 -4.48 -1.24 -5.17 -9.71 6.17 -2.56 9.82 -1.60 2.32 -3.80 -8.26 5.16 -2.67 5.13 -8.11 -0.33 -4.69 8.05 -9.02 -5.82 5.05 -4.73 -3.66 -5.67 -8.08 -2.02 4.48 8.36 7.03 2.49 2.39 7.26 6.73 -4.10 4.85 -1.48 -8.35 0.49 -7.06 3.48 -9.29 -8.65 9.87 6.08 -7.91 9.66 -5.98 -7.84 -9.25 -8.16 -2.47 -2.18 -6.55 -4.50 -0.76 9.91 3.13 -0.14 -2.30 -1.62 -6.46 2.10 0.58 0.62 -0.65 0.92 0.42 2.09 9.34 -1.00 -3.23 6.74 -8.62 0.57 7.70 3.56 -3.49 -1.19 -1.88 -8.81 -7.25 6.90 8.07 -3.38 8.22 1.10 5.85 5.43 7.04 -6.78 -5.76 -3.66 -9.29 6.64 -4.59 -6.31 -3.33 -3.29 -2.44 7.97 3.70 4.18 -5.61 6.37 2.42 -9.47 2.19 -4.82 -3.69 6.83 -10.00 0.25 1.45 -9.02 
8.32 9.49 -7.39 -4.45 -2.19 9.96 6.77 -4.37 -4.02 4.49 0.04 0.05 -5.99 4.34 9.44 7.29 -8.72 -4.36 8.54 -8.22 1.91 1.76 -0.53 -3.76 -3.83 4.74 -9.88 9.01 -3.67 -2.53 -3.58 8.67 9.04 0.06 5.30 1.72 -4.64 4.20 -0.74 -0.46 -2.83 8.07 -0.30 -1.79 -7.00 9.76 -3.40 7.49 0.02 -1.58 -5.66 -3.13 5.19 1.90 0.13 -7.59 -5.86 -9.22 -7.59 4.37 6.92 3.81 3.63 5.63 -3.02 9.68 0.56 4.83 -3.41 2.72 2.22 -4.99 -5.72 -7.28 9.71 8.57 3.52 -8.68 -5.00 -0.06 -6.91 4.06 2.70 -8.48 6.57 -9.82 -2.95 5.70 5.06 -3.10 -0.41 -0.54 -6.92 -7.08 3.88 6.50 -6.42 -6.00 -5.07 9.12 -2.39 -0.01 8.85 -1.50 4.15 -5.88 -8.29 1.27 -4.92 -3.24 -9.82 1.70 1.00 -5.38 -9.34 -7.85 5.08 7.51 8.48 -5.38 -4.42 -8.85 6.59 1.78 4.77 5.75 -1.92 7.72 -4.22 -8.15 -3.26 -5.69 -2.57 5.03 3.29 -0.79 6.92 2.26 4.49 -7.54 4.83 2.17 3.35 -5.16 5.11 0.18 7.85 -3.48 -1.73 -1.93 7.20 -8.00 9.28 -7.54 8.22 -0.74 -6.64 -6.66 3.75 -9.24 -1.77 1.84 -5.56 4.58 -2.21 -8.02 8.07 -0.79 -0.67 7.23 6.89 -0.51 5.76 9.07 -3.99 3.37 -9.41 3.44 -1.90 -8.43 4.96 3.69 0.73 -3.71 -0.24 -0.99 4.79 0.63 -9.36 -4.83 9.33 6.95 7.96 3.11 -4.22 1.83 9.62 0.52 -1.96 2.87 
-5.26 -3.80 -1.85 9.73 4.38 8.83 6.99 2.53 7.88 -0.72 7.03 -7.32 -5.49 -5.10 5.82 1.07 -8.30 7.66 -7.80 7.88 -7.00 -7.94 8.71 -5.93 6.91 8.62 -4.47 1.89 6.11 -2.27 -8.16 2.87 -2.08 1.30 -1.77 4.36 2.23 8.51 -2.13 -3.60 2.24 -2.10 0.77 4.24 -2.12 6.28 -2.24 -7.92 -4.89 9.07 -5.91 1.03 6.63 1.30 -5.71 -5.80 0.16 -7.29 1.72 8.12 0.09 -8.25 -0.46 -7.92 -2.44 -6.17 -4.97 2.95 4.94 4.30 8.08 6.06 -3.46 3.44 -2.36 4.21 -5.20 5.43 4.55 -3.05 3.45 -7.62 2.41 -9.09 3.46 -2.09 -4.56 -3.48 -0.14 3.18 6.51 -4.54 5.36 -7.07 1.02 -3.13 -0.03 6.78 9.27 9.83 5.86 -3.31 -8.55 -6.13 -7.80 -6.52 -5.97 -1.32 -2.57 2.88 0.64 4.30 -4.20 9.24 5.60 7.76 -6.46 9.84 -8.05 7.53 6.96 8.91 -3.21 8.97 -6.93 1.45 -7.30 -9.72 2.96 1.43 -7.75 4.77 5.29 -3.26 8.80 5.65 9.63 9.53 1.93 1.40 9.72 7.67 2.27 6.84 -6.66 9.93 -5.88 -6.00 -9.31 2.51 -6.07 -5.92 8.38 4.03 8.87 6.60 7.67 5.19 9.26 -4.51 -3.24 -8.33 -7.68 5.82 -1.78 -2.47 -3.78 -1.58 -7.81 -8.55 2.33 2.59 3.01 -7.61 -5.94 7.00 0.71 -9.20 3.78 -7.56 -9.48 -8.56 -1.11 8.51 3.30 2.66 -2.16 -8.62 5.94 5.94 2.91 5.90 2.30 8.18 -7.78 -4.04 -6.21 5.89 -5.97 -9.44 
-8.37 -7.75 8.81 -1.77 0.76 8.85 -5.34 -8.10 -8.81 -9.16 -3.66 -1.16 -6.02 6.32 2.39 -8.22 -4.71 -4.62 -6.78 9.01 4.05 -1.28 -2.57 8.37 -7.67 3.37 -4.48 5.05 7.57 -3.46 8.16 9.27 0.68 -8.64 -8.15 8.84 -9.63 6.42 -5.05 2.82 -7.36 -4.45 6.41 9.95 4.18 1.31 9.85 -5.23 -4.84 -7.67 8.29 -3.64 2.16 8.54 8.17 4.75 0.15 -8.67 -8.33 -8.49 9.86 5.32 0.34 -5.34 1.38 -0.83 3.24 -2.05 9.09 -4.18 -8.87 -1.45 -3.39 0.11 9.26 8.59 9.09 -9.79 -4.87 2.54 2.70 5.15 -8.25 -0.99 -6.97 3.52 5.00 -1.75 -4.97 -3.89 9.77 -4.68 -7.01 9.37 -9.64 -0.95 6.11 -2.24 2.85 7.07 -4.46 -1.67 0.50 4.49 -0.84 -5.96 6.15 4.13 -3.01 -1.66 6.51 -8.08 0.16 -8.70 -3.75 -0.73 4.98 9.32 -3.14 -7.84 -0.04 9.01 6.86 9.98 -9.69 -0.97 1.95 -0.14 1.62 4.69 9.00 8.99 -0.90 -9.74 -4.57 -5.93 -4.09 -2.61 -9.41 0.68 -6.45 1.13 -9.74 -2.19 6.12 -5.02 -7.45 7.20 3.06 1.04 -0.18 -1.72 -0.62 -0.30 -7.42 -2.16 6.97 1.97 8.56 -6.79 3.17 -3.69 -2.13 1.76 5.43 5.46 5.90 -5.20 0.38 7.57 1.84 -4.56 6.86 4.83 -6.10 -6.86 -4.85 8.02 -0.15 5.24 -3.01 -1.53 -3.33 4.40 0.17 6.07 -5.56 2.48 -7.09 -2.80 6.29 -7.75 8.66 8.00 -4.63 5.81 6.67 5.06 0.29 2.78 
3.02 -4.98 2.72 -6.73 -0.77 5.84 -1.14 4.87 8.15 1.72 4.00 -9.44 2.76 1.56 0.71 3.42 -2.07 -1.70 7.54 2.38 -8.27 -5.43 -0.69 4.53 -3.94 2.69 -1.84 -6.63 4.84 -9.91 -9.94 5.55 -4.13 -6.69 7.40 -5.75 -6.42 4.03 -3.54 2.73 -6.12 -9.35 5.81 7.33 2.64 -8.18 -8.30 0.88 -2.83 9.08 -1.39 4.46 5.81 3.10 -7.04 -5.13 7.05 8.24 -0.19 9.19 7.36 1.32 4.81 1.23 9.14 -7.76 1.16 8.01 -5.74 -6.87 -0.30 1.39 2.52 -9.10 8.09 -8.43 -4.94 -1.06 -4.65 7.44 -6.59 -8.12 7.09 -6.37 -7.54 6.34 -9.37 -0.35 5.76 8.30 -6.68 -7.86 -6.81 -6.08 0.55 -4.63 9.70 4.95 6.69 -9.38 2.39 8.59 -5.02 1.58 2.83 5.33 -4.49 -1.42 3.85 -5.81 -6.95 7.70 -9.21 -5.14 1.13 6.67 7.63 7.87 -4.58 -5.69 -8.83 -8.53 9.85 3.84 8.33 6.42 5.45 4.34 6.73 1.45 9.14 -4.54 -7.48 -7.92 7.86 -5.48 8.90 -4.79 0.32 5.56 -3.24 -8.26 6.67 -4.28 -2.70 -9.84 -0.06 3.25 3.46 7.48 -6.16 -4.54 -8.71 0.73 -9.53 -5.04 5.10 -4.99 -5.63 2.47 9.64 -1.48 0.90 7.40 -9.37 -8.79 7.49 7.61 -2.54 1.94 7.33 -9.76 -8.12 -2.92 7.96 -3.66 5.35 -3.22 8.48 5.78 -1.27 7.11 -6.20 9.97 0.61 -0.48 7.82 -3.45 -5.39 0.62 -5.67 3.90 9.28 -0.80 6.53 -9.55 4.06 -1.82 -7.00 -4.94 
-1.64 -3.58 -9.95 5.25 -6.11 4.00 2.35 0.95 -0.26 -6.35 8.25 7.91 3.06 -2.80 5.79 -9.16 -6.54 5.96 -2.83 -2.52 -5.73 -7.63 -5.55 -4.98 8.46 5.08 -5.63 3.22 -8.05 1.19 -5.88 5.78 -5.75 3.70 -0.88 -9.32 7.84 1.48 2.46 0.18 0.61 3.02 1.14 8.09 7.16 -7.63 5.09 -7.43 4.26 -1.51 8.33 -7.90 8.70 4.75 -1.04 2.89 -7.25 -1.43 4.79 9.06 -1.52 3.65 -4.54 7.29 -4.02 7.46 7.37 -9.22 9.13 -2.69 -8.80 -8.51 3.29 -5.80 4.17 3.09 -4.72 9.39 5.43 8.35 -4.91 -3.56 -3.31 5.86 -6.53 3.09 -6.36 -0.14 0.20 6.84 5.42 -3.83 6.68 -4.22 9.38 -0.22 8.90 -1.74 -1.93 1.24 4.79 -9.42 -3.88 -7.83 -7.05 -8.29 -9.80 9.66 1.01 -2.20 0.76 -1.82 2.67 0.17 0.03 3.19 3.52 6.60 -4.08 -9.08 -7.63 7.70 -8.82 -1.58 2.33 9.26 1.41 -6.16 0.79 -7.52 -1.81 8.99 -4.26 4.84 2.41 -5.90 -5.82 2.53 8.88 7.87 6.98 -1.63 0.02 -7.27 2.25 2.56 -0.44 3.84 -1.00 -2.61 -0.52 -3.82 1.16 5.20 -9.03 -2.19 -2.56 8.64 -1.91 -3.69 7.68 -1.91 -7.67 1.22 -0.65 -3.64 -2.25 -7.94 -5.90 -1.39 -8.91 3.78 4.35 -5.53 6.74 8.78 9.41 8.99 2.40 1.83 -4.74 -5.41 1.19 9.36 9.72 -6.57 -1.56 -4.56 -3.18 -1.44 -3.91 5.91 1.96 -0.45 8.42 -3.35 -1.81 9.94 -8.61 4.75 
-1.35 -3.25 9.18 -8.17 -5.43 7.29 3.78 -2.48 5.82 -3.61 -8.88 6.95 7.03 -9.49 -9.14 -2.14 2.26 2.13 -0.85 6.05 -1.75 1.26 -7.63 0.63 3.03 3.23 3.10 2.26 2.91 7.04 -0.98 -5.74 4.26 1.40 -0.71 -8.73 6.55 -1.43 -6.99 1.81 -0.96 7.54 -4.52 -1.79 7.70 -8.46 -1.65 9.97 -3.62 -7.50 -8.94 -8.07 -1.87 8.43 -1.83 -6.51 -6.92 6.13 -3.78 -7.10 -7.05 -9.71 -1.09 -1.37 -3.65 -0.85 3.72 8.41 -2.66 0.90 3.10 9.39 -8.54 -7.00 8.29 -9.29 -5.88 -1.53 -0.81 -2.69 -1.47 9.89 -6.98 -9.69 8.36 5.84 -2.92 9.46 5.93 -3.35 5.08 2.84 8.41 -4.83 -7.11 -9.90 -0.39 3.87 6.53 4.44 3.82 4.73 5.54 -3.44 9.94 2.25 -5.74 -5.74 5.97 -1.59 -4.09 2.15 -6.07 -5.78 4.24 -4.95 -2.39 4.88 2.59 6.18 0.96 2.27 6.57 -5.35 8.71 -2.30 0.63 -9.41 5.87 2.16 -6.95 7.98 2.97 -5.06 5.71 3.51 7.84 8.26 6.45 5.88 -0.05 -3.56 2.54 6.75 -3.23 -5.81 -3.23 6.87 4.99 -6.49 -9.63 -9.66 -5.72 -1.75 -8.83 5.38 -1.21 -6.68 -0.40 8.74 -8.73 -3.06 -7.58 8.65 7.36 -6.74 -3.59 -4.18 5.32 5.59 -3.21 5.07 -8.66 -9.10 2.44 7.18 -7.17 4.24 6.67 3.32 -9.44 -2.09 -4.57 -2.88 5.45 -7.83 -8.81 0.51 -8.87 3.49 -5.77 -4.98 4.88 -6.69 -3.81 -5.20 -0.89 -7.89 -0.76 -5.38 
-0.84 3.11 5.85 -1.89 7.56 -8.34 7.55 8.87 6.55 0.32 9.95 -3.12 -4.97 -8.79 -4.57 7.67 -6.50 -0.31 6.81 0.31 8.36 7.88 2.65 2.54 -6.91 3.10 -0.08 2.23 -3.04 -5.27 -9.31 -6.50 -3.73 -6.66 2.00 2.08 7.87 -6.63 3.25 -3.48 7.21 -9.81 9.79 6.14 -0.44 5.58 -1.65 0.84 -9.09 -1.75 6.55 5.88 -2.60 7.08 -3.73 -8.40 2.58 -0.74 -3.85 2.24 -7.08 0.81 -8.66 -9.10 -7.18 3.56 7.11 0.46 0.84 -7.91 6.48 -6.49 1.08 6.98 -7.40 7.84 -8.88 -5.74 8.03 -3.25 -0.02 9.78 -3.02 3.54 6.60 -4.11 -6.84 -3.95 4.15 -0.06 -0.33 5.69 -6.36 -1.34 -4.86 -2.71 -7.61 2.05 -8.09 1.72 -9.88 1.14 2.34 -8.02 5.00 9.24 -7.39 -7.73 7.50 -2.95 -2.86 -0.55 4.69 -4.66 -8.81 -3.30 -7.38 9.52 6.26 -1.45 5.99 -3.56 2.41 1.78 9.86 0.70 -0.97 1.10 5.93 -6.00 0.89 6.63 -9.63 9.40 9.67 3.66 -9.63 -7.49 9.58 -3.32 -1.46 -7.65 -8.98 -4.06 1.07 -9.63 -9.49 -3.03 5.90 6.58 4.91 -6.60 0.65 0.50 -0.32 -2.95 -8.87 -8.53 3.10 -3.63 -4.24 0.72 2.81 1.64 9.53 9.26 3.29 -8.48 -2.97 -0.58 -5.66 -6.17 2.71 -6.79 -6.72 -5.42 -7.31 0.23 0.80 -2.41 7.93 3.07 -0.00 3.56 -6.67 -5.48 0.04 8.74 7.41 -8.71 -8.62 6.25 4.98 7.63 -2.09 0.79 8.10 -3.81 0.07 -7.43 
0.95 -6.25 -7.87 5.86 6.51 -9.78 5.18 -5.53 4.45 8.13 -4.08 7.38 9.73 -3.76 -9.73 -4.96 -8.54 0.82 -5.15 -0.36 -4.96 -4.89 -2.30 1.02 -2.88 -7.38 7.31 7.45 9.28 -2.96 1.08 0.25 -3.51 -1.18 -7.04 -9.49 9.93 -5.48 4.72 -1.38 7.17 -4.23 0.67 -4.05 -9.33 3.20 -9.88 -4.71 1.64 -1.10 -5.78 6.31 -9.00 -5.41 5.10 -8.02 9.52 6.80 6.96 -8.26 -5.25 -3.84 -4.76 -1.29 -5.51 4.67 -6.57 6.68 -2.02 3.95 -7.52 -9.30 -6.53 -3.02 -6.57 -0.68 -3.69 -4.07 2.51 -5.50 -7.46 9.30 4.73 -9.25 -0.24 9.24 0.28 -2.97 6.43 8.04 4.98 9.17 4.06 -8.68 -4.82 0.66 -4.37 -5.42 -5.52 3.34 2.66 4.22 2.27 -7.85 -0.42 6.77 -1.85 -0.41 0.31 5.81 -6.76 3.28 -9.77 -9.02 3.05 -0.95 4.20 -3.88 -3.97 -1.07 -7.04 -0.05 7.37 5.79 -7.85 8.89 9.13 9.18 -1.11 5.51 2.61 -7.08 -0.88 -8.92 -2.84 -2.39 3.53 6.22 0.87 -7.69 -7.43 7.83 1.07 4.01 -5.36 -2.75 -0.65 -8.39 -8.40 -8.85 6.82 -2.91 -3.13 4.33 8.24 7.39 -5.71 3.74 9.12 5.78 -9.73 -5.97 8.20 -8.89 8.87 -7.35 -6.01 -9.70 6.44 8.61 -9.30 4.05 4.75 -2.25 5.36 1.34 -7.97 1.18 8.27 0.49 1.86 2.51 -5.35 -7.82 4.70 3.03 0.61 -0.89 9.57 3.30 -6.65 -0.87 -0.84 -8.29 -1.05 -2.67 5.87 8.73 -2.71 -8.93 
9.13 3.87 0.55 7.99 3.46 -1.78 -5.11 2.23 6.31 -8.68 7.77 -8.45 0.10 -1.05 -7.04 7.01 6.99 3.68 -1.47 -6.13 -4.32 -0.76 -1.81 -6.57 -5.77 8.80 5.99 -1.20 -3.83 -5.19 5.11 -3.42 4.98 -5.22 7.03 8.97 6.33 8.41 6.55 -0.64 2.57 -0.51 -5.52 -8.06 2.09 -2.60 -9.26 -6.85 -7.81 6.05 -5.93 -6.56 4.13 -3.23 1.01 -3.10 6.81 2.27 -6.54 -5.48 9.09 8.52 -5.23 -3.76 9.92 -6.29 6.12 7.03 5.39 -7.24 -6.47 -5.23 -2.27 -4.25 -8.34 -9.60 2.85 -6.77 5.49 -1.93 -4.96 -6.04 3.86 9.04 -4.10 8.97 -4.91 3.97 -9.07 -2.09 7.18 7.47 -2.31 0.47 -5.32 8.01 -7.43 3.75 9.89 5.50 3.17 -0.56 4.09 -7.93 4.53 7.17 -1.24 -7.23 -5.97 -2.01 8.82 -4.15 -8.12 6.56 -9.27 8.41 -9.67 -2.06 3.45 6.38 -2.76 0.39 6.14 3.45 -4.83 -0.21 9.05 8.57 -5.37 -5.69 5.94 -4.11 -3.92 -3.49 -9.83 -7.69 8.78 4.98 -1.17 9.45 9.75 -8.56 2.93 0.32 2.22 -7.28 -7.96 -1.78 -6.46 -9.02 -0.30 -1.83 -4.20 5.95 -3.47 -9.11 -2.04 0.09 -0.51 -9.47 -2.07 3.34 -9.27 1.11 5.38 9.43 4.84 9.27 -1.08 1.94 1.83 -5.33 -3.22 4.80 -8.70 6.45 -7.15 -7.67 2.33 -3.73 -0.86 -2.19 -6.52 -8.04 0.16 3.91 3.41 0.11 -7.44 0.60 8.20 8.18 -7.89 -7.07 8.03 6.70 -9.93 8.59 5.72 -5.99 
1.87 -5.61 4.35 -5.91 -4.93 -5.54 -7.84 -3.83 9.31 -9.77 -4.05 -5.96 -6.53 2.41 -6.25 6.39 -7.01 8.65 -8.53 4.55 -4.80 -1.21 -5.04 4.04 -6.82 6.94 2.42 8.11 1.02 -9.62 3.11 -9.15 7.62 -0.39 -4.71 -7.29 -4.40 9.73 8.98 -6.16 8.62 -2.39 5.41 -5.74 1.67 -8.32 3.10 -4.92 4.67 1.15 0.67 9.48 5.69 -5.46 1.50 -9.25 7.93 -3.12 -2.43 9.92 -5.33 -4.48 -5.56 9.51 7.00 0.60 5.94 6.61 -1.41 -9.65 0.37 -3.97 1.40 -3.38 -2.55 7.45 -8.06 6.26 9.38 -3.91 -2.06 -7.23 -0.55 5.14 6.85 1.82 -3.31 9.69 1.38 2.59 8.52 -3.76 9.39 -9.36 -4.56 8.88 1.07 9.60 1.61 -8.51 -6.25 6.79 9.97 9.14 -2.33 2.08 -0.59 -4.48 -6.79 7.28 5.82 4.11 -2.55 -7.87 1.11 -1.88 0.05 -7.99 -5.86 -1.09 -8.15 -0.68 -3.70 2.66 7.64 -8.62 -2.45 -2.51 -8.62 -4.28 1.09 5.77 -4.80 6.98 9.43 -10.00 -5.67 -6.06 -0.27 9.02 6.38 4.64 -7.90 -7.43 4.24 3.96 9.12 -9.33 -1.90 -1.25 7.04 2.86 8.72 3.17 -5.10 -5.75 2.93 7.21 -8.81 0.51 6.26 1.70 8.42 1.68 8.78 6.12 2.61 4.04 -0.56 0.53 9.65 -3.30 0.82 -5.28 -2.15 -7.57 -8.27 8.48 7.90 9.42 0.51 2.85 -8.36 4.12 3.13 -5.66 -4.51 6.63 -6.76 3.88 -0.75 -3.31 -2.60 -6.65 4.88 3.87 1.19 2.24 3.56 -7.62 
4.69 1.63 -8.71 -1.35 -3.63 5.28 -1.42 6.40 -9.87 1.64 -4.87 -8.33 2.75 -3.77 -6.35 8.42 -2.77 -4.40 3.03 -5.39 4.52 8.92 -1.24 -2.80 -3.65 -5.68 6.24 4.65 1.73 -0.97 9.10 -7.06 -6.65 4.46 3.30 6.69 5.49 -0.00 -4.13 -5.34 -8.10 -3.99 9.27 7.04 5.81 1.72 -6.31 8.06 9.02 1.64 -7.86 -3.37 -6.93 -9.86 6.53 0.05 4.81 -2.69 0.72 8.15 -5.55 6.38 5.13 -2.87 6.86 -6.45 -2.41 5.25 -3.54 -6.30 -2.62 7.60 -1.78 -3.32 -8.21 9.15 2.05 -8.62 4.03 2.01 6.07 -0.48 -6.51 -6.47 9.60 -0.49 -6.32 7.87 -9.68 -1.38 -4.23 -6.69 -2.78 2.56 6.22 2.10 2.86 -8.74 -6.03 -3.13 8.49 -2.04 -9.18 -2.82 -2.24 1.69 -8.10 -0.72 5.09 -3.07 1.18 5.92 -2.03 -0.59 -1.89 9.05 2.36 -9.69 -3.00 5.97 -2.39 -8.99 -6.97 1.04 8.43 5.75 -6.60 -4.44 6.16 6.10 1.89 -0.47 0.89 5.43 4.06 -5.23 -5.45 6.63 1.56 8.62 8.18 -1.91 4.29 4.72 6.93 4.40 7.48 2.53 -1.88 3.38 1.38 0.89 1.83 0.05 -0.75 9.13 6.10 -8.07 -7.93 -1.96 -1.49 -4.36 -4.65 1.70 4.67 7.72 3.66 8.40 4.51 -9.17 6.07 7.30 7.13 4.74 -4.42 0.21 -6.27 -4.60 -4.68 5.33 -3.98 -2.27 9.46 3.87 1.35 -3.63 9.07 -1.30 -9.28 -7.80 9.50 6.73 -7.16 1.78 -1.13 -1.92 -9.44 2.48 5.76 8.76 
4.92 0.80 2.99 -6.54 6.84 -0.45 1.78 -4.17 -6.73 4.14 -6.13 2.94 -4.15 -9.63 -5.89 9.41 8.46 6.48 7.20 4.75 3.54 -8.37 -8.05 -2.17 2.77 4.75 1.55 -1.73 -3.48 1.43 -7.13 -1.38 -6.88 -0.02 8.34 -6.23 -5.96 5.57 -7.61 0.14 -8.20 -4.25 0.82 9.24 -5.96 -3.76 8.69 -2.75 3.98 3.13 -0.52 -8.38 -5.01 -6.70 -4.29 -4.88 -7.45 9.52 -0.83 -8.76 7.70 -4.33 -9.79 9.39 1.11 -8.40 3.18 6.23 -5.29 3.07 -4.22 8.22 -3.13 -2.28 -8.97 1.36 0.44 -8.47 8.02 6.47 -4.73 -9.54 -5.73 -4.59 3.19 4.27 2.34 6.81 -3.66 1.02 -8.80 -0.20 -3.85 -9.47 -4.05 7.65 9.52 -9.01 8.47 3.90 -6.08 2.89 -9.07 7.17 -5.92 -8.93 4.67 -0.25 0.23 -4.87 2.44 -6.17 0.63 3.54 -2.97 -2.59 -0.39 8.88 -7.35 -6.23 -6.82 -3.40 8.05 7.17 0.16 -4.53 -9.45 -6.20 4.49 -3.74 -9.62 -8.07 6.80 1.92 4.50 5.85 0.62 -8.55 9.30 -4.83 -2.88 3.07 8.21 4.78 2.69 -0.44 3.32 3.79 2.69 9.00 -3.91 -1.96 3.02 8.90 -9.64 8.98 7.93 0.37 3.17 8.99 -4.70 -4.66 2.82 -3.64 6.09 -5.85 7.98 -8.03 0.71 -1.91 -0.79 6.17 0.44 5.86 0.60 1.75 -2.58 -6.74 5.54 2.33 2.87 7.71 6.00 -6.00 1.91 -1.13 -8.13 -5.45 6.96 6.39 -1.49 1.13 -0.74 -7.52 2.47 -0.80 7.13 -8.18 -5.41 -5.43 
0.37 0.24 -7.01 2.10 5.54 -0.71 -3.89 5.12 -8.03 -5.55 -1.48 8.72 -6.85 6.02 3.36 -6.22 9.71 -6.02 5.81 1.62 7.36 -2.32 -1.42 6.00 0.65 4.21 0.66 6.14 -2.16 -9.33 2.82 -4.84 -3.19 9.43 -3.32 2.28 2.59 -5.63 1.13 0.75 -6.91 -1.83 -2.84 -4.04 -2.54 2.30 -8.55 -1.02 7.67 -0.36 4.07 -7.97 2.15 -1.06 -4.22 -1.18 -2.26 5.68 3.43 2.58 0.45 2.26 -5.43 -3.21 0.12 4.88 9.94 4.40 3.82 2.84 5.56 5.88 -8.30 5.11 5.73 8.35 -9.94 3.79 -7.24 2.26 8.72 -2.10 -8.54 1.04 6.03 0.88 -8.32 -7.00 0.29 3.50 -6.49 4.98 -2.04 -4.00 -2.84 -1.32 -9.80 2.76 -1.79 7.38 -7.53 6.80 2.17 -2.84 2.72 1.54 1.29 -5.17 4.56 0.83 6.21 -9.96 3.39 -1.19 5.42 -9.24 -3.16 -7.84 -0.41 2.06 5.19 9.33 9.75 -3.16 4.97 5.35 -3.45 2.19 -8.60 3.84 9.74 9.62 -2.07 3.24 9.87 -7.80 3.09 1.12 4.10 -3.19 -9.98 7.50 -5.77 -6.08 9.24 -7.38 -3.69 0.05 -8.87 4.37 9.89 -7.96 -3.34 -1.52 0.82 5.30 -1.71 -4.71 -0.13 8.78 -4.97 -0.92 5.28 8.57 2.52 -2.97 4.23 8.05 3.61 -2.68 -0.99 -4.06 0.52 -3.33 -4.52 2.21 -3.43 3.41 2.30 1.67 1.39 -3.60 6.13 -7.56 1.21 -5.04 5.74 7.34 -5.94 -0.45 -1.51 1.72 -4.40 -7.53 4.66 -2.42 -8.19 5.05 9.99 2.02 
8.96 -2.27 -1.15 2.59 6.05 5.07 0.98 3.57 -0.25 0.80 -1.23 3.55 -0.26 7.29 8.82 0.62 -4.17 2.96 -1.14 -6.46 3.98 6.43 5.64 -1.53 -0.41 7.37 8.82 -5.62 -2.84 2.96 1.12 -1.57 9.37 -6.12 -9.11 4.72 2.85 -6.87 -9.52 3.18 1.00 -8.17 8.20 0.28 1.75 -5.74 6.07 -5.59 -0.35 -6.44 8.95 0.17 -5.08 -5.12 -5.08 -9.28 -4.12 -7.26 -1.07 -5.98 5.22 3.76 -8.99 -4.15 -7.31 2.67 4.90 4.99 -1.32 -8.52 3.62 2.36 -8.94 3.44 -9.45 -6.67 -2.93 0.27 -9.31 -1.55 6.21 -5.35 0.41 -4.93 -5.03 -2.69 -4.56 -3.55 -6.17 -3.79 6.81 1.18 0.23 -3.11 7.47 2.62 8.72 -4.98 -9.15 -5.14 7.73 -3.15 -8.12 4.26 -9.87 9.32 8.85 0.85 5.26 0.39 -4.76 3.36 0.56 8.95 3.44 -8.39 7.21 3.07 -8.40 -9.98 -7.99 -8.32 -7.09 7.20 -1.73 -4.24 0.78 -2.37 -0.73 4.23 8.50 0.20 4.39 4.65 2.25 -0.35 5.58 -5.11 -9.64 -5.95 1.11 2.95 6.06 7.64 -4.19 3.14 0.93 6.57 -1.33 -6.30 2.58 -6.24 2.66 -9.27 4.71 6.30 -0.81 -6.38 -3.48 3.84 5.70 -3.93 -1.98 8.26 8.90 8.40 -5.03 3.89 -6.30 -0.82 7.72 7.59 -4.02 3.93 6.66 2.60 0.93 4.08 6.76 8.35 -6.75 -3.64 3.17 -2.28 -1.08 0.60 -4.98 3.22 -7.55 -1.04 -7.82 3.91 8.97 9.61 5.80 8.75 8.54 2.80 -2.59 -4.92 
-7.50 -9.09 -6.59 -3.61 3.83 -1.57 2.38 2.00 3.76 5.32 3.54 9.25 0.61 -6.64 3.37 7.00 5.02 2.06 7.33 -2.42 3.62 -2.13 0.43 4.59 4.82 8.56 -7.70 -0.13 -0.09 1.03 9.28 1.86 1.10 -5.20 9.07 -6.87 -5.43 -3.84 -3.11 -0.94 4.81 -1.39 4.54 0.09 0.02 5.61 8.33 3.40 7.53 -0.58 9.03 9.69 1.73 1.93 -4.91 8.54 7.22 -9.13 5.91 -9.01 -5.15 2.82 3.72 -9.64 -5.35 2.37 -7.13 0.09 -4.84 -9.75 -7.58 8.33 -2.22 0.15 -8.90 0.07 -2.31 3.64 -4.15 -7.08 4.15 6.90 -6.76 6.63 -9.61 7.17 3.36 9.43 -8.84 -4.74 1.22 8.71 -7.09 -4.17 -3.63 1.39 4.56 3.61 -6.64 -9.68 0.45 1.55 -8.82 7.93 -9.89 4.69 4.29 2.24 -9.30 9.10 -8.02 -4.82 9.76 -3.06 3.72 -4.10 0.39 0.90 6.08 -7.64 0.60 8.35 -0.36 -3.35 2.34 -3.11 -0.88 -8.37 4.15 -1.16 -1.70 3.12 2.03 -7.89 0.80 0.19 -5.47 7.66 -6.91 -7.95 -3.77 3.05 3.71 -5.99 5.11 -2.21 -8.55 7.34 -7.37 -6.68 -4.96 -0.80 7.44 -4.28 -5.13 -7.40 3.47 -5.57 8.15 9.46 9.08 9.60 8.68 3.86 5.60 7.37 2.07 -9.17 -3.11 7.51 2.95 -1.03 -3.31 -8.58 9.75 -8.91 -3.47 -9.84 5.30 -0.70 5.51 2.55 6.83 -2.68 -3.43 -7.02 1.05 0.59 3.67 3.02 -7.09 -6.01 9.82 8.12 -9.84 8.08 6.18 -7.97 6.59 -8.10 
8.23 1.74 5.55 -7.48 -2.36 -3.16 -6.34 -7.04 1.15 -1.35 0.77 -8.01 -4.42 -3.85 6.07 -1.69 -4.79 -6.72 6.09 -2.11 -3.93 7.33 -9.84 0.81 7.48 0.70 -4.35 -8.95 4.46 0.36 -0.33 -2.60 -3.61 -4.59 3.45 -5.27 4.00 1.22 -1.02 -6.42 9.35 4.48 3.10 4.86 -6.34 0.43 -3.45 -7.55 -0.54 8.24 1.45 3.14 0.19 -8.48 -2.83 9.39 9.53 9.99 -8.26 0.69 9.35 -7.38 -0.02 7.22 -3.74 9.83 7.38 -4.91 6.12 9.52 9.04 2.22 4.83 -5.93 -6.94 -1.98 2.54 -2.31 -1.17 -4.00 -0.05 -1.15 -6.76 -2.79 -8.98 -8.41 -2.93 -9.47 -5.99 3.08 6.63 8.03 5.99 -4.67 -4.63 -9.34 1.02 -6.32 0.18 -3.26 -1.44 5.07 -6.48 -6.06 -0.64 -6.83 -6.96 -2.81 -6.41 -6.97 -0.41 -3.59 1.25 -8.39 7.44 0.22 6.40 1.46 5.55 9.95 -8.28 -5.30 -2.76 6.69 -4.36 4.88 2.99 9.66 -0.93 -8.64 8.58 4.63 3.64 -6.67 -4.49 -2.68 2.38 -3.16 -9.12 3.80 -5.83 -2.70 2.73 -8.17 7.83 7.76 2.27 -5.82 5.40 -2.37 -5.84 6.99 -0.73 -2.18 -7.70 -3.62 3.15 -5.92 -6.53 4.89 -8.77 -2.03 -0.07 -0.63 2.03 -4.00 7.72 9.96 1.00 2.73 -2.49 -0.42 -0.63 7.74 -3.08 0.58 1.40 4.80 -8.01 2.19 -7.60 0.35 -3.42 -4.44 -0.09 1.87 8.10 -7.93 8.52 -7.27 6.99 -2.61 1.27 4.32 -6.15 -4.77 3.95 -8.79 -9.48 8.04 
1.49 5.36 -9.25 -7.20 -9.84 7.44 3.75 5.51 -2.91 -0.03 -8.70 8.30 0.88 5.73 1.87 9.71 -1.55 4.03 0.78 -8.77 -2.94 -2.31 0.66 5.69 7.99 0.99 7.58 -0.25 4.85 9.06 -8.95 -6.95 -8.64 8.16 8.92 7.41 5.72 -3.04 2.13 1.89 4.93 4.67 7.89 -1.76 7.95 5.39 7.54 -9.86 -4.07 -8.72 2.25 -0.84 -8.77 6.17 -1.73 4.03 2.35 4.22 9.82 -7.11 8.90 -5.12 -7.92 9.99 6.66 -2.00 -6.89 3.99 6.84 -5.58 6.59 -6.82 9.08 -9.35 4.52 1.30 -9.25 9.69 -3.18 -2.96 8.71 -7.25 -9.18 2.13 -8.07 6.86 -8.19 -9.29 -2.56 -8.79 -2.46 -4.18 -3.26 7.62 6.22 -1.94 -4.27 7.71 1.59 -1.99 -5.55 0.22 -3.21 0.46 8.12 -3.30 9.24 -2.21 -0.31 -5.40 8.79 7.19 -4.39 -0.89 8.06 -1.78 5.36 -9.34 9.47 -1.21 9.92 -5.43 5.77 -8.55 2.07 5.30 -5.53 -1.33 -5.81 -7.14 8.17 9.56 -0.53 5.47 6.33 -0.36 5.63 -4.36 -4.72 3.86 -5.94 2.02 3.60 2.57 9.71 1.71 -9.84 -9.60 5.79 2.22 -7.82 0.62 -2.27 -3.16 -8.15 3.01 1.63 -7.83 -4.25 -5.46 6.74 -9.11 0.40 -2.48 -5.13 -9.84 -6.63 4.05 -5.23 -2.77 0.19 -3.77 -4.10 -1.00 5.58 -1.38 2.34 -6.18 -0.01 -0.90 4.05 -5.30 0.34 3.57 -0.78 -7.65 7.81 -1.23 -6.75 -1.35 0.30 -0.76 -8.19 7.01 8.55 9.17 7.04 -4.57 2.32 -3.62 
9.62 3.57 -0.52 9.27 -1.95 1.17 0.04 -9.03 4.71 -5.51 -9.53 -2.05 -3.31 0.01 3.59 -6.72 8.27 -4.41 -8.87 9.30 6.29 5.27 -9.19 -2.87 3.10 -5.04 4.19 -0.35 -5.03 -0.95 7.77 3.09 -6.61 -1.87 -2.28 -8.98 6.06 -7.19 -4.76 0.19 5.67 -5.63 -1.56 -8.97 -1.91 8.79 9.92 -1.67 -3.08 -8.81 -7.30 -4.80 0.35 6.62 2.29 -8.69 -1.88 -1.27 7.01 -6.08 5.65 9.17 0.20 9.59 -5.70 -8.81 1.30 -7.03 -7.27 -5.98 2.75 -8.57 -5.68 -8.17 -0.93 -3.06 -8.36 0.41 -8.37 0.36 -3.64 -4.90 6.01 -8.72 1.83 -0.47 0.40 -8.92 -3.04 -9.39 -3.47 1.25 -7.03 0.26 1.52 -6.02 7.67 0.01 -9.08 0.72 4.70 9.06 -9.34 8.65 3.47 -6.89 -0.06 -6.74 -8.82 -4.57 4.06 -1.99 2.68 -9.55 0.80 -6.52 -3.37 -0.94 6.62 -9.68 -6.98 -6.52 3.46 9.93 -6.33 2.11 -3.21 0.15 -5.38 2.21 9.94 -3.25 1.61 -1.70 -2.77 2.71 0.61 9.39 5.15 7.59 -7.37 -7.05 -10.00 1.87 4.55 4.49 1.12 9.96 -6.25 -4.02 6.11 3.59 -0.18 2.51 -5.98 -8.85 3.27 -6.82 1.38 -2.55 2.08 -3.22 5.07 -7.07 9.38 -8.21 -4.26 -1.08 8.92 -5.18 -5.76 1.74 7.37 3.79 2.85 -9.25 9.11 -6.39 -5.47 9.09 -1.01 -2.29 6.94 0.57 -1.37 7.16 3.79 8.93 -8.43 9.10 -6.53 0.83 -4.23 -7.77 6.03 1.00 -0.39 3.37 -3.50 -1.58 
-3.24 6.63 -0.06 4.84 4.46 -7.64 -8.64 -2.85 -0.58 -6.32 -9.16 -9.99 -5.84 3.67 6.98 5.42 5.50 6.10 5.65 -1.40 -7.14 -0.97 -7.05 -4.50 -1.99 -1.11 -2.16 8.50 7.80 3.20 2.82 4.36 -6.72 -1.51 -5.53 -8.13 6.69 -5.52 -5.22 -2.13 -9.40 -5.34 1.28 9.20 1.37 9.63 1.35 6.80 -9.39 -4.59 1.72 -5.06 -9.07 9.26 -7.85 4.51 9.37 -9.20 -8.25 9.67 7.00 -1.80 6.33 1.61 6.47 -5.40 -4.65 0.17 3.24 0.47 0.40 3.02 9.98 7.12 4.43 5.03 -4.28 -4.18 -9.59 9.87 -3.74 -1.88 7.08 3.14 -3.97 5.59 -5.19 6.90 -0.12 -0.82 4.89 -4.98 -6.07 -1.48 -1.06 -2.05 -0.47 6.92 6.38 -8.24 0.77 -2.10 -5.56 7.83 -3.04 3.07 6.75 -0.95 5.30 -8.56 -3.39 5.51 -5.17 -1.46 -3.70 -7.37 5.88 7.05 1.62 -0.06 0.28 5.53 -2.11 -5.44 0.15 -5.28 -0.47 8.20 -8.95 -0.79 8.79 0.88 -9.28 -2.88 -8.23 6.93 9.14 -0.99 3.62 -0.42 -6.43 -7.27 -1.17 9.34 7.96 -7.75 -8.87 -9.76 -1.97 3.42 4.65 -9.83 -0.37 8.35 7.53 9.38 2.00 1.91 -1.30 -8.48 2.11 -6.23 -0.12 7.51 4.35 -1.40 2.72 -7.91 0.51 -2.25 -9.45 1.91 -3.89 8.17 -7.54 -7.10 1.57 3.98 1.40 4.32 -9.78 0.22 1.85 4.01 7.61 8.93 0.93 0.88 0.94 -9.38 -0.61 -9.46 -4.10 -3.79 8.38 -3.03 -7.89 -6.37 -5.29 5.66 
-6.93 -2.51 -4.45 -3.11 4.31 4.34 -4.29 1.69 4.71 8.00 -6.83 4.62 -2.21 -0.01 -9.68 -4.34 2.82 8.46 8.03 6.08 7.28 -5.35 -5.95 6.75 -0.78 2.04 -7.54 -0.22 7.39 -9.52 -2.62 7.44 -2.31 2.34 -7.73 -8.23 -1.91 -2.25 -7.57 2.10 -2.79 -9.46 -9.45 -6.82 -7.07 4.53 -9.59 -4.82 0.96 -7.67 -1.77 -0.89 -5.82 -6.45 1.41 -0.28 9.33 2.42 6.71 3.24 9.99 4.01 -9.74 -7.19 1.73 -4.03 -5.69 -1.87 4.67 -3.99 -1.00 -8.10 3.29 0.08 9.81 1.62 3.28 6.41 -7.10 9.40 -1.13 -2.18 -9.61 1.77 -5.25 -8.68 -9.88 6.11 8.79 -1.55 2.87 4.62 4.94 -0.82 8.43 -4.01 -9.88 -3.14 -0.55 -8.53 -3.22 7.37 3.00 -0.94 -0.14 -1.30 -3.28 -3.41 3.65 -2.07 -3.67 -7.50 2.32 8.22 2.35 8.24 -7.80 -5.00 -8.71 -0.21 -8.69 1.93 -7.62 8.72 -3.17 -4.06 -0.28 4.54 1.20 -7.01 6.37 -8.22 -8.26 -0.61 -3.29 7.67 -6.65 5.55 7.65 -0.59 5.66 -5.69 9.75 6.74 -6.44 1.12 -0.98 -0.74 4.00 -2.61 8.44 5.56 -2.59 -0.05 -8.82 -0.59 -7.03 -7.43 3.68 9.84 -6.72 -5.55 -5.92 -2.85 -4.38 2.53 -0.69 5.40 -2.80 -3.98 7.72 -9.79 -0.96 -4.99 8.85 3.92 -4.17 7.52 3.05 1.00 -5.42 3.65 1.61 3.45 7.95 -8.73 -7.15 7.80 -8.81 9.12 9.53 -2.90 -1.61 -9.77 8.26 -6.07 5.43 6.67 9.19 -4.64 
-4.79 -8.73 -8.85 5.68 2.34 2.33 -9.92 -0.52 7.13 -7.13 4.91 -5.53 -0.25 7.69 -2.23 -8.13 9.92 8.32 -5.18 -9.18 1.01 5.19 -1.44 5.58 6.68 -2.64 4.22 8.08 -7.23 0.07 -0.39 1.24 1.98 -0.46 -7.64 7.43 -2.40 -4.75 -2.36 9.88 9.76 6.70 -4.75 -5.30 8.23 -0.45 -4.81 4.36 -3.68 -7.99 3.73 -0.47 5.92 -5.49 -8.44 8.27 -5.20 3.49 -3.05 6.63 -1.19 -6.16 -1.44 6.38 -0.66 7.14 -8.18 1.88 9.64 2.91 -2.15 1.54 -7.73 4.70 5.57 1.04 -7.84 -3.02 1.55 3.94 -1.22 4.01 -9.00 1.50 -3.41 -2.83 -6.57 -5.91 5.89 -6.77 8.63 4.97 -1.23 3.28 6.47 -4.78 -6.93 2.24 2.98 7.82 6.94 4.91 7.84 -5.40 1.36 2.40 -0.68 6.53 -0.94 -7.46 -0.67 -2.55 3.69 8.90 9.76 -8.51 1.97 -4.97 7.92 -8.70 5.95 -7.11 -1.41 -5.11 -9.34 -0.20 -8.58 1.37 2.29 -9.69 -9.52 -4.65 -3.45 -2.88 1.78 5.96 -4.30 -2.51 3.84 -3.29 -0.66 -4.84 -2.32 -2.34 -6.73 9.09 -6.24 9.25 2.22 -9.43 -3.53 3.18 -3.25 -7.04 -9.63 -1.73 -4.43 0.06 -4.90 -1.78 -1.18 -3.14 7.88 -9.82 -5.42 7.06 9.78 8.88 -4.78 -4.08 5.77 -8.34 -5.77 -6.71 4.61 1.13 5.06 0.27 5.34 1.28 -9.87 -4.40 2.27 8.92 6.65 9.55 -4.42 3.42 -1.77 -0.49 -8.40 0.13 -2.86 -6.50 9.76 -3.47 -0.64 -7.35 -7.37 -7.80 
-5.11 1.10 -1.11 4.20 -8.45 -7.06 -9.90 -5.57 9.52 -9.06 -5.96 -9.00 -2.09 -1.30 2.18 3.99 4.03 6.43 -2.79 -2.68 6.00 -5.47 7.94 -8.40 -7.96 -1.09 7.25 -2.41 4.91 6.43 -8.57 -6.57 7.05 -8.54 -3.68 -0.72 6.82 3.39 -0.94 5.79 -2.69 -5.69 -6.23 -6.40 2.44 -4.83 4.33 8.73 -6.57 -9.14 0.16 -5.59 -5.92 -3.95 4.49 -7.64 -9.82 4.14 4.16 0.68 6.67 1.45 -9.27 -7.68 -0.87 -0.77 2.49 8.97 8.77 9.76 -7.32 5.70 -8.25 -1.88 4.41 1.15 -1.01 -5.66 4.38 0.98 -7.81 -8.41 7.18 -7.72 6.39 -1.68 -8.35 -3.23 -2.11 3.89 -9.57 -1.69 0.75 9.68 8.65 -6.60 5.95 -6.61 4.77 -1.97 1.98 -3.38 -2.03 -4.10 5.26 -2.91 3.24 7.71 4.16 -6.75 -8.15 6.24 3.65 7.27 1.61 3.29 -2.81 3.08 5.46 0.67 -2.01 8.50 1.90 8.05 -0.18 0.45 -0.12 8.44 7.78 -5.46 -8.26 5.10 7.37 -4.03 7.47 -0.48 -2.34 -9.10 -7.01 4.85 3.12 -1.45 -5.15 0.59 8.35 -7.20 6.57 8.76 2.29 2.51 6.29 4.77 -5.36 5.85 -3.65 8.74 3.71 3.24 -4.68 2.31 -7.79 -0.98 2.54 -0.99 -8.57 7.01 9.65 9.47 0.85 -8.85 -9.03 -7.93 9.24 0.62 -9.81 6.05 -6.05 -7.95 2.74 -3.51 9.19 7.16 -1.10 1.23 -7.94 9.19 7.73 -1.65 0.87 -8.18 9.99 -3.80 -5.65 -4.93 -4.68 5.28 9.10 -2.67 1.93 -5.35 
-3.03 9.47 -6.83 -1.27 -7.04 -2.63 6.89 3.43 1.80 -7.50 9.63 6.02 5.67 0.53 -8.18 -3.79 2.32 -6.64 0.44 3.48 -0.15 7.34 6.73 0.62 -3.92 5.26 -7.95 2.42 -5.01 -7.52 0.10 6.44 -7.76 3.62 -6.69 -9.65 -5.34 7.76 3.78 -5.30 -5.06 -8.94 -0.58 -8.11 -9.45 -9.02 -8.79 -1.88 -1.82 3.60 -7.78 4.23 9.61 -7.99 -1.99 -4.36 -8.02 9.20 -0.11 -4.51 -8.44 7.45 -5.28 -3.31 8.80 7.79 4.11 -2.75 -1.18 9.79 -5.83 5.81 -6.64 6.55 7.80 2.57 -0.62 -6.62 -1.69 7.63 9.75 -7.80 -4.12 -5.41 9.59 4.42 7.05 0.58 -9.19 1.78 6.33 1.63 5.03 -3.64 -5.84 6.47 2.22 -3.89 -9.19 0.44 9.15 2.53 -9.18 7.41 0.21 -5.77 3.61 6.75 -2.57 -3.27 -6.82 -8.70 -6.60 6.96 -7.54 3.04 -9.45 -7.23 8.68 8.07 7.18 2.62 7.86 1.01 0.44 -6.54 -1.18 -8.66 -9.87 6.58 5.77 3.15 -3.79 -4.23 4.87 -6.53 4.95 -0.60 9.01 -6.19 6.80 4.56 -1.81 3.25 7.48 -4.81 -1.91 1.86 -5.34 -7.39 2.99 -0.58 -3.42 -8.20 -2.23 -3.73 2.35 9.70 -4.78 -2.54 -3.66 -4.36 -1.19 -8.61 -7.29 -8.32 -3.49 -7.45 3.24 5.74 -2.02 5.33 1.75 4.05 2.09 -0.89 -2.03 -0.25 5.49 -8.36 9.12 1.15 -2.27 -2.32 -9.41 9.50 -5.69 -9.36 -5.78 -0.22 6.18 -5.32 -2.96 2.09 8.45 -2.61 8.40 2.94 -6.50 9.45 
9.94 -1.87 -0.36 8.98 -2.14 0.79 6.91 -3.54 -7.46 2.19 8.57 -6.56 -3.92 5.08 -8.18 -4.16 -1.17 3.85 0.95 -0.22 -2.32 -0.63 6.90 -0.36 -9.45 5.02 -8.73 -8.24 -2.36 -5.69 9.48 -0.26 6.96 6.76 5.55 1.24 1.98 -7.74 -1.12 -7.02 -6.27 -8.25 -3.19 -2.01 0.64 -6.47 -2.89 -8.33 7.78 1.22 -6.85 -3.43 -6.69 2.20 3.84 -5.19 -3.97 -9.97 -2.29 -9.69 4.47 -2.64 -2.03 2.24 -7.62 -3.02 8.79 -0.79 -5.21 -6.02 3.18 -7.75 -0.26 2.15 -1.79 1.66 5.81 4.69 -1.20 -8.72 -8.30 -6.56 -1.73 9.40 -4.62 8.88 -0.54 -0.79 2.84 1.52 1.59 -8.74 6.98 4.63 -9.94 3.17 -6.03 -9.24 -7.09 -6.56 9.44 -7.27 -9.88 9.90 9.91 -9.79 -9.51 -4.27 8.68 -6.34 -8.15 4.26 7.56 9.63 -2.54 8.47 8.20 2.35 7.61 3.37 7.90 9.54 -4.03 4.44 0.10 -7.94 -1.84 -3.49 -7.74 1.80 -9.21 -0.12 -7.00 0.77 -6.80 6.84 8.42 -3.68 7.18 8.86 -8.09 -5.52 -8.09 4.16 1.66 -8.65 3.70 -1.63 -6.06 7.40 7.56 -3.86 -0.05 -1.65 5.30 8.87 4.53 -8.48 1.65 -9.04 7.83 5.19 8.02 2.47 -5.83 4.27 -8.65 -3.24 -9.48 4.74 -1.64 -0.64 1.92 -9.44 3.56 -5.23 9.24 -2.63 3.78 -9.50 3.23 2.72 3.36 0.61 -9.91 7.70 -1.82 -2.24 -1.61 -7.44 -1.09 -3.00 -8.22 0.42 -0.13 8.36 9.58 -9.66 8.81 1.93 
8.89 9.07 -5.60 5.75 -4.93 -3.49 -9.93 -5.08 8.43 -2.35 -2.87 9.33 9.12 -2.65 5.44 -5.93 -6.35 -8.93 -0.53 -8.56 6.28 -3.09 -1.43 4.87 -3.45 -9.45 -4.82 6.08 -1.15 3.91 8.39 9.52 6.78 0.31 -4.65 -6.51 -1.35 9.67 5.11 2.35 -7.83 9.56 -6.98 5.89 -2.61 -0.63 -1.85 4.58 8.30 -6.53 3.15 1.33 3.25 -4.09 2.32 9.97 2.30 6.60 6.74 -8.56 -5.64 -8.45 -1.31 4.00 -5.79 -2.06 6.39 -1.76 -8.09 -6.81 -6.99 2.01 -8.89 -3.43 -4.75 -4.01 2.22 1.39 8.66 7.95 -7.58 -3.41 5.07 -0.21 -2.75 6.34 3.86 -2.23 0.70 -4.35 2.82 9.06 9.28 -4.49 -9.55 3.24 7.80 -6.59 9.39 -1.86 2.16 -0.56 -6.54 9.35 9.75 7.34 6.42 -5.97 -2.74 -4.17 -9.68 6.10 -7.40 7.03 7.76 5.50 -4.93 -5.84 -3.31 5.54 -7.94 -2.12 -5.57 1.06 2.68 4.20 8.94 4.16 0.44 -6.48 3.99 0.23 5.13 -6.91 3.23 -5.85 5.59 -8.08 5.78 7.17 3.52 -2.91 8.96 -4.90 -3.15 8.63 -0.45 7.04 -9.05 -9.48 7.38 -6.24 -8.02 0.22 -3.71 -8.22 5.67 -7.37 5.79 -3.39 7.71 0.88 0.93 6.47 7.46 -2.92 2.99 -6.53 9.46 3.34 3.62 -3.77 -6.13 1.84 4.19 8.33 -8.90 7.19 -3.11 -8.14 -6.59 0.18 2.20 5.71 0.12 -0.44 -7.76 8.87 -7.24 2.18 -6.85 1.71 -6.57 -8.08 -6.76 7.01 -1.00 3.98 3.58 9.23 
-9.42 -0.06 5.34 8.59 -6.86 -1.33 -1.60 0.26 -3.43 -1.98 -4.44 -5.75 -9.15 5.62 -4.26 -4.09 -4.24 5.78 -1.35 9.59 4.63 -4.02 -9.55 9.48 7.77 -6.92 -7.36 -1.26 3.03 0.50 2.29 5.12 2.01 -7.54 -1.84 1.01 -5.70 2.81 -1.29 8.01 3.42 6.84 0.09 -2.15 -5.37 0.41 8.64 0.49 9.40 6.07 7.98 4.33 4.01 2.18 0.19 -2.17 -4.83 5.46 1.52 -5.93 -7.10 8.85 6.01 5.55 -9.57 3.14 4.29 -9.06 3.61 4.57 -9.01 8.63 7.02 -5.35 -6.68 9.24 1.58 8.97 -0.69 -8.85 8.19 7.19 -7.60 3.13 5.39 3.96 7.85 0.33 5.41 3.25 -6.23 4.58 -2.77 6.31 8.00 -4.37 1.17 4.98 0.62 8.38 -4.66 9.93 1.95 -3.43 -9.50 0.16 3.41 6.91 -1.11 9.58 3.07 7.28 1.44 9.70 -7.32 -0.96 7.32 2.47 -6.97 -8.65 -5.19 -7.27 6.74 6.81 6.46 -5.43 9.41 7.42 0.48 4.98 1.62 -0.70 1.88 -2.31 3.30 8.58 -9.79 -4.93 -1.97 -3.80 -4.03 6.14 -2.03 -4.28 3.32 5.54 2.87 5.21 1.35 8.88 1.57 -3.22 5.18 -7.12 -5.39 2.85 9.88 -2.99 -9.82 -1.23 3.39 9.59 -9.52 -4.50 -8.01 -0.35 -6.64 -0.04 5.01 0.95 9.97 -4.32 -3.33 8.97 2.10 1.64 8.50 1.56 8.79 -4.23 9.62 9.83 -8.01 -6.26 -4.92 -5.91 1.88 8.43 9.52 -0.23 9.17 -2.82 -1.69 7.94 -0.68 -1.64 3.33 5.27 1.17 -5.97 
-8.81 -0.03 6.56 -8.72 -7.50 5.01 -5.72 4.28 1.66 -0.76 -2.84 -6.41 -2.65 7.27 -1.54 -7.17 -7.55 -8.41 4.74 4.17 0.31 -1.98 0.87 5.94 -0.74 -3.66 -3.36 1.27 7.16 8.91 5.16 4.72 1.35 -8.86 4.83 5.62 -7.35 -6.43 -8.99 -8.63 6.25 -8.79 8.45 -4.67 -7.29 -2.63 -8.96 6.11 -9.20 -5.73 -1.50 -8.61 -9.61 7.61 -5.08 0.15 0.88 6.58 -4.01 -1.83 0.46 -4.28 3.78 -4.82 -5.50 3.14 6.22 3.80 -4.80 -2.39 4.22 -6.51 1.90 -5.53 9.79 -0.16 -6.77 -6.93 2.93 4.08 -2.11 -9.92 -0.70 -7.70 2.76 2.14 -9.06 -5.65 9.50 7.69 -2.64 -1.51 5.64 5.30 7.88 5.92 -9.75 -1.77 -4.53 9.22 7.22 -2.16 8.88 3.48 -1.77 -6.06 -5.40 6.92 -7.35 -3.10 2.40 -1.33 -0.89 2.81 6.45 -7.16 -6.06 -2.02 6.58 -4.93 -4.68 -3.11 0.63 5.42 -7.47 -4.03 -4.22 2.15 5.86 5.88 0.49 4.25 -5.73 -8.98 1.92 0.94 0.88 8.31 -3.58 -2.95 -1.47 -0.77 -3.37 -4.06 0.94 -5.76 0.12 -0.22 -4.72 -6.02 -2.76 4.69 -5.64 -4.15 7.63 -3.65 -2.19 -0.68 -3.54 -0.62 -2.76 8.45 -6.30 -2.00 -3.35 -2.91 0.59 7.14 4.17 -2.56 1.42 -4.14 -2.24 5.43 -4.39 0.11 -7.49 1.74 -6.19 -2.16 7.63 -1.33 -2.77 6.07 -0.14 -4.47 1.04 -8.18 -5.95 8.45 1.58 -1.64 9.99 -9.41 9.59 9.98 -7.52 -0.99 -5.07 -5.22 
4.62 0.82 6.73 3.35 -1.75 0.26 -1.18 6.76 -8.40 9.49 -7.77 4.83 7.77 -3.27 3.60 -9.12 9.05 -5.99 -2.67 -2.23 -1.55 -5.69 10.00 3.02 -3.04 0.57 6.15 -0.63 -4.70 1.19 -7.97 2.43 4.37 -5.77 5.22 2.02 -7.89 1.27 6.51 -1.12 -6.87 -6.96 6.59 3.75 -4.03 -2.95 0.29 -5.80 -8.19 -3.41 8.63 -3.41 9.31 -4.77 -4.18 -2.01 -4.03 -0.49 -5.29 -1.81 7.51 0.26 -8.58 8.15 -5.69 -9.01 -2.38 6.02 0.71 2.73 8.96 -4.82 6.93 -6.53 0.27 8.07 9.32 2.47 -0.13 0.46 -9.49 0.43 -4.24 -7.48 7.73 7.38 -6.37 -2.17 -6.53 -1.45 4.74 4.33 1.28 -6.08 3.43 -2.18 -1.12 -8.83 6.38 -3.07 -7.44 -7.68 -7.05 4.01 -3.34 -7.69 6.05 6.01 9.96 5.64 7.37 -1.33 4.28 3.47 1.79 3.97 -8.12 5.44 -3.05 2.61 -5.27 -6.86 0.70 -5.44 3.54 6.22 -0.17 2.21 6.59 3.01 9.24 0.57 -8.78 -7.39 4.48 7.34 0.26 1.25 -8.36 0.16 -5.06 -0.99 -8.28 8.85 9.10 3.48 4.48 -0.35 -7.52 -2.51 -1.03 -5.00 9.69 7.79 6.07 -4.48 6.71 1.25 4.54 -0.32 -1.90 -0.87 -9.44 6.63 9.31 1.38 4.58 -0.27 3.10 -9.12 7.52 -0.39 2.47 0.59 -3.01 0.59 5.49 8.89 -3.18 -2.48 3.83 -2.07 0.48 -9.27 -3.89 -8.35 -0.44 6.29 3.72 4.84 -3.37 1.37 2.99 4.70 4.34 9.65 7.09 2.68 -8.48 4.24 
4.30 -1.63 -2.10 1.85 4.84 8.51 -8.07 -4.25 -0.78 -5.49 -5.71 -2.60 -8.71 -9.06 9.57 2.23 -3.16 -4.58 0.70 -4.05 -8.44 6.82 0.81 -6.35 -8.94 -6.45 1.00 7.42 -6.76 -3.61 6.82 -8.05 6.02 -5.83 -6.96 1.51 2.99 -6.07 0.65 -4.79 -4.87 -4.49 3.25 6.51 -3.72 -4.00 -7.00 3.80 -1.87 -8.29 -8.73 -8.10 -0.67 -4.16 -3.07 7.59 8.83 -4.27 -0.81 3.50 -2.02 3.77 -7.50 6.47 -3.91 7.22 7.54 8.41 3.65 -4.40 -9.03 -6.96 -1.03 -0.60 -2.25 5.84 -7.40 5.56 0.36 6.57 -5.59 -8.27 -2.01 -9.89 8.28 5.08 -7.20 1.73 0.82 2.46 8.90 6.42 -2.16 0.42 4.30 -4.66 -4.63 -0.88 8.34 -0.78 9.44 8.48 6.54 -9.18 2.95 5.05 0.00 2.10 2.86 2.25 -0.45 -5.54 7.01 6.39 6.26 5.71 6.09 8.28 7.77 -1.31 3.41 1.31 -7.62 7.03 -8.76 7.20 -5.84 -4.41 -8.34 7.42 8.71 -0.06 3.63 8.60 -9.63 -0.48 -4.17 -4.38 -8.80 8.42 -3.99 -9.41 -1.37 -2.74 -6.35 -5.91 0.15 -0.33 2.17 -3.70 5.72 5.22 9.29 -7.05 6.75 6.28 5.49 -0.50 -0.47 2.57 -0.39 -7.18 5.30 6.98 9.99 -7.52 -5.34 -9.73 5.32 -0.65 8.67 -6.99 -3.35 -5.63 -1.81 -8.61 5.50 8.53 -2.41 -6.29 -5.54 2.10 -8.91 -5.32 9.35 3.57 1.45 9.04 7.37 -2.95 -6.31 -0.74 -1.41 -3.01 -5.13 5.06 8.69 -2.09 3.34 2.10 
8.38 -8.92 -2.34 5.18 3.45 3.40 -5.19 -3.42 -0.25 0.61 -5.83 6.60 3.46 1.56 7.95 -7.75 3.38 -8.54 5.65 7.18 4.02 0.70 4.13 -2.23 7.93 6.18 -1.55 -4.80 -2.32 6.52 -6.70 7.09 -7.66 -9.59 -4.83 -1.70 9.18 8.35 -2.20 -6.64 5.07 -8.54 -1.95 -4.42 -2.00 -7.75 4.60 9.63 7.39 0.77 4.01 0.36 -6.27 -9.19 -9.69 2.24 4.45 -2.54 -5.36 7.73 3.37 2.29 7.03 4.64 -5.85 1.61 0.12 8.43 4.12 2.69 8.98 9.35 -3.72 1.47 8.20 9.50 5.09 -8.73 -6.63 4.53 2.98 -2.29 -9.52 1.48 5.04 7.39 4.94 -3.29 -6.32 2.27 3.62 -2.83 -1.12 5.22 -2.27 -9.51 -2.70 -9.62 -4.75 -9.22 -2.02 1.25 -6.17 -0.63 9.72 5.59 -4.45 -6.97 8.42 5.77 9.52 6.46 -8.57 0.73 -5.33 9.30 4.86 -2.79 9.17 -1.59 -3.20 -3.04 4.16 2.05 7.02 -7.47 -6.42 3.92 -2.24 -0.63 -8.15 0.71 -6.05 -1.76 9.09 5.60 4.46 -9.99 -8.58 -3.25 3.86 -7.01 -3.02 0.36 7.40 7.20 9.14 5.79 -5.38 -8.18 3.48 0.76 -1.17 0.55 -0.75 4.22 -3.82 -4.54 2.99 5.37 -6.71 -4.81 0.14 3.57 -7.20 6.64 -8.83 -4.79 8.47 -6.69 -2.36 -7.05 8.24 3.00 -3.68 2.17 -4.98 -0.10 1.70 -8.61 2.48 -4.41 -2.43 1.69 -1.55 3.05 -7.89 -0.01 7.71 7.79 -3.27 -1.99 2.82 -5.26 4.81 6.41 -6.74 1.48 -8.26 -0.90 
9.50 7.87 9.08 5.59 7.91 -3.17 2.92 6.62 7.75 -7.24 -0.24 -8.44 2.48 -1.97 2.57 -0.98 -8.61 3.35 0.55 6.00 -5.11 1.83 7.86 1.59 2.61 -8.99 2.28 9.57 -9.08 -0.08 8.15 9.47 1.67 8.63 4.65 0.68 -2.18 -6.88 5.04 -3.07 -1.20 4.76 1.60 -9.64 8.43 4.11 -8.48 -5.02 -0.62 -7.32 6.41 -0.41 5.91 5.31 -7.67 9.10 3.28 -0.18 3.05 -5.09 -3.20 7.83 0.21 -4.23 3.05 -7.76 -6.12 9.23 -2.53 8.28 -9.36 -5.72 3.13 1.24 9.70 -9.61 9.00 -3.85 3.19 -9.48 6.89 -2.35 -5.65 -1.63 -8.19 -4.49 4.72 9.21 2.49 -0.28 -3.22 -6.79 -6.77 2.18 -4.57 9.87 3.16 -8.81 9.75 -3.27 3.48 -0.28 -0.41 1.88 4.03 -6.76 7.93 -6.96 2.28 7.80 7.41 5.18 -0.82 -1.65 1.53 2.82 -6.46 9.26 1.59 -8.62 -1.79 9.58 3.85 6.74 1.87 1.81 8.90 0.03 -10.00 8.12 -9.66 6.96 -2.04 6.69 -7.92 8.99 -6.55 3.48 -2.34 2.29 1.33 -2.94 6.01 -4.28 -8.09 -9.13 9.24 0.22 5.43 -9.98 2.61 -6.26 5.94 2.33 -3.58 -1.56 -7.66 -7.42 -0.68 -5.64 8.61 -1.13 -5.55 3.43 -5.15 -9.44 -2.46 3.27 -5.67 6.16 -6.33 7.13 2.19 -1.19 -0.68 -8.27 -8.06 2.50 2.34 2.25 -7.55 6.64 9.19 2.81 2.15 -5.58 4.99 9.09 4.80 -8.94 8.06 -4.88 2.11 -3.11 -2.09 -1.61 7.40 3.83 6.53 7.15 
1.55 -6.96 7.52 6.18 -0.81 9.55 -6.32 -4.54 9.91 -9.74 -7.11 -6.54 8.97 3.64 3.88 0.75 0.38 -9.26 -7.52 1.49 -9.82 -5.95 5.25 -4.47 6.10 -1.18 -8.27 -0.90 5.46 -3.85 -8.62 -6.83 -9.58 2.81 2.44 3.84 -8.82 -7.43 6.08 8.37 -3.68 -5.99 -2.58 -5.11 2.21 4.84 -5.45 -5.88 -6.29 7.06 5.14 9.41 1.76 -1.42 -4.16 -1.68 4.24 -1.49 -3.45 -7.20 6.82 6.91 1.35 6.51 -3.44 -3.77 -6.33 -7.68 5.79 -8.21 5.82 2.74 3.63 -8.24 2.87 2.42 3.38 -7.83 5.33 0.90 5.37 7.13 0.07 -5.52 -7.98 3.71 7.73 -4.43 -4.81 -4.28 8.54 0.66 6.46 -3.38 1.20 -5.92 -8.43 5.28 2.83 -4.04 5.36 6.72 8.39 7.44 4.49 -5.67 -5.17 -7.84 5.06 -9.61 0.53 0.01 2.50 1.45 4.68 -1.95 -7.56 4.75 -2.72 0.72 -2.21 -0.67 3.81 3.63 -2.17 -5.35 -2.94 -6.99 0.65 -7.84 1.44 0.44 3.76 0.10 -2.48 -5.34 0.81 2.26 2.79 0.88 -1.56 -6.54 1.48 -9.02 -8.31 8.88 -1.22 -7.45 -7.82 5.46 6.76 -6.14 5.73 0.82 -9.36 0.26 8.25 -8.68 5.09 0.72 -6.14 -9.34 -7.92 5.01 0.86 -9.11 4.15 -2.07 0.65 -4.93 -0.73 6.39 7.57 -8.13 -8.46 -9.52 3.57 -7.50 -1.28 -4.39 -2.15 -0.13 2.55 7.96 0.67 0.89 -2.10 7.30 1.53 8.07 -8.28 7.84 7.91 0.31 0.80 1.66 1.82 8.92 -5.41 7.91 
-7.73 7.87 -3.09 4.08 -1.27 4.65 1.29 -9.54 -1.98 1.65 0.98 -1.10 6.03 -2.98 -2.63 -3.71 5.80 8.95 -1.88 -9.63 2.41 -5.22 1.71 9.46 -7.63 1.53 -4.18 2.80 9.56 8.60 -3.35 -3.56 5.36 -0.96 -5.65 9.62 -3.02 0.78 5.48 2.09 -5.42 -5.60 -7.92 1.34 -1.08 -2.87 -5.02 4.60 -2.00 7.46 -5.37 1.49 -6.61 2.91 -2.88 -6.75 -9.00 0.64 6.43 -2.85 7.45 7.15 -9.02 -1.95 9.82 4.57 -5.35 -7.87 -2.28 3.69 -1.57 -4.94 -0.10 1.03 -8.94 6.21 6.13 -5.78 -7.40 8.09 -6.95 -6.16 0.62 5.58 -4.72 -4.59 6.96 -6.44 8.82 0.10 2.43 0.42 -6.33 -2.27 0.16 -4.97 0.01 -1.50 -4.26 -8.62 3.43 -8.79 -5.12 -0.38 -4.74 8.25 -9.55 -6.05 7.88 7.87 -9.68 -3.45 6.06 -8.14 -6.26 -4.44 0.69 6.33 1.84 -1.85 0.13 -3.87 -8.75 -7.68 8.63 2.53 -2.37 4.21 -8.88 -7.85 -7.62 -9.34 0.02 -2.32 7.33 9.17 -4.58 1.78 6.41 -2.19 1.41 -6.46 -6.62 6.45 5.29 0.59 10.00 2.22 -5.72 2.38 -1.34 -6.03 -6.61 -6.35 4.41 7.75 -8.74 0.56 4.99 -3.04 7.82 -9.41 4.24 9.91 -2.61 3.10 3.80 3.31 -0.11 -2.98 -7.45 -1.72 7.99 -0.78 2.56 -5.99 -4.33 -7.72 -3.94 -7.98 -2.58 -5.06 1.16 -0.06 7.88 -8.58 9.45 -5.40 4.57 0.50 -0.71 8.81 6.34 -5.78 2.18 -8.39 -2.97 -4.65 -9.78 -4.13 
-3.58 -5.22 2.37 5.93 -2.69 -8.11 -8.76 -8.99 -8.36 -3.28 -7.21 3.47 6.58 -3.01 -3.94 -9.87 -1.97 0.65 0.47 4.74 3.69 -1.34 -2.21 -7.43 8.53 -3.61 0.10 -1.89 -3.09 -7.70 -0.38 -8.21 -1.89 1.82 -8.97 4.11 0.84 -7.90 -4.07 -5.44 -3.62 6.78 6.95 5.96 1.64 2.32 -7.76 -2.96 -0.06 -6.67 1.86 5.20 -1.45 -7.17 -6.70 -7.00 -4.52 -5.65 7.20 6.39 -3.25 -3.73 -3.34 -6.05 6.79 -8.28 3.25 7.73 8.52 -3.48 0.78 1.67 2.76 -6.24 4.79 6.63 -0.82 -0.61 -8.76 3.94 -7.41 -6.74 4.27 0.36 -2.42 -8.99 -1.74 -7.99 1.50 6.61 7.06 -1.84 9.78 1.22 9.22 3.51 7.19 5.24 -2.38 -0.73 7.95 5.11 -8.67 -6.94 2.41 -6.62 0.30 1.77 9.32 0.73 -7.78 -1.19 6.88 -2.67 7.34 5.14 -8.04 -3.70 5.36 9.00 5.02 -1.29 0.20 5.85 -2.38 -2.18 -9.76 -2.26 -8.78 -2.93 -2.81 6.67 3.74 -7.01 2.29 -9.04 -1.08 8.21 3.09 9.02 9.25 -7.22 -6.38 9.52 -0.34 7.74 3.61 7.11 -0.92 -5.10 -6.55 -2.46 4.19 0.44 -1.90 -7.98 -6.24 3.41 6.32 6.65 -9.36 -2.23 7.91 -8.37 -3.98 -5.91 0.28 4.79 -8.06 2.80 -5.92 -9.10 1.06 3.05 9.63 -6.98 -9.33 -5.85 -5.33 -2.48 7.64 8.54 1.69 -7.22 -6.26 -3.82 -6.24 -7.29 -0.65 -2.55 -9.99 1.79 8.72 -8.02 -9.21 -0.60 8.04 -3.82 -7.78 -6.72 
-2.00 -3.04 -8.82 9.23 -8.97 -9.82 1.49 4.31 6.49 3.40 -2.54 8.16 8.70 9.88 4.36 -7.74 2.19 5.86 -9.44 5.25 -8.85 -2.94 -0.32 8.23 -0.91 -3.82 -8.29 8.68 9.46 -8.94 9.99 -1.17 3.57 8.11 -6.59 -5.74 9.63 1.56 -1.27 2.12 -0.35 -5.13 -5.20 1.56 -8.90 -2.50 -8.62 9.44 -4.82 -9.61 0.99 -1.30 3.25 -8.42 2.42 5.34 -8.13 0.11 -2.93 7.15 -5.12 5.72 7.12 -2.51 1.73 -6.48 -6.84 -5.20 -7.52 -6.14 4.46 -3.43 4.78 4.82 -4.35 1.77 5.08 -1.72 3.94 -9.93 -9.32 0.85 9.13 7.71 9.24 -1.44 4.66 -0.96 -3.07 3.64 -6.73 8.77 -3.79 5.29 9.14 8.73 9.94 -7.80 4.27 -2.34 5.61 7.66 -3.14 5.15 -9.23 8.83 -3.91 5.30 -9.85 -9.04 6.53 0.02 -7.01 5.40 7.92 -5.04 -9.30 -1.60 -7.56 -9.35 5.49 -8.85 -8.50 3.34 3.90 -8.81 -4.44 -8.56 4.94 7.82 -4.65 0.02 -0.21 4.56 -4.09 4.90 -9.53 -2.20 -3.14 0.25 2.41 -7.80 5.37 4.52 -2.70 -5.42 4.17 5.92 -1.02 5.86 -7.99 -3.45 0.33 5.13 -4.25 -2.40 2.14 3.64 3.68 -0.50 -0.56 -8.08 -5.02 2.56 -3.52 0.97 7.81 -7.10 5.24 -8.27 7.51 -3.50 2.43 -4.20 -7.06 3.43 -5.34 -4.02 -5.57 5.05 5.80 5.21 0.08 1.20 1.34 3.59 -6.14 4.00 2.87 -2.85 -8.36 -8.05 -5.02 0.39 -0.28 3.71 4.70 -4.31 -0.35 1.55 
-7.80 -7.69 -0.95 2.08 -0.25 7.50 -9.44 -1.52 -5.99 -7.06 -4.20 8.25 -7.18 -6.76 9.05 -6.98 1.49 -2.85 5.16 -4.31 -2.69 5.38 1.51 -7.62 -0.21 -8.63 8.73 3.26 -7.11 -3.87 -9.47 0.66 -7.40 -5.35 -4.15 -5.20 -4.61 -7.59 0.91 -9.37 7.07 4.01 -3.91 -3.89 4.68 -4.79 8.44 -1.80 -0.34 -6.86 5.00 -2.35 6.95 4.28 -5.63 4.60 -5.40 6.38 -3.65 -0.19 6.92 -2.62 8.29 7.66 9.26 4.95 -4.46 -5.12 -0.61 -7.71 -6.27 -4.68 -5.07 -1.79 -6.13 -0.96 -5.78 3.49 4.89 -2.97 -5.57 -6.98 4.09 4.97 7.17 5.93 1.32 4.78 3.71 2.00 9.46 8.63 -8.45 9.69 5.24 7.68 8.07 2.89 1.28 2.22 -6.96 0.29 7.90 5.97 -6.29 2.80 5.91 -3.51 1.82 6.13 0.60 -3.45 -8.12 -1.38 5.17 -4.68 -6.85 7.02 3.02 -8.87 2.31 -9.25 3.99 -9.63 -6.69 -5.37 8.15 4.77 -6.24 -4.13 -6.20 -2.10 -5.71 4.63 5.91 -7.49 6.92 1.28 -4.09 3.41 -8.47 4.90 -5.91 -1.53 -3.53 -6.46 -8.47 -5.85 2.63 -1.28 -8.57 7.02 -1.65 3.99 -0.70 9.13 3.48 0.05 -5.78 8.27 -2.45 3.47 8.59 -7.30 -8.88 -3.14 4.22 -3.04 1.32 4.39 -1.54 -4.04 9.34 -1.68 3.31 4.17 0.68 3.24 9.86 -3.74 3.00 1.09 -8.21 7.16 8.86 9.45 9.72 6.57 -7.43 -8.52 -0.08 -8.27 -5.00 -3.26 -1.55 -0.74 -5.30 -7.97 -5.06 0.57 
-2.15 4.58 -1.40 -5.05 -1.25 9.42 1.68 -3.77 -3.13 -9.23 7.04 4.71 2.54 -0.86 -6.81 -5.06 -0.13 4.71 7.36 5.23 -9.21 2.64 0.62 2.69 5.21 1.59 1.05 -8.81 0.73 -3.98 -5.73 7.96 4.20 -0.52 2.66 2.31 -2.78 3.80 -0.37 4.53 -1.99 1.71 6.04 9.88 2.29 1.09 -7.56 -8.80 -8.68 0.39 -3.89 9.90 2.99 -9.52 5.32 -5.57 -3.02 1.94 -1.07 -4.07 -1.38 7.82 6.13 -9.95 -1.67 -1.39 -9.92 -3.88 -0.22 -3.27 -8.70 -3.17 3.69 -4.09 4.96 -1.78 -4.82 2.54 -8.93 -6.98 -6.05 -6.09 4.74 9.17 -6.40 -6.53 9.80 5.33 6.24 3.40 2.73 -1.86 7.87 -8.61 -8.16 -0.85 4.58 -8.82 -0.76 8.19 1.85 -7.51 -2.37 -1.45 -2.96 5.09 -2.73 1.16 -9.40 -8.47 8.34 4.80 -3.53 -9.16 3.16 -8.61 0.80 3.66 -2.89 7.34 2.88 5.47 8.41 -6.87 6.52 -0.03 9.10 -5.07 5.52 -7.04 1.17 -3.88 -1.29 -9.75 -6.18 -6.88 1.17 -9.42 -5.50 -4.03 -8.93 -1.60 7.13 -8.92 5.72 9.28 2.98 5.06 4.54 4.57 -7.95 3.92 -1.06 4.17 8.57 -7.19 -5.70 -6.89 -7.66 -8.98 -8.19 -8.02 -1.68 -9.17 -9.48 0.78 3.34 -9.58 -6.27 -4.54 9.27 -7.46 7.20 3.92 1.32 -4.71 7.26 9.56 3.26 8.54 0.09 -6.77 1.20 6.23 6.86 -9.52 4.10 -7.24 8.88 -3.47 -7.67 -7.85 3.72 -4.15 -9.15 -5.82 8.35 -5.71 9.81 -7.45 
2.97 8.37 -4.28 1.12 4.77 -3.56 4.18 1.51 2.71 4.42 -9.69 -6.91 4.39 5.32 6.93 4.25 1.16 4.95 7.11 0.29 7.85 -3.51 -5.21 -5.68 -0.93 -9.41 -3.85 1.85 -8.22 -7.56 4.06 -6.64 7.89 5.85 6.53 7.47 -1.24 1.63 -2.97 -2.84 -2.56 0.20 -9.95 5.80 -3.54 9.31 5.44 4.10 -3.93 2.67 3.41 -1.92 -2.57 4.90 8.72 -0.38 8.81 2.61 3.03 7.67 -1.50 -6.97 1.58 -9.91 -3.89 -7.30 7.24 1.50 6.66 1.70 -3.49 6.02 -1.37 -9.45 -7.46 -5.08 -9.16 -6.40 0.60 7.01 -6.88 0.99 -6.23 6.58 9.15 1.45 -0.10 7.78 1.03 7.19 -7.88 1.29 5.14 -1.01 2.84 -4.17 -4.44 -1.68 7.81 -1.01 -3.71 5.98 -2.17 -5.85 -2.82 2.63 3.06 1.73 1.14 -5.77 6.77 -5.01 0.03 3.66 7.06 2.82 -7.12 2.88 -9.40 3.05 -6.53 -4.90 1.22 4.28 2.16 -0.70 0.53 -6.22 -9.78 7.49 -3.42 8.39 -1.78 -4.25 -8.59 6.51 -9.94 2.08 3.77 -7.02 -7.48 -8.22 -7.88 8.74 2.80 -2.72 8.17 3.44 -3.20 -0.58 -5.94 -4.95 -9.94 -3.72 6.83 7.38 -1.81 5.80 -2.22 -3.22 4.88 1.12 -3.62 3.12 9.91 5.46 1.85 -1.72 -6.00 -6.33 6.95 -1.24 -0.65 5.87 4.48 9.21 -0.95 6.82 -4.59 -8.19 4.01 -2.83 -9.60 -1.27 -8.39 7.65 -6.06 8.02 -6.69 6.21 3.41 5.35 -9.13 -4.97 6.06 -8.22 2.42 4.33 -8.13 7.60 
-2.22 -8.78 1.45 -2.71 -4.64 -3.74 4.72 -1.78 -8.76 -2.62 2.77 7.55 3.75 1.18 2.77 -7.79 -1.33 -9.87 -0.98 -2.52 3.34 4.34 1.83 -7.99 -8.41 7.76 -3.06 9.28 2.23 8.37 -3.77 -7.37 8.82 -9.66 -3.41 -3.49 3.92 -1.67 2.65 0.13 1.48 1.27 2.13 -2.47 1.08 8.68 9.83 1.11 2.20 3.67 -5.63 1.56 -3.70 -7.29 1.51 4.02 2.46 -6.91 9.80 -4.63 -3.22 -1.95 -6.13 5.15 4.38 -2.23 -5.43 7.43 3.63 -2.35 -6.33 -6.55 6.07 5.84 8.49 -5.22 -0.08 2.64 4.01 7.08 9.28 -7.79 -8.56 0.56 1.14 1.38 7.50 -8.45 2.82 7.78 8.03 0.39 -0.46 9.81 6.38 6.56 -4.67 2.66 7.84 2.50 -6.89 -1.76 -3.64 1.22 -2.05 -7.43 -7.47 3.11 9.21 3.78 -5.40 -3.70 9.57 8.04 4.14 -1.99 -0.89 8.04 -0.53 -9.46 -1.09 -6.23 -6.50 -7.61 1.00 6.38 -0.16 -9.07 9.42 -6.92 -6.10 -2.07 7.62 7.98 1.56 2.91 -3.80 -8.06 4.89 7.66 -8.19 -2.08 1.38 8.76 -2.33 -2.12 -8.23 -4.64 -4.48 -1.99 5.91 -6.04 -5.55 -6.03 9.09 -3.32 0.76 -4.12 -6.90 -3.18 -4.22 6.58 0.55 -6.66 -5.41 -6.70 6.47 -7.90 2.57 3.08 7.87 -7.11 -1.20 -2.69 4.85 3.52 -9.48 -9.78 0.96 -4.52 9.41 9.39 0.11 -3.98 -6.37 -5.17 0.27 -9.01 7.00 9.13 9.42 -6.74 9.83 6.03 3.03 5.21 0.99 8.85 -3.07 -5.04 
-6.60 3.54 -9.46 -3.13 7.57 9.41 -8.99 -5.23 -7.82 -2.99 -2.05 -7.71 -4.31 6.58 8.95 6.99 -5.15 1.57 -0.71 6.84 5.19 1.87 5.30 -1.30 4.05 -3.08 -7.75 8.87 -4.59 4.80 -9.09 -4.15 8.08 2.19 -5.99 1.03 -1.13 7.08 1.48 1.69 -5.20 5.71 -9.20 -9.38 -9.65 -0.07 -5.91 1.36 -9.15 -9.48 8.73 7.61 -6.05 -6.06 -1.39 6.73 9.47 1.57 -6.68 -3.83 -7.90 5.25 7.54 0.09 -7.82 7.32 -1.96 -2.45 -5.38 -7.36 3.20 -8.19 8.40 3.03 8.00 -3.04 -2.34 -5.37 -4.15 4.43 -8.51 9.24 -8.55 5.58 -4.18 6.13 -4.07 -8.13 -3.04 -8.42 -4.38 9.10 4.92 -3.87 -3.46 -2.84 3.40 9.94 -4.11 -7.75 3.36 -5.07 -5.78 -2.24 2.09 8.42 1.01 9.08 -5.91 8.87 -0.97 9.97 -9.49 -6.73 -8.51 -2.89 1.87 0.29 -9.66 5.81 -9.55 6.71 -6.18 -0.56 9.07 6.22 7.77 3.89 -2.21 7.96 -3.72 6.17 0.51 -1.71 5.62 -2.89 -9.94 1.99 1.92 -5.20 3.88 -8.81 -9.44 -4.55 7.55 4.20 9.82 -7.55 -8.85 8.03 -7.50 8.43 6.56 -0.50 5.01 0.88 3.59 4.03 -1.90 6.24 -1.67 -6.05 -9.62 9.98 6.20 -5.17 3.37 9.53 8.50 -1.95 -4.45 8.10 4.80 3.43 8.59 -4.49 9.71 6.54 5.77 2.13 -3.34 1.83 4.77 8.14 -7.67 -0.81 0.04 8.57 4.59 -9.37 -8.88 -0.97 3.44 6.32 -7.18 -4.74 2.28 8.31 -1.24 -6.61 
-1.13 -9.24 -9.66 6.51 9.36 1.66 3.45 -2.94 9.78 -8.90 7.94 2.25 -7.16 0.32 7.36 -9.92 8.93 7.51 7.30 -8.80 -6.44 -2.31 -4.22 -7.39 7.56 -5.09 -7.90 7.49 -0.03 -1.40 -1.46 0.00 3.63 5.80 -0.89 -6.08 -9.86 8.37 5.02 6.88 6.43 -2.28 -4.29 -7.12 -4.59 5.84 2.27 -1.87 2.90 3.32 -2.63 -2.06 -6.49 7.07 -5.96 -5.73 -8.20 0.90 4.70 0.12 -1.07 -1.65 -3.01 9.69 -8.70 0.86 9.42 -5.61 -5.30 6.11 -3.38 2.82 1.31 0.08 7.81 -9.55 6.56 -8.76 -8.99 1.63 -6.93 9.24 -1.56 1.82 7.07 7.13 -9.00 4.71 -3.46 -3.96 9.61 -5.41 -8.47 8.41 3.37 7.91 -9.61 8.03 7.96 -7.20 -0.53 6.53 5.85 2.24 -8.89 -2.38 -4.39 -1.16 4.84 5.91 -4.76 -3.45 -7.02 -1.96 8.34 -9.54 -6.02 6.74 -2.40 8.06 -3.06 7.13 -5.23 6.65 -0.35 -1.02 -1.15 9.10 2.64 -9.33 9.68 -6.89 4.24 0.02 -6.69 -2.93 4.85 -0.40 8.05 -7.09 -6.47 7.71 0.91 -8.74 -4.41 7.17 -4.53 0.11 5.40 -9.63 -4.70 -2.93 -7.03 -7.87 -0.32 3.86 -0.97 0.83 8.49 9.38 3.10 -2.05 9.43 -6.80 0.49 6.53 -9.68 3.51 5.41 4.43 3.29 -1.83 1.46 5.02 2.80 -4.83 -5.05 4.69 7.03 -0.52 2.00 4.42 4.07 5.42 -0.58 -5.98 2.55 5.66 2.40 1.77 -5.53 -2.40 -9.80 -8.12 6.69 6.76 -5.46 7.51 -6.30 6.49 
-3.35 9.10 -0.16 -5.25 5.50 -7.90 8.83 5.85 -5.11 -3.56 -4.07 -3.04 0.03 -6.86 4.97 -2.95 6.47 -9.31 -6.06 -8.58 5.20 9.33 5.50 2.22 0.07 -6.70 7.57 -7.29 -3.81 4.37 1.58 2.09 -2.67 9.24 -5.59 -4.64 -9.62 -8.62 0.45 -6.98 9.99 -9.50 4.00 0.45 -8.24 -9.97 -7.83 -7.12 -3.30 3.06 8.95 0.54 -9.82 -6.18 2.97 -2.89 -4.54 -0.10 0.09 -7.71 -7.10 3.75 8.30 0.37 5.46 -1.50 1.53 -2.67 -6.47 -2.01 -2.91 -0.99 0.45 1.19 -6.09 -0.04 -4.09 -2.28 6.35 9.97 0.55 -7.04 8.92 1.18 6.01 1.92 -6.25 1.35 -9.69 -8.20 -1.38 8.22 -8.04 -6.03 4.76 9.87 -4.98 9.24 -5.31 0.10 -4.71 -3.04 -5.05 -3.15 8.95 -1.64 -9.41 6.91 -3.31 -2.85 5.26 3.09 7.75 -9.65 1.54 -3.67 6.58 -6.98 6.56 -8.02 -4.40 -0.50 -5.12 -0.98 -4.72 5.70 2.55 4.54 5.27 -8.78 0.29 -0.33 4.06 -4.82 -8.58 -6.87 2.98 5.84 3.60 -2.93 -1.77 6.56 5.84 4.63 -9.13 2.80 0.92 -0.25 -1.94 0.23 -2.15 5.55 -4.04 2.78 -4.34 -9.18 -6.17 6.29 8.93 5.01 5.07 5.80 7.34 5.24 5.78 -5.68 9.25 8.10 -8.31 5.22 -9.78 6.15 -2.36 1.30 9.58 7.32 -4.84 1.51 5.34 5.20 -5.13 9.74 3.65 -0.42 9.00 -8.95 1.72 -8.52 3.59 -2.18 -3.59 1.69 -3.54 6.83 8.11 0.64 9.88 2.29 -6.25 -6.63 
-7.12 8.40 -7.60 -3.52 -7.61 0.37 -7.25 -9.32 7.15 -2.77 -1.49 8.12 1.09 -9.72 5.44 5.50 5.30 -1.43 -3.76 2.34 8.32 -2.32 -2.49 -0.02 -1.32 8.35 6.86 8.72 -6.75 6.46 6.50 -7.17 4.02 -2.87 6.72 7.33 -3.95 1.31 -5.49 -6.67 -4.17 -5.55 -8.35 7.66 -9.82 8.65 -6.15 -2.06 5.51 7.71 -8.63 0.90 -0.20 -8.15 -4.46 -3.68 -5.21 2.22 -0.99 -2.69 -7.52 -8.00 -7.60 5.11 -4.89 -6.94 8.14 4.69 7.52 2.78 -5.70 7.30 -0.96 2.38 -2.20 9.46 -6.82 8.00 -9.67 -4.29 8.08 -0.23 -9.93 -6.48 -6.88 -7.20 -1.81 -4.92 -9.52 6.39 -0.69 0.30 0.66 5.21 3.35 2.85 4.03 9.86 -5.62 0.73 -3.08 -5.25 -8.10 -7.94 -6.95 4.40 -4.99 6.41 8.54 -4.58 9.40 0.81 5.07 -2.41 -0.63 5.92 8.57 8.42 -5.34 7.82 6.26 3.38 8.41 -9.86 9.61 9.25 0.16 -2.39 -3.97 -6.87 -6.80 -2.84 -6.47 2.79 -0.79 -9.39 3.52 4.78 -7.12 -9.64 8.51 1.86 -1.33 -8.39 7.49 -1.21 5.16 -7.92 -8.98 3.63 7.81 1.65 1.43 -1.61 7.55 2.94 2.33 -4.16 -1.09 1.74 -9.18 -6.46 5.64 -9.12 -2.85 7.91 -8.14 6.30 0.94 -4.81 -1.39 -6.47 -8.04 -4.18 5.52 9.81 4.75 2.45 -5.96 -9.33 -5.99 -7.20 7.95 -0.59 -0.51 5.36 4.08 4.71 1.83 -3.38 -0.49 3.97 -1.03 -0.43 7.18 3.55 4.37 -3.98 7.41 5.19 
5.07 8.42 5.58 -2.58 5.99 0.36 -3.44 -9.85 4.29 -5.87 4.85 4.63 4.57 -0.17 4.80 -2.59 -3.59 -6.15 -1.84 2.06 7.46 -2.12 -4.22 7.16 -1.84 7.74 7.87 3.96 -9.88 6.22 -7.59 1.08 -8.73 5.74 2.65 0.85 -3.67 -2.60 -9.08 -5.43 0.19 9.91 5.66 -5.98 -1.07 7.65 -6.51 5.10 -7.71 -4.29 3.76 -9.07 -8.43 -4.01 7.73 -5.44 -3.15 3.66 8.49 -6.38 2.50 -6.58 -7.72 -0.81 -7.52 -7.34 1.00 -7.71 -5.83 -5.20 -6.74 -9.40 4.21 -0.58 1.24 -5.26 1.58 -5.06 -4.02 -0.12 1.91 -3.17 -8.66 2.61 -1.61 8.06 4.60 -6.60 1.80 -2.92 -4.28 -3.25 -6.82 1.86 1.85 -9.55 4.95 3.32 -5.71 4.04 2.48 -7.47 8.25 7.90 -0.61 -8.30 -3.10 9.52 7.83 -8.08 9.53 3.17 -6.07 6.67 -5.84 8.11 -2.46 -7.43 -0.53 -7.85 5.79 7.80 8.26 0.01 0.66 0.02 -9.19 -2.25 8.43 5.36 4.49 -8.91 5.11 7.61 2.17 -5.51 9.65 -2.75 -0.55 8.99 10.00 9.31 8.18 -8.28 -8.11 -6.80 2.96 -4.73 -0.89 3.63 -3.67 -2.02 -1.99 -7.68 2.25 -9.85 -9.83 1.05 -4.10 -7.13 6.05 -0.41 -0.45 7.55 8.71 0.34 3.72 0.89 2.60 7.03 9.72 -2.67 5.21 -3.34 8.51 -6.99 0.92 -8.70 9.12 2.31 -5.80 -9.37 5.81 7.28 -9.09 1.25 -0.17 8.78 7.57 4.88 1.51 -3.00 -0.76 -8.16 -2.04 2.10 -6.33 -2.34 2.35 -4.64 
-1.81 -8.82 9.93 5.76 -9.31 0.43 5.14 -4.56 -0.87 0.12 0.48 0.56 -1.87 -5.61 -7.35 6.58 5.23 -9.55 -4.06 -9.54 -1.03 8.90 -0.92 -6.71 5.38 8.86 -6.36 -8.64 1.75 -5.80 9.89 -9.44 -3.28 6.82 6.66 9.92 -8.95 -7.59 -4.14 -5.77 -3.26 4.12 -8.37 1.70 9.98 9.65 1.16 -4.14 8.20 5.52 -6.00 0.81 -3.85 3.53 7.89 -6.14 -3.58 -9.79 -6.19 -6.18 -2.66 3.78 6.11 8.91 -9.00 6.10 -7.82 -5.65 5.05 -8.48 0.58 7.51 -2.97 -2.82 -8.60 0.07 7.96 5.38 -2.75 -5.89 6.00 7.59 9.51 -1.96 4.84 -0.83 1.71 -6.50 4.75 5.85 2.37 5.79 -1.18 -9.21 -8.76 3.00 7.37 6.37 -0.63 6.78 -9.04 1.71 6.96 8.07 0.47 -7.58 -6.13 -1.97 9.69 -9.94 -4.24 0.09 0.46 -2.67 1.16 1.14 -0.02 4.62 3.83 -7.15 -3.20 -4.87 -5.51 3.10 -8.49 -8.37 -8.63 -3.83 -2.80 -8.67 6.19 -4.81 9.95 -6.28 1.82 4.90 9.38 -2.58 -5.98 -8.37 -2.66 -9.60 6.43 1.83 -9.93 1.70 -6.77 -8.23 4.83 -9.53 8.20 1.68 -9.45 -8.28 5.84 -9.04 -3.07 -0.38 7.46 8.97 -3.62 5.56 -6.90 9.37 2.94 8.73 8.99 -7.79 8.10 -6.30 5.35 -1.33 -0.82 -3.43 -1.99 7.71 -0.96 9.17 -0.67 5.33 3.38 2.51 9.72 8.53 8.38 -7.75 4.06 -4.29 -4.92 -3.16 -9.48 4.56 7.68 -1.39 6.40 6.41 -4.97 -0.55 0.53 2.86 
7.37 6.47 -3.07 6.52 -1.27 -6.11 7.91 -6.16 -4.30 8.96 1.95 -4.44 9.35 1.80 5.02 1.05 6.66 0.80 6.00 4.74 -0.70 -2.27 -1.15 8.37 1.96 8.71 3.62 1.26 7.39 -9.70 6.82 -1.71 -5.92 9.05 -8.80 -9.15 -3.57 -8.18 -2.23 8.03 7.37 -0.24 -9.67 -6.57 1.26 8.80 0.82 -6.30 -7.26 6.11 4.47 -6.08 -9.02 2.68 -5.21 -4.02 3.73 -7.56 -2.73 -6.00 2.94 -6.43 3.30 7.82 9.46 8.44 -8.81 0.66 0.13 -0.51 -9.62 -0.08 5.48 -5.98 6.95 7.22 -1.23 -3.62 -3.24 -9.41 8.11 7.19 -0.89 -5.65 -8.13 -4.86 -6.23 -2.29 -1.13 -3.49 8.85 -9.73 2.76 -7.63 -1.24 -9.96 -3.98 1.74 -4.24 0.22 1.63 3.39 2.57 -1.60 -6.95 -7.71 -2.22 4.88 8.40 4.31 -4.55 1.18 -5.74 -4.75 9.68 7.95 -3.61 6.63 6.05 -6.72 -2.32 -4.10 2.63 5.65 -3.69 -4.09 -1.44 -7.43 0.23 -6.51 5.98 7.31 5.11 -4.18 -8.62 9.11 -7.50 3.95 4.87 3.14 7.98 -3.31 -5.68 -8.23 5.47 4.20 3.38 -5.69 -9.52 -3.01 -4.82 8.99 -6.99 -0.44 -7.01 5.49 -4.27 6.05 -1.85 1.14 -8.57 2.54 9.76 7.05 -4.91 4.45 -4.23 -5.20 1.14 9.44 -3.18 -5.18 2.13 -1.66 -6.33 4.29 -6.38 4.21 7.93 -6.40 3.93 8.85 3.34 6.07 7.89 -0.12 6.45 -0.90 3.82 -0.61 3.26 -7.86 4.68 0.98 -7.81 -2.35 6.35 -1.19 -7.33 6.38 
9.23 6.45 1.97 5.72 -0.07 3.49 -2.16 5.85 -1.65 3.27 5.25 -8.37 -6.19 7.72 4.30 -6.75 -9.15 0.88 1.30 -5.89 -9.60 9.78 8.37 7.33 1.21 -9.26 -6.43 6.94 5.90 8.96 5.74 -8.64 -2.32 0.37 2.96 -3.05 6.94 -8.15 3.68 -6.27 -3.61 8.65 -6.35 -7.41 -3.08 -5.90 -7.18 -8.09 7.20 0.48 1.76 9.57 0.71 -1.36 -3.01 4.97 1.25 -0.27 -2.80 5.09 -4.94 1.78 -7.91 6.65 3.16 -7.23 -6.80 -8.29 5.16 0.71 -5.43 -4.16 -7.50 -2.28 -9.36 -0.25 -0.94 -6.25 -0.93 2.76 7.22 6.95 -6.59 -8.88 0.49 8.36 -3.98 -3.82 2.06 -7.18 -4.36 3.99 6.31 7.80 -3.52 -8.64 7.68 -6.33 0.58 3.00 1.24 2.99 -8.29 -5.95 9.34 5.12 3.59 -0.26 9.60 7.84 2.37 0.02 -6.52 -1.46 9.29 -3.59 -2.31 0.07 8.79 7.65 9.13 -8.09 -0.37 5.74 5.84 0.39 6.81 6.21 5.69 -7.27 -2.00 6.40 -6.49 5.58 -3.52 -8.02 -1.07 3.65 -9.75 3.89 8.69 4.05 -0.74 -5.36 -6.89 2.50 -2.59 0.33 -9.99 -8.81 -9.64 9.06 2.40 0.87 -6.78 -8.47 1.77 -7.02 1.68 7.45 -9.26 5.83 3.79 2.26 9.38 3.54 2.84 -1.88 3.42 7.08 -1.06 -2.92 -1.10 0.92 1.08 0.78 1.60 3.35 4.11 4.46 -3.54 -4.50 -3.23 5.16 8.94 -0.62 -0.31 0.38 -9.33 -5.50 6.31 1.35 -6.05 9.75 -3.43 8.38 7.83 0.48 -8.70 -4.29 
-9.73 -7.38 1.15 2.98 -1.41 -5.90 -7.13 2.17 1.38 0.12 9.87 0.24 -1.32 8.74 -6.80 7.18 3.14 4.82 -6.84 4.44 9.74 -6.56 8.97 -7.80 -2.39 4.88 9.46 8.52 2.55 -2.93 9.90 6.30 4.11 0.47 1.44 -4.01 -7.89 3.66 9.38 -9.08 4.82 7.10 -3.31 2.69 -3.28 8.56 6.96 -9.79 -1.81 4.70 -9.23 -2.74 -2.11 6.18 -6.34 -6.48 4.24 -8.78 8.46 2.15 9.18 5.12 -3.27 -0.43 4.62 7.46 -4.22 6.75 -4.69 4.91 6.07 -6.77 -9.73 7.54 -4.58 -1.90 0.94 -9.87 6.28 4.53 0.34 4.22 -9.47 8.90 3.30 -6.25 9.35 0.07 -5.48 7.30 -6.44 -5.20 3.13 -6.34 -5.12 1.73 -8.97 3.06 2.95 -9.47 5.21 3.94 0.88 8.99 -9.22 -2.81 7.37 -2.94 -9.06 -7.72 7.87 7.41 -3.85 4.03 -0.34 -4.17 1.12 -8.83 -6.02 1.59 -1.32 -5.04 -5.30 -0.75 3.98 2.07 -2.63 3.76 7.68 9.74 -6.57 -2.10 -8.32 7.97 -7.78 1.73 9.96 2.98 6.24 -7.86 -9.93 -6.75 -1.37 -6.04 0.42 3.68 -5.10 -2.81 -4.01 -1.01 -9.85 -9.08 8.49 -1.89 -1.63 8.39 -4.74 8.76 -2.74 -0.87 4.21 9.29 0.44 4.63 6.53 -4.60 5.35 -4.05 5.70 4.51 -8.07 -9.26 6.09 -8.78 -3.73 6.67 -0.62 -1.32 -6.31 9.93 -8.17 -1.24 4.13 -5.33 -4.57 -2.80 -6.66 8.18 -2.74 -6.86 8.20 9.65 -6.28 -3.94 0.58 -1.22 5.57 4.93 -8.74 5.96 
5.45 -4.67 -1.53 0.28 -8.59 -0.39 -9.34 -2.38 -4.70 8.95 -5.98 -7.61 9.35 8.35 -5.33 -1.22 -7.96 3.96 9.12 -4.41 -0.93 -9.97 -3.53 4.75 4.67 8.43 8.16 2.31 -8.09 8.35 -4.89 -5.70 -1.29 2.28 8.16 1.23 -4.91 8.22 -6.45 9.15 3.53 8.95 -8.32 3.36 -5.43 0.57 -3.68 -7.30 7.26 -5.22 3.63 0.52 -2.84 -9.15 -3.42 9.73 -9.34 9.00 0.55 6.08 -8.02 -9.26 -6.23 -4.93 -3.57 2.45 -8.80 2.11 -9.06 0.97 0.08 -1.93 -8.03 8.67 -0.79 -8.20 7.69 -5.40 3.83 -2.23 -0.57 1.11 2.08 -0.48 1.46 1.57 -3.19 -2.35 -4.99 -3.99 3.20 8.05 -2.03 1.73 3.88 -8.45 2.98 9.42 6.11 6.06 -3.21 6.80 -2.46 6.19 -0.13 5.65 8.40 -4.03 0.98 -5.40 -8.67 9.31 -8.06 -6.57 9.56 4.38 -2.38 9.69 -4.31 0.29 -9.52 7.15 -6.43 -0.29 4.64 -9.77 2.47 6.70 7.09 -1.89 7.90 -8.89 4.54 9.33 -0.71 -4.27 1.57 -2.81 -3.38 -7.40 -7.17 4.52 8.89 6.95 2.29 -6.23 3.59 -0.03 -2.17 -0.01 -1.55 0.88 6.29 -6.14 -2.81 7.20 -9.13 -0.28 -3.56 3.37 5.37 3.88 7.32 0.54 1.64 -8.69 7.81 -7.54 4.70 -2.67 -2.57 0.19 -2.55 1.86 4.37 5.96 -1.17 3.26 4.44 -5.03 9.45 3.44 9.52 -6.97 -8.01 8.54 3.48 7.87 -8.46 -0.11 7.72 1.38 6.30 8.47 -9.86 1.41 -4.00 -2.39 -4.58 5.34 
-7.73 0.19 9.10 -6.52 -8.10 -2.15 -8.40 8.72 6.62 6.71 6.45 0.86 7.40 4.30 8.32 8.78 -9.15 -8.69 -8.38 6.49 -5.65 -0.59 4.58 -1.09 -2.20 5.03 0.97 2.71 7.04 2.57 2.72 -6.66 -2.71 -0.52 -4.54 -4.52 -6.95 7.50 1.07 -3.50 -1.54 -8.42 -9.85 -5.59 -9.72 -9.21 0.93 2.86 2.48 2.76 -7.27 2.91 -0.10 -3.92 -2.70 4.12 1.26 3.63 -4.63 -7.68 -2.19 -1.46 -2.82 5.59 5.32 0.93 -9.18 8.89 4.05 0.03 5.04 -9.82 -7.62 4.90 -9.49 -0.16 -7.67 5.79 -7.53 -0.21 9.11 9.06 0.04 0.84 5.95 -8.33 5.40 -3.58 -8.65 7.30 -2.41 -4.07 -1.56 -0.33 -4.23 -6.27 -7.86 -1.72 -9.79 8.61 -0.93 -1.25 3.09 0.88 1.63 -7.59 -9.76 -6.52 0.35 -9.55 -5.52 -0.48 -6.99 -9.22 2.93 1.34 1.66 -8.31 -4.87 2.00 -1.87 6.83 -7.48 -4.47 -3.26 -8.48 -9.02 -8.22 6.34 7.38 5.81 4.49 0.72 2.07 0.16 3.72 6.50 -4.43 -1.50 1.38 6.73 5.23 5.43 6.96 -3.71 7.05 9.71 2.01 -6.21 2.47 0.48 0.25 9.73 9.09 -2.11 3.04 8.65 0.62 -3.43 1.02 1.45 1.73 -3.92 5.83 4.35 3.65 -9.01 -7.78 -7.41 9.13 2.81 9.19 -7.08 -0.55 0.22 -4.53 -8.46 -5.55 7.45 9.85 7.34 -1.68 5.59 -4.30 4.58 -9.21 -4.16 6.18 5.57 -3.50 -5.03 1.59 9.15 -6.51 6.47 6.35 3.27 6.96 -4.75 -9.22 
-1.25 3.75 -2.61 -5.00 -6.62 -3.29 7.53 -2.51 -7.51 0.50 0.16 7.58 -2.23 -2.01 0.83 9.18 2.11 -6.37 -7.73 -5.15 9.01 6.66 -8.19 -9.25 -3.19 5.98 -1.36 9.27 3.37 -5.82 -3.75 9.96 0.57 -6.96 2.21 7.94 2.98 -4.38 -6.96 -3.54 5.00 -0.79 4.81 5.60 9.69 -8.63 9.26 0.18 4.07 -5.02 -0.54 5.56 -6.78 3.78 -0.50 -5.47 2.81 3.17 -2.51 -5.54 9.69 -8.98 -0.80 0.87 1.10 -0.33 1.69 -7.20 2.41 -7.68 -4.38 -4.99 -1.52 -2.51 4.92 -7.10 -5.71 0.89 7.20 4.20 5.95 8.40 -0.01 4.32 3.62 2.42 0.44 -5.10 7.82 -8.85 4.52 9.12 9.39 -3.11 9.09 -8.32 -6.27 1.01 9.41 2.69 -5.85 5.46 -5.81 -8.95 -1.18 -4.54 4.05 4.07 -2.84 8.27 -6.03 -6.38 5.97 -2.30 -3.65 -4.71 -2.98 -0.14 -3.59 -3.24 8.96 -1.30 2.02 -6.46 -0.18 0.62 0.77 -7.47 1.24 7.85 -9.35 -3.29 3.40 -9.64 6.16 -9.90 -4.06 -8.57 9.70 3.76 6.41 -0.80 0.08 0.55 -7.15 -7.80 -7.76 -3.93 7.88 2.34 -0.81 0.75 5.79 9.65 -0.38 -6.75 -2.75 -2.00 2.63 2.20 2.82 -7.40 -7.11 -3.74 5.62 5.51 -5.66 -3.31 3.94 -1.16 6.37 5.23 -2.55 -6.59 -9.49 8.09 2.09 5.33 6.74 -0.53 9.99 -4.32 -5.97 7.58 -1.89 -1.27 2.18 -8.25 -8.23 1.46 -7.43 -7.10 9.34 2.43 1.25 -9.42 -3.24 5.40 -7.70 7.07 
3.19 -1.64 -2.17 -9.47 -9.37 -7.34 -2.67 2.96 3.68 -7.80 -8.07 -6.37 -8.94 1.00 -5.21 -0.88 -9.39 -6.06 9.27 -7.90 8.55 4.15 -4.03 6.84 7.90 -9.36 -5.30 1.98 8.31 9.34 -0.39 3.41 2.47 -3.52 0.07 3.16 -1.46 8.55 2.01 -7.41 1.65 4.63 -3.81 -0.68 -6.86 -8.02 -1.26 6.58 2.90 7.94 -9.64 7.97 9.67 7.19 -4.60 8.56 6.67 9.05 5.69 -0.04 -0.30 3.10 -7.18 6.40 -3.41 -3.35 9.22 -2.00 5.30 -2.59 -2.92 5.70 0.21 7.10 -0.27 4.54 -4.13 3.75 7.95 0.16 0.53 -3.24 5.79 -4.73 9.94 -9.97 6.68 6.71 -2.04 5.13 5.94 3.27 6.00 2.93 9.40 -6.32 1.14 2.42 -3.38 6.71 9.98 -1.45 -8.66 -4.35 -0.08 1.26 4.56 -4.47 0.57 -4.92 -3.22 7.47 8.33 1.15 9.28 5.17 -4.46 4.82 5.70 1.63 6.79 -8.56 -4.02 -7.76 -3.25 0.03 2.34 -8.05 -6.43 -5.25 3.23 4.69 -1.19 0.01 2.58 3.44 -7.14 -7.96 3.73 -5.66 -6.61 8.46 -8.19 2.49 -1.70 7.69 -1.07 -9.05 -1.00 4.07 4.54 -0.57 -9.92 -6.07 -1.55 7.24 -6.29 -9.12 2.54 2.74 -2.02 9.56 8.13 3.07 5.01 0.51 -3.32 -9.61 5.60 2.86 -7.67 6.38 -1.31 8.85 -6.62 -9.87 -1.70 5.40 6.90 8.82 0.80 7.58 -3.76 7.08 2.04 6.84 -9.70 -6.02 5.72 2.01 5.26 -9.91 -9.14 2.41 7.11 9.01 -8.58 3.41 8.84 -2.53 
0.29 -2.01 5.53 -9.04 -4.83 -8.10 0.26 -6.75 -5.02 8.23 9.40 8.65 5.65 -5.37 -6.48 -5.10 8.36 7.14 -9.09 -1.26 9.31 7.41 8.45 2.84 3.20 7.48 2.06 1.33 -7.52 9.86 -4.72 7.74 -7.48 -4.73 -2.35 -3.80 2.73 -8.57 8.41 4.97 -7.77 -9.49 -2.96 0.81 -8.70 -1.33 -5.08 -9.68 -4.53 -7.26 2.23 8.19 -4.81 2.24 4.90 8.47 4.42 7.44 -4.48 -6.86 9.72 -7.76 7.18 1.14 3.87 4.62 2.47 -7.09 9.11 5.52 7.29 3.79 -9.34 3.91 5.65 1.78 -2.39 7.62 -9.40 0.75 -3.44 2.85 9.53 -7.78 -5.17 -9.23 -5.97 3.92 -8.38 -5.80 -3.88 4.79 4.79 0.35 -3.70 9.61 9.34 -7.47 -9.06 -0.73 2.18 -3.68 9.79 -9.19 -4.92 0.99 -3.57 0.23 -8.62 7.21 9.10 -1.57 -4.60 -3.23 -9.39 6.14 9.56 -9.67 1.14 2.79 -8.07 -4.20 7.94 -5.98 2.77 -3.34 8.75 7.17 -9.11 -5.14 7.48 9.49 -1.88 -3.14 2.45 -3.76 1.25 -3.31 7.98 1.33 0.60 -2.53 5.33 -1.00 7.66 -0.70 3.13 7.23 4.56 -8.36 7.50 -7.77 -0.43 6.92 -3.64 4.94 -4.48 -1.81 4.37 8.66 -9.59 -2.09 -1.87 3.09 4.33 -5.01 -1.02 -7.98 -6.92 -4.41 8.60 -1.37 1.36 -4.27 -4.22 -4.64 -5.57 5.50 -1.31 8.76 5.00 3.65 6.53 6.12 9.24 -6.37 -3.11 9.74 6.29 -6.13 -6.68 9.65 -1.50 2.39 0.24 6.45 2.45 -1.20 -3.77 6.73 
-1.71 -6.99 3.12 -3.43 1.55 5.14 -1.67 0.57 -6.07 -0.11 1.06 6.31 -8.46 -6.97 -0.02 2.26 -6.22 7.29 -5.55 -7.22 -3.57 5.36 -4.23 -4.23 -7.64 7.64 -7.99 -4.14 2.50 -4.05 -3.67 5.63 5.66 -9.78 -8.20 9.31 0.73 -8.74 2.93 6.35 -5.50 7.67 0.59 -2.66 0.79 8.38 4.39 5.88 0.64 -3.01 -7.06 1.03 7.52 -3.79 -6.45 -8.90 -7.44 1.72 8.24 -7.13 9.72 -2.95 3.52 8.40 -5.42 3.15 -1.07 7.35 5.98 0.20 -2.38 -6.35 -4.44 -8.34 1.80 -5.24 5.53 4.04 -2.99 -7.06 -7.81 -7.06 -7.08 -0.42 -6.33 7.56 9.20 9.20 -9.45 9.69 4.48 -2.77 -6.67 4.39 -2.18 -4.38 -1.11 8.71 8.64 -7.31 0.92 -6.51 -0.23 2.31 -1.04 -5.51 -3.21 2.79 -0.70 -5.75 3.23 9.25 -7.06 1.68 9.76 1.32 7.03 -7.87 8.54 -7.35 -3.12 5.41 -0.44 3.76 -0.89 -9.14 8.23 -4.29 -7.67 8.29 -9.92 5.17 1.48 7.92 -4.89 -9.99 -4.72 3.88 7.51 5.88 -9.39 -0.98 -4.53 -9.58 -2.47 2.52 3.05 -4.26 6.81 -1.30 0.95 5.34 8.81 -2.77 7.33 3.42 -0.40 -3.12 1.37 3.52 -6.23 -5.41 -7.42 -2.01 3.68 0.34 2.11 0.36 -9.95 -1.89 9.69 -3.56 2.67 4.82 0.68 -0.75 -7.17 3.01 3.58 1.67 0.84 -9.77 9.99 8.79 8.36 5.31 1.28 2.35 -7.71 -9.53 9.99 -6.47 1.53 -9.21 9.68 2.64 -1.34 -1.32 8.82 -9.56 
5.81 0.94 8.81 5.43 -9.71 -7.44 -1.72 -8.09 -9.63 3.27 -3.10 -1.05 5.95 2.14 5.04 -3.71 -5.13 3.76 6.04 5.02 -8.90 6.80 5.91 2.66 -7.16 -8.08 -8.41 3.66 -5.36 -8.59 -9.73 -7.42 -5.14 -4.45 5.15 0.78 -3.19 -6.26 1.02 -5.81 6.38 -3.39 1.91 1.92 -8.05 -0.52 -2.65 -8.73 -2.03 -0.62 2.09 -7.97 6.43 -5.65 -3.17 -1.24 -2.35 1.98 8.38 9.93 6.72 5.38 2.58 5.22 0.46 -8.18 -2.39 5.59 -3.42 4.45 0.60 7.24 -5.17 -0.74 -2.40 5.38 9.11 -9.66 -5.02 9.29 3.73 -0.31 2.82 -7.52 1.66 -8.55 -8.71 7.51 -2.48 6.73 5.66 -9.20 9.49 0.64 8.12 -1.94 -5.73 3.34 3.25 9.95 6.76 5.60 7.30 -0.65 6.79 8.04 -7.51 8.45 8.17 2.95 -9.22 -1.07 -2.92 -8.52 3.24 -2.27 -8.62 -2.68 -1.24 -9.03 9.83 7.73 -4.55 4.14 -7.71 -2.69 -5.12 -4.72 8.41 7.75 0.77 8.68 -1.95 4.62 -8.43 -6.47 2.08 9.90 6.81 1.72 -9.36 -3.68 1.98 -2.20 -2.48 7.63 7.28 -5.61 -5.91 9.80 4.43 -5.78 2.46 8.65 2.93 -0.94 -0.42 4.68 8.12 3.72 -4.32 7.46 -3.17 6.35 5.42 -5.06 -0.96 -3.62 6.58 -3.12 9.95 8.52 -6.04 6.76 5.47 -4.47 -5.51 -0.49 8.28 4.67 -2.33 1.69 4.61 8.65 -9.59 9.32 -3.72 9.24 -8.82 -1.27 -1.65 -4.35 5.62 0.09 6.64 7.15 -3.79 -2.27 0.33 3.21 
5.29 -9.54 8.16 -6.84 -6.46 4.93 4.56 4.58 5.39 -4.71 2.49 4.89 1.17 -0.30 1.60 1.32 4.11 2.44 -1.42 5.59 0.83 1.26 -1.79 -8.14 -2.71 6.09 -8.12 -4.03 -5.87 4.82 -2.43 8.73 0.90 -4.81 6.98 0.29 -3.48 -0.41 0.49 6.00 -8.64 -9.10 0.93 -2.14 -1.59 8.75 -9.08 -1.70 -3.66 7.52 -4.40 -6.71 -5.44 -2.74 -6.79 -8.83 4.80 0.28 6.76 -2.78 1.01 -1.57 3.73 -4.30 -7.64 -1.47 4.85 0.82 -5.44 -5.52 -9.81 6.67 -6.59 -1.80 -1.22 -4.35 1.86 9.15 -6.94 1.26 7.76 7.14 -1.24 -2.03 9.71 -8.72 -5.81 -2.43 -8.74 3.53 -4.52 6.84 -4.08 -8.92 6.38 -6.55 -7.66 -0.07 4.73 -5.22 -9.09 -0.47 -1.68 -0.75 -4.32 -5.16 -3.88 -4.13 -0.90 -1.37 0.98 3.71 0.68 3.07 2.93 1.49 2.64 -5.66 9.66 -3.89 -1.99 -8.00 4.77 -2.82 2.47 -7.51 7.31 -5.16 0.48 -7.53 -4.06 -4.28 -3.26 2.13 0.96 -4.24 7.38 -7.08 1.20 5.16 -0.81 -9.23 3.04 9.54 9.53 -1.20 -0.33 3.76 3.53 8.45 -4.56 8.69 -5.29 -3.83 8.07 0.52 -5.57 1.68 -2.14 -6.44 7.51 3.35 -6.51 7.68 -9.82 -2.94 -5.16 -9.92 -1.28 1.70 7.06 8.10 -8.30 -9.47 1.35 1.54 -7.26 -7.68 -4.57 0.64 -5.96 3.26 3.16 -9.79 -5.46 2.91 -1.00 4.52 -3.46 9.50 5.64 6.11 3.00 6.38 1.57 -2.64 -9.99 1.19 -7.93 6.44 
1.00 -2.81 -0.13 -2.58 -0.33 -4.89 -6.99 6.56 7.44 -7.39 -7.64 -4.26 -3.37 -2.19 -0.74 6.55 -1.41 2.85 5.32 5.48 5.26 -2.07 2.21 -3.16 3.35 6.73 -2.92 3.37 -0.45 -0.69 -4.81 -4.50 -7.11 2.66 1.29 5.77 -8.65 7.59 -4.27 6.64 3.72 -6.13 5.52 -1.41 -8.10 -9.93 -1.63 -6.92 8.58 -1.79 -8.76 -1.60 9.27 -1.25 -2.98 0.15 -5.36 -9.97 3.17 -0.45 9.15 -0.88 -1.51 1.20 9.61 -0.35 -8.50 1.81 -9.63 4.63 7.02 1.06 -5.84 8.44 -2.50 5.85 -9.48 8.36 10.00 9.24 -1.83 -9.19 -5.20 5.49 -6.49 -4.45 7.96 0.51 -0.94 -4.48 -5.28 -3.20 -1.34 4.93 -2.76 1.73 1.56 3.40 -5.11 4.90 1.14 -3.28 -5.56 -2.11 4.31 -3.53 -9.60 7.51 -5.86 -0.82 -0.05 9.27 1.88 2.40 2.51 5.30 9.68 5.86 -4.35 9.38 0.71 -2.72 4.34 -5.63 -2.59 4.36 -6.58 5.61 -0.32 -6.26 -2.34 -3.55 6.74 4.48 -9.66 -1.50 -1.73 -1.77 -6.24 0.34 -5.34 -7.68 -5.36 -4.74 1.12 5.69 -2.02 8.03 -4.48 -0.59 -8.82 -8.78 -4.19 6.02 -5.64 -2.37 6.74 1.00 7.59 1.46 5.30 1.30 8.73 8.58 -0.39 7.77 0.82 -3.95 -7.11 -6.95 2.62 7.09 -7.09 4.74 5.60 -8.19 -1.72 6.60 6.19 9.44 -4.32 -9.37 -6.80 0.88 -8.24 5.32 -1.67 -3.16 9.48 9.93 4.05 3.22 8.85 -7.14 -6.38 -7.79 -0.68 -3.14 6.93 -6.18 
0.21 0.08 -1.85 2.80 1.65 8.48 -9.66 3.56 -10.00 -7.90 -2.57 2.10 0.71 -9.79 -8.96 7.19 9.92 8.65 1.06 -5.09 -5.49 -5.00 7.86 3.18 1.41 -1.40 -9.85 -8.46 6.74 -7.57 9.15 5.58 9.78 0.21 7.75 -9.38 1.88 5.57 -7.02 2.04 9.70 3.33 1.63 -1.52 -7.99 -8.51 5.57 -9.98 -5.98 7.08 3.67 8.52 2.46 -8.86 -6.39 -0.84 6.30 5.43 -5.88 5.12 2.10 4.51 5.82 1.89 3.60 7.20 6.78 -9.17 -6.14 2.53 8.37 -6.51 3.52 -3.25 -6.34 -2.89 9.13 -5.47 3.63 3.56 -3.02 4.93 4.89 -3.58 4.22 -3.37 4.34 8.81 5.63 -4.09 -8.22 -6.58 -6.86 -9.70 -4.44 4.34 3.59 -6.87 6.90 4.94 1.52 -0.18 -5.85 -4.03 7.04 -5.21 2.98 -5.38 -0.15 -7.95 4.37 2.24 5.82 -4.56 0.46 8.38 -4.45 -0.86 6.69 -0.11 0.78 -4.18 -4.58 5.71 -6.33 -4.20 -4.71 0.04 -9.10 -9.39 3.39 -6.17 7.01 2.90 0.53 -7.77 5.44 6.91 -0.57 -0.93 -9.32 -6.96 9.56 -8.94 9.81 -9.75 4.57 -8.83 -8.49 5.55 4.36 -3.52 -2.52 -7.81 5.67 3.78 -2.76 1.74 5.52 7.35 -3.92 -3.09 7.69 -0.69 -9.93 1.12 7.41 -8.86 2.18 -2.32 -7.66 2.84 7.33 0.59 -3.37 9.30 -3.38 1.54 -6.30 -0.40 7.36 -8.81 2.37 5.79 -2.60 -0.74 7.42 0.45 -0.29 -5.96 -3.30 -9.03 -1.72 3.40 9.40 -9.98 6.26 0.13 -9.92 3.14 
0.68 -1.51 -7.19 6.95 3.05 -7.52 6.87 -6.26 -1.66 -6.74 -0.69 9.29 8.93 -8.44 -5.56 -4.55 6.73 0.53 -5.32 -8.93 0.24 5.01 -3.41 1.14 8.15 6.61 -5.53 9.74 -3.71 -2.40 -6.80 -6.32 0.20 6.64 -6.56 -7.36 3.54 0.13 -0.45 8.75 -7.84 -6.79 4.16 -2.50 7.51 8.28 4.73 -0.67 4.14 3.53 -9.04 1.94 6.73 -0.82 9.73 7.42 2.67 8.76 -9.54 0.37 -9.24 -8.15 8.55 5.85 -7.79 -6.50 7.00 5.31 -5.06 1.76 5.44 1.49 -3.90 -5.71 -0.99 6.46 -3.78 -3.07 9.20 -3.32 -7.25 4.94 -9.72 0.91 6.05 -4.16 9.77 -5.13 -5.13 -6.19 -5.11 -5.41 -9.76 3.92 7.16 -6.62 1.87 -8.63 -4.49 -3.25 -4.31 -4.72 -5.49 0.79 -2.31 0.25 7.94 -5.71 -4.90 8.92 -6.08 6.78 -7.75 -6.03 -2.29 -9.60 -5.73 -0.47 8.35 -2.95 -5.27 4.14 7.04 8.74 -4.79 -1.29 -1.18 -4.79 9.50 4.75 -8.12 4.24 -5.22 9.68 -3.57 7.56 4.04 -1.27 8.69 7.06 6.62 7.50 1.58 -3.16 -6.08 9.87 5.85 -1.12 5.89 -3.78 -1.04 1.25 -2.28 8.92 9.25 -5.51 -6.34 -7.64 7.08 -8.27 8.92 -1.53 -2.58 -2.44 0.11 9.17 9.32 -7.31 5.41 8.63 -5.89 7.15 7.23 -8.04 -4.46 1.77 2.38 -9.60 -5.18 -9.37 -9.52 -9.22 -8.88 0.91 -9.29 -8.47 -4.16 -8.88 -3.73 4.20 0.95 -0.48 -4.06 -4.00 -3.05 5.54 -6.33 3.03 -7.21 4.44 
0.89 -1.20 9.38 4.72 4.41 -1.14 -8.09 8.99 9.93 -9.22 3.06 4.73 6.49 -0.64 3.54 1.83 -9.16 -4.92 -2.76 0.98 -2.65 2.30 7.92 7.96 -5.27 -2.28 9.51 5.49 -6.52 -5.34 -7.76 1.80 3.52 8.84 4.43 -6.73 -3.63 -8.37 1.55 4.26 0.96 -3.97 1.40 -2.12 -3.10 2.50 6.19 -6.54 9.05 1.53 3.10 8.69 5.03 -5.85 3.49 2.23 -5.94 1.35 -1.77 -6.30 -6.11 -6.78 -5.00 7.91 7.16 3.34 4.11 -4.41 -4.92 -0.24 0.87 -6.10 -0.33 6.42 -1.30 -7.74 -2.54 -1.94 -6.77 6.80 -0.25 6.02 3.72 -4.14 0.35 7.70 -7.34 0.94 -7.15 -1.72 -6.22 -5.75 0.60 -1.77 -9.10 5.67 7.09 -6.79 4.53 8.75 6.97 3.90 8.33 -6.79 -1.06 1.92 8.11 6.00 2.38 -8.21 -8.06 -0.01 -6.01 4.30 -6.39 5.13 1.29 8.49 4.05 8.18 7.98 2.72 4.28 1.41 3.60 -7.11 -0.66 8.68 1.94 8.88 -8.28 -2.35 -5.04 5.06 6.94 6.36 -2.86 -6.18 3.68 -6.54 4.78 2.92 5.20 9.99 -3.41 -5.00 -6.07 1.47 -9.98 -7.10 -3.46 5.15 -1.51 -8.37 1.05 -6.19 1.74 -4.66 2.70 2.49 8.51 3.96 -4.80 -3.90 -3.00 1.45 8.96 6.06 -0.45 -4.98 7.38 -8.51 9.58 4.69 -9.08 6.11 4.65 3.11 7.10 -0.63 6.42 2.28 4.61 3.58 8.25 8.63 2.89 9.13 3.44 0.91 2.82 6.76 -6.27 5.12 -3.58 -8.19 2.16 6.53 7.94 -5.26 
6.20 4.05 1.90 7.86 -0.95 0.44 0.03 -5.06 0.14 -2.26 -8.34 -7.13 -5.19 3.67 5.56 -4.70 6.87 -7.50 7.36 3.13 3.18 -7.04 8.78 -8.68 0.81 0.92 7.84 -2.56 0.09 7.72 -6.57 -9.20 -3.95 -8.49 -5.63 -7.34 7.00 0.88 -2.93 9.77 -8.39 4.14 -5.53 -9.00 4.75 7.61 -9.76 -2.27 -3.96 -4.85 2.29 -6.05 -4.52 7.16 0.35 7.72 -6.44 -4.45 -1.00 -6.86 -2.63 -5.81 3.75 -1.98 -5.61 -1.79 7.25 -7.11 1.00 5.47 7.12 9.96 -4.11 8.28 0.30 2.16 -9.52 -0.18 -7.66 -0.50 2.19 4.98 4.30 5.66 8.41 2.02 2.00 6.89 8.65 -6.14 4.44 -8.87 9.59 -4.08 6.56 0.69 -6.59 -1.74 -6.24 6.54 -5.92 -4.60 9.32 -2.29 7.54 8.94 8.66 -4.34 6.27 5.83 -8.65 -0.96 5.72 -9.60 -0.80 7.11 1.18 -4.47 3.36 -2.79 -0.52 -7.53 7.36 9.37 -1.87 -0.36 -9.93 -2.27 -4.16 3.28 -7.42 5.56 -1.25 -7.39 -0.59 -3.08 7.93 8.68 -2.17 7.35 0.14 7.90 2.76 -7.80 -8.17 -2.50 7.33 9.46 5.12 -2.31 2.09 -1.22 2.46 -1.30 -9.02 4.52 5.39 -9.39 -7.18 -9.78 -9.23 2.35 -5.24 -4.22 -2.66 -9.51 3.36 -7.99 -2.47 -2.00 -6.24 -3.77 -8.76 -8.94 3.36 -8.15 -1.52 -6.77 1.36 8.16 7.65 7.86 -4.18 9.80 -8.27 4.92 1.66 -1.03 2.52 -3.12 -5.20 7.64 4.75 8.38 4.06 1.04 -3.83 -5.93 2.05 8.57 
-3.93 9.69 -1.70 -1.52 5.19 2.19 2.04 0.68 3.20 -5.87 -9.70 2.30 -4.56 -6.79 2.89 -5.56 -6.91 -6.27 -8.27 -2.55 -4.18 -1.59 6.57 9.53 7.78 0.47 -6.17 3.25 -9.56 -5.34 4.21 7.27 9.48 2.35 6.51 -8.41 7.57 1.64 -3.52 -6.45 4.03 3.31 3.38 0.67 8.81 1.18 -3.95 4.62 -2.58 -1.77 -1.54 6.07 1.91 -6.71 5.06 3.11 2.79 -7.81 8.44 -1.58 -2.48 0.20 -9.93 7.95 7.91 -6.50 -1.48 7.61 8.15 -5.44 -6.05 -9.78 0.55 6.28 -2.48 -6.03 -3.56 -8.59 -8.97 -0.59 0.47 6.91 5.22 -3.56 3.89 -4.99 -1.73 4.32 -4.87 -4.43 -8.87 -0.61 7.39 -0.51 -1.74 7.10 4.66 -9.40 7.44 0.78 -6.03 -4.24 6.68 -9.75 4.47 -9.30 -3.42 8.92 0.44 8.33 -4.17 5.09 -9.21 -5.28 8.36 -3.55 2.99 -4.45 -0.70 -0.59 3.56 -5.22 -7.56 9.53 -0.54 2.00 8.90 -5.81 6.62 -4.55 2.82 7.70 6.96 9.72 -7.06 -8.63 -1.87 -2.68 -3.76 6.33 0.30 -8.38 0.38 -1.83 -2.67 -7.99 9.47 -4.45 -3.59 5.61 -2.83 0.54 -2.32 0.51 -2.18 -5.28 -3.96 -4.42 -4.83 -7.15 9.88 6.16 -4.66 0.03 -9.16 8.40 -2.21 -7.34 -6.44 6.74 4.02 -8.81 6.43 8.10 -5.62 1.63 8.65 -1.91 3.14 4.01 8.15 -2.98 -4.73 3.49 6.96 7.52 -2.05 2.57 -8.05 -5.35 -6.00 9.56 0.67 -1.91 6.01 -9.41 1.84 -4.15 -4.52 7.37 
-0.38 -7.98 -9.04 0.86 6.38 -10.00 1.95 -0.86 -6.40 -0.71 -9.57 -5.50 6.54 0.36 7.08 -0.87 8.94 4.44 1.30 8.59 -2.69 -9.31 7.04 0.32 -9.02 6.18 -1.50 1.35 5.12 3.91 -1.77 7.29 5.46 -9.39 -6.54 9.24 -5.69 9.29 8.09 5.57 -8.68 9.48 -6.97 9.52 4.83 -4.97 -4.50 2.13 9.66 -6.14 6.05 -4.67 4.12 2.50 0.46 -1.23 -2.22 -5.00 0.30 4.72 -6.18 4.68 -6.72 9.39 3.05 -4.17 7.61 0.75 5.33 1.88 5.22 0.67 -2.80 -2.33 8.70 -0.79 7.13 4.90 -8.98 -9.88 9.23 1.92 -6.08 -2.95 -7.86 -3.59 0.30 8.80 3.52 4.22 4.59 1.42 -1.65 -5.18 3.40 6.91 2.15 5.42 0.10 9.84 -0.99 8.33 6.41 -8.31 -1.77 5.04 -0.53 -2.74 9.91 6.42 1.57 -1.82 -9.26 7.32 -2.80 -0.50 -4.99 -0.02 -5.70 5.77 0.14 6.56 -8.05 -3.15 -0.98 -8.64 -2.41 8.51 7.06 -0.75 0.50 -5.68 1.87 -9.36 2.30 1.83 8.41 9.65 6.23 -9.51 3.28 1.08 6.35 -1.70 -0.24 9.62 2.48 1.34 -5.96 3.96 7.10 4.27 -6.52 9.07 -9.46 3.55 0.63 8.39 -4.56 -7.49 -4.59 -8.67 -1.45 2.31 -2.35 1.63 2.74 -1.69 9.32 2.60 -2.89 5.14 8.74 -5.89 4.67 -4.48 -9.48 -6.55 0.20 -9.34 6.94 3.95 2.84 -6.23 9.71 -0.19 -9.64 5.06 2.03 -8.56 7.86 -1.99 8.11 -0.92 1.33 -2.49 7.08 -6.62 -6.55 -8.06 
-1.93 -5.79 -9.62 -5.41 -4.63 -2.01 0.09 -4.49 -5.84 -9.31 9.32 1.69 0.64 8.72 5.32 -3.91 5.83 -8.28 8.40 -3.89 -0.75 8.03 5.06 -4.67 -9.41 -9.14 4.74 -4.80 7.39 -4.00 -0.51 0.66 9.55 -2.84 1.81 6.11 3.91 -8.11 4.92 5.62 2.84 -4.53 -4.27 2.86 4.87 9.43 -3.26 -5.92 -1.04 1.74 -4.93 0.66 8.36 9.24 -7.78 3.47 4.67 -1.68 6.82 -2.10 -3.03 1.41 -2.09 5.67 9.24 -5.19 -8.46 8.50 9.03 5.87 -0.07 -3.27 -3.97 -5.53 6.54 -2.76 -6.29 -0.64 -5.55 0.67 -1.31 -0.30 -6.38 5.58 -9.02 -6.44 -0.71 2.66 -5.76 6.98 -0.57 4.61 8.62 -7.18 -7.56 4.37 8.88 -3.90 -6.61 -3.95 -6.04 -5.28 -9.80 -7.80 1.82 -9.06 -3.32 5.53 0.29 3.39 -5.16 0.59 -8.35 -8.99 -4.55 8.36 -1.21 -0.01 1.33 4.05 -8.96 -9.48 -0.23 3.07 7.11 2.58 -0.25 -2.91 -0.48 8.29 -6.67 -0.11 -9.00 -7.18 -6.14 9.98 -7.99 0.38 -7.44 9.68 8.45 6.53 6.93 -6.20 -8.77 5.11 -7.77 8.26 -2.18 5.72 -3.08 -5.49 6.67 6.03 4.14 7.50 -8.11 -8.57 -2.47 -7.39 -0.98 -6.07 -5.40 5.55 -8.22 -5.63 5.62 -0.70 -3.41 8.92 -4.14 -6.77 5.59 -7.08 -1.62 0.67 -4.47 -7.89 5.87 -7.91 -4.06 7.10 -6.03 4.84 -0.09 -7.14 -0.73 6.08 -8.20 0.41 -8.16 -4.38 7.56 -9.60 8.47 -0.23 -8.43 1.50 -5.45 -4.06 
5.69 9.74 -6.58 -8.50 -7.93 -7.02 3.92 -0.99 2.70 -7.37 3.16 2.61 3.92 0.30 -1.45 -0.70 6.37 -6.52 9.83 -8.33 1.32 -6.99 5.30 -4.90 7.13 2.81 1.16 -2.99 -8.89 7.74 -9.03 -2.38 -4.35 -6.26 -8.35 1.42 -2.38 -7.41 0.89 -5.82 3.69 5.10 -8.79 -3.41 -8.37 -8.33 2.79 8.26 1.44 -1.97 -0.11 4.99 -7.36 4.67 -5.25 6.65 9.65 9.57 -1.00 4.99 -1.66 -7.81 -3.29 9.12 6.53 4.10 7.10 -6.45 3.64 0.28 -3.94 5.44 1.12 -8.40 -6.36 9.08 6.55 -1.61 -8.79 -8.89 5.61 -3.45 7.96 -3.71 -3.38 8.33 -9.47 -2.86 -7.24 9.68 -6.20 -1.59 1.58 6.70 -3.95 -3.34 3.09 0.61 -9.48 8.41 9.55 -6.93 -1.99 -1.76 -0.51 9.35 3.97 4.22 -8.39 1.26 7.71 4.60 4.30 -6.03 -7.60 0.01 -6.59 5.54 4.33 -8.80 -6.39 -2.32 -7.29 8.48 -0.79 -8.81 -0.36 -2.31 1.96 8.55 1.70 5.50 7.71 -4.52 -4.07 -2.85 8.54 3.13 9.02 2.02 -7.98 4.70 1.12 7.38 5.75 9.35 9.75 1.82 0.65 9.41 -7.99 -0.71 -4.50 -1.48 -7.38 1.29 -8.68 -8.92 2.57 -1.19 -4.12 6.26 -4.28 -6.76 -9.11 -5.34 0.78 -3.26 -8.31 -0.64 8.78 4.53 1.12 0.07 -0.68 -8.81 7.62 -2.19 8.62 3.28 -2.98 -2.89 -5.55 8.85 -2.46 -2.66 5.62 -4.46 9.89 2.45 9.03 -3.91 0.87 2.95 -5.39 7.58 -5.50 -9.28 -7.33 2.99 
-1.22 -6.26 -7.56 -8.35 -5.54 9.52 4.61 -7.21 -3.36 1.05 3.22 -2.38 2.74 7.64 -6.13 -5.22 4.47 -9.31 5.08 7.20 6.52 1.13 -2.21 6.11 8.15 -4.96 7.62 2.18 9.64 -8.57 -8.25 -9.68 -8.65 8.56 1.40 1.17 -4.08 -9.23 -4.34 -5.80 7.76 -8.19 -5.06 0.15 1.71 -4.38 2.15 5.16 -6.86 6.13 -6.59 7.77 -6.22 -1.56 6.87 -7.58 -7.97 7.43 9.96 5.13 -7.58 0.15 -6.63 -3.16 8.92 3.99 2.24 5.97 5.10 3.76 -4.33 -8.73 5.71 -7.70 7.31 -7.58 2.36 8.09 -1.16 -0.73 3.97 4.33 -6.58 5.79 6.13 -3.54 5.76 -9.56 7.77 -9.90 -0.20 -8.69 -3.38 -6.89 5.85 2.63 0.37 8.01 7.05 -2.88 -6.65 -8.49 1.92 0.75 -6.23 3.09 5.75 7.28 -9.76 7.25 6.37 9.77 -6.47 -9.21 -2.59 8.92 -7.16 -2.51 -6.95 -8.41 2.72 0.47 6.61 7.13 2.84 -9.20 5.94 -8.02 9.01 3.31 0.79 0.99 -6.08 -6.36 0.19 3.39 -5.13 -2.85 1.90 7.20 6.59 0.30 1.07 -7.74 7.85 -9.85 -8.30 -3.42 5.91 7.29 5.96 3.48 9.98 4.41 1.21 -1.31 0.31 3.61 -4.94 -1.73 5.97 1.27 3.79 -9.86 6.08 3.99 3.22 1.80 -3.58 -1.29 -6.38 -7.25 -1.15 -4.47 4.91 -4.78 8.37 1.46 -5.84 -4.64 0.89 -3.54 -4.18 8.96 -3.94 -3.19 -7.00 4.10 6.07 1.44 -7.54 -9.99 -1.87 7.36 -3.64 7.01 -0.43 -4.00 -6.33 -7.09 
5.51 -9.86 5.77 5.90 -3.01 4.42 -8.74 1.86 -8.42 -6.27 1.07 0.04 6.03 -2.24 2.66 -7.31 -1.92 7.26 9.22 -10.00 6.35 3.06 5.96 -6.58 -7.84 -9.86 9.95 0.51 -3.69 3.24 7.55 -7.37 -6.44 6.71 1.73 -9.32 9.67 9.31 -3.65 -7.11 -9.42 7.95 -0.88 -7.78 -8.71 2.21 -5.72 -8.56 -9.58 -6.84 -4.37 -2.75 -9.63 5.50 -1.78 -1.56 -1.32 9.10 9.42 7.71 -4.55 1.45 -0.39 8.26 4.48 -5.19 -8.50 3.03 -1.70 -6.33 2.00 5.61 -2.35 -7.69 3.59 -3.69 -2.51 6.70 1.95 0.66 8.75 -3.47 -2.79 0.12 7.85 7.29 9.80 -5.28 3.62 -3.80 8.03 9.60 9.41 -1.47 5.07 2.59 -7.78 -1.12 6.07 0.46 4.55 8.62 5.14 1.50 8.84 2.45 -8.08 1.46 -6.18 -6.40 -7.08 -2.53 6.79 7.81 6.55 9.80 9.57 8.34 6.74 -2.87 4.21 0.99 0.92 4.54 1.62 3.09 5.49 -7.55 -1.22 -7.07 1.68 -7.13 2.61 2.34 -0.26 7.66 3.67 -1.24 0.27 9.63 5.38 4.13 9.78 6.19 9.48 -0.39 -5.67 6.99 7.77 1.50 -5.94 -4.41 -4.78 4.90 -2.14 9.07 8.91 9.12 -2.16 -7.02 6.64 8.20 -2.38 -3.29 -5.67 -2.60 9.09 -1.04 -7.65 9.81 -7.43 -6.95 4.69 0.74 8.57 -3.45 -5.96 -6.75 -3.49 5.04 4.30 8.51 -1.86 -2.70 -1.72 7.66 -6.24 -5.64 -6.05 1.09 5.82 -2.38 3.55 -4.60 -9.58 -7.55 1.27 -4.65 -7.19 -0.89 
-4.28 7.91 1.93 8.35 4.92 -5.55 3.87 0.41 -0.35 -7.83 -3.49 1.15 6.50 2.88 -2.43 1.38 3.42 -5.50 8.67 4.56 6.90 0.72 -0.85 0.14 -1.63 8.55 -1.41 1.19 8.58 -4.08 -1.68 -5.65 -5.28 4.44 -3.02 -1.92 5.80 1.18 -1.71 -7.36 -3.94 -6.71 -6.15 -8.11 6.63 -2.05 4.89 5.91 -8.89 -7.64 -1.21 5.74 -5.07 3.86 7.44 -3.43 -7.51 8.52 2.94 5.59 0.17 -6.46 -7.75 -8.36 1.71 5.66 -3.15 -1.62 -9.83 8.58 3.09 -0.26 8.34 3.80 -0.08 -8.98 -7.67 -7.95 -0.20 -7.61 1.83 0.45 -2.89 -5.18 -1.69 7.98 -2.59 7.25 7.81 -4.04 3.79 -9.89 1.57 5.31 -0.25 -6.38 2.28 2.87 -6.32 4.95 4.59 8.31 5.03 -1.13 8.80 -1.33 -4.88 6.83 2.66 -0.29 1.55 -3.33 3.13 -2.73 -2.88 -7.51 7.69 5.34 -3.85 -5.56 -8.58 -2.10 7.96 1.92 0.32 -6.32 -1.65 7.21 1.16 -4.42 4.95 6.67 7.48 -8.49 -7.38 5.45 -2.26 -3.58 -9.37 9.46 3.90 0.52 -9.43 3.34 -4.41 1.93 7.62 5.16 5.12 -1.89 6.55 -6.34 -9.77 9.99 -8.60 9.48 -8.66 3.71 -9.07 -4.27 5.57 6.05 -8.35 -2.55 6.28 -4.72 -5.81 -4.57 8.68 7.62 7.94 2.67 -2.03 -8.95 6.75 8.07 -5.14 8.15 -1.00 4.45 8.31 6.31 3.44 -3.99 -5.51 -4.85 0.64 2.70 -2.90 -5.28 7.53 -8.95 4.01 9.75 0.58 -3.02 -1.59 2.90 5.68 4.51 
7.92 -3.63 -0.00 -3.47 -9.47 7.62 7.82 -1.00 -3.26 4.98 -6.94 4.62 -0.43 -6.97 -9.16 -0.60 0.53 0.50 1.15 1.97 -0.50 -5.61 9.79 7.14 -2.11 2.34 -7.48 4.74 1.23 8.19 3.34 -9.42 4.87 4.14 1.11 5.62 -6.86 0.06 4.08 -5.03 -9.51 2.82 -2.16 2.33 -3.44 7.87 0.71 3.71 -9.93 0.22 -5.30 -3.35 0.56 2.85 -0.58 2.04 -4.21 -3.37 -3.15 7.44 0.54 -6.00 0.73 0.72 -5.47 -5.58 3.84 6.72 -2.63 -0.46 7.34 6.91 -4.25 -0.28 -1.54 0.07 -2.52 -9.74 5.08 2.11 2.94 -1.23 8.26 -3.57 1.33 9.04 -5.93 4.67 2.49 -3.05 -1.43 -7.98 2.37 1.77 -5.08 -3.22 3.93 9.01 -9.02 -7.10 0.90 -6.52 6.31 -2.39 -2.29 1.59 7.37 -5.88 -3.98 -0.71 2.93 -0.72 9.92 -2.40 -8.08 -0.97 -2.49 -3.53 -4.42 5.80 6.47 -8.47 -7.16 7.45 -9.56 4.11 7.01 -7.70 8.22 1.76 -8.02 -7.11 2.01 6.15 -2.28 -2.94 4.05 1.84 6.72 5.21 9.29 -1.10 1.29 9.55 4.83 2.62 -8.77 2.31 -6.42 -2.64 8.61 4.81 -7.09 2.48 8.47 -9.58 -4.91 -5.84 2.99 4.90 3.53 -2.54 -2.07 -3.85 -4.21 6.51 -4.60 -6.45 -9.62 -7.78 -5.20 3.55 2.41 5.91 -1.66 -0.87 2.86 5.09 -2.01 5.07 -1.88 1.14 -1.28 -0.67 3.12 -0.20 2.36 -3.87 -1.20 -3.07 -8.32 -8.80 1.16 0.13 0.86 6.82 1.73 0.46 -6.35 -8.97 
-5.51 9.39 8.62 7.91 9.88 -0.48 0.73 5.73 -5.82 -0.50 1.91 -6.34 -3.63 2.33 -9.16 -9.97 4.22 2.63 8.61 -1.72 3.24 -4.49 8.68 -5.40 5.54 -7.65 5.81 9.80 0.21 6.66 8.01 0.92 7.93 -8.86 -2.09 1.26 9.40 2.45 -8.39 -9.08 4.36 0.97 3.44 5.53 -4.91 -7.04 8.51 -2.47 -3.05 -9.85 -2.99 -0.97 1.60 -5.39 5.33 1.31 -6.91 -8.12 0.38 1.69 5.50 2.33 -8.37 -3.16 -7.91 -6.41 2.09 2.82 -3.76 9.60 -6.14 -6.73 2.52 7.88 1.89 -3.66 -1.46 -7.61 -7.70 4.03 1.16 0.66 6.23 6.74 -1.51 -7.43 -4.58 9.41 4.82 9.10 -6.13 9.87 3.84 1.43 4.39 3.57 -8.90 8.29 8.69 8.95 8.04 -2.57 -8.78 7.79 -7.34 1.54 -3.28 9.23 -3.06 -7.70 -7.67 8.78 2.80 3.15 0.26 8.89 2.74 5.41 -5.55 -3.24 -7.03 2.53 -6.44 2.51 -1.67 -3.37 1.12 -5.58 9.41 -3.29 7.04 9.68 -7.43 -1.76 -3.20 6.61 -8.45 -3.99 -7.21 -1.92 5.37 -9.78 -5.44 4.39 -1.85 6.67 6.18 6.43 -7.28 9.04 3.92 -1.69 0.44 -8.02 -7.75 -2.41 3.33 2.63 -6.91 -4.38 -3.89 8.32 1.25 0.22 2.22 -5.40 8.68 -2.75 4.02 -5.97 -1.92 4.51 8.00 -6.87 -4.48 -8.11 5.56 7.99 3.65 -8.15 7.93 0.28 5.14 -7.43 3.91 -3.90 2.33 6.96 -4.07 -7.00 7.05 5.94 -6.03 4.79 2.20 -7.02 -2.45 -0.27 -4.43 -5.44 
