Результат умножения матриц из файла (Размер 200 x 200):
Время расчета: 167.7239 мс

71.55	561.38	-129.46	463.80	1108.23	76.43	73.28	-209.30	-23.78	-320.74	533.56	-182.34	252.04	408.25	-15.30	841.05	-202.84	510.08	240.09	-221.94	402.65	79.56	1272.06	-391.83	339.41	-63.88	-748.91	205.84	-1073.87	-438.05	490.03	625.35	495.87	6.90	179.95	-349.00	237.22	643.99	-40.02	-28.53	-369.79	-349.10	239.30	-513.21	376.26	159.68	68.46	-262.61	113.05	281.68	-182.36	303.84	-400.89	-924.52	-384.24	205.93	-25.09	-195.12	288.78	-608.70	256.79	155.34	27.49	-225.08	-234.10	355.16	717.14	363.64	-52.70	-364.12	313.05	89.91	-214.62	478.64	279.62	114.04	-88.44	294.98	301.17	69.99	-554.87	169.72	-546.88	851.17	-381.27	159.76	964.01	-580.29	-540.72	-496.49	119.40	447.25	-113.58	-246.20	128.03	311.70	-177.59	-851.36	-324.42	-233.93	608.79	645.06	13.95	-571.01	65.02	-42.16	-634.69	-838.95	-340.49	-158.04	-136.67	-443.56	-116.01	355.43	20.37	197.80	-495.70	482.20	298.38	636.02	-22.19	297.38	131.79	-155.96	24.08	-21.24	143.25	-786.06	41.74	551.65	-859.00	-86.07	106.78	654.49	83.82	-410.10	220.58	-53.13	107.99	-270.80	476.33	-105.51	991.30	-419.80	243.28	-735.84	-495.46	649.34	348.06	-712.43	-356.83	-330.79	536.50	-282.70	242.37	-502.95	-604.77	423.26	512.97	-545.58	390.48	-118.79	-57.91	269.73	-38.49	-46.02	56.72	-1021.22	-897.41	806.67	25.02	-512.17	426.01	-455.72	-435.21	-211.25	-468.72	-439.40	-712.63	-31.61	-15.95	676.51	473.87	-294.68	-79.29	665.54	-288.70	-344.34	1070.95	-221.61	-704.63	330.07	-633.81	67.31	-543.29	-85.54	529.97	-107.35	-624.09	28.82	
-340.46	741.34	-216.12	293.26	-466.73	-440.54	776.75	-114.02	-708.61	-154.82	373.91	-302.46	40.40	12.27	419.21	44.83	672.26	594.81	-119.11	164.82	-394.17	-606.55	-153.78	-99.74	468.14	-190.49	87.02	-697.38	664.53	-16.56	315.13	-266.12	71.74	147.16	162.45	667.61	-629.17	-1248.24	336.10	-7.09	-50.09	904.36	736.66	-446.46	152.34	1.15	490.25	34.89	-86.96	804.05	4.92	-380.33	394.34	113.44	-76.31	-692.08	239.79	262.65	492.58	-106.73	1039.08	128.53	276.90	690.23	729.67	88.49	10.79	-51.09	363.67	-348.14	-476.66	-490.75	229.38	-1115.20	-80.09	711.15	734.48	56.69	362.72	-720.45	-580.77	301.51	-145.50	-400.86	-386.45	-222.14	883.41	-92.86	493.81	-67.06	0.50	253.23	357.02	269.12	86.43	38.49	-242.13	262.10	303.75	-52.68	622.67	-383.38	347.33	641.23	-268.90	334.78	-1035.22	258.36	268.34	-456.98	717.67	65.94	-406.92	278.38	154.35	113.06	-1127.22	-626.23	-615.56	617.03	-187.98	485.36	-215.51	37.70	303.85	422.45	597.45	442.85	338.35	-60.78	-170.29	-591.19	-331.71	416.55	-204.73	555.67	407.99	720.84	232.49	-240.87	97.50	-114.67	-111.28	-274.09	305.48	627.72	-205.37	-441.68	-351.60	-207.79	-815.23	603.42	-126.00	-1213.35	-18.73	-137.64	-259.59	-38.46	612.20	-38.26	-393.16	-873.66	-517.66	-518.95	-485.69	434.42	-328.46	21.39	-620.71	-200.84	440.04	124.30	482.95	-218.64	-466.93	484.53	384.58	401.74	-146.81	-841.95	-713.92	-529.28	572.52	363.55	527.37	-32.27	29.29	228.96	-322.41	159.30	-239.53	-307.23	-1143.40	-257.56	6.91	-134.02	257.30	99.69	-162.70	-1.71	
219.38	-15.49	-318.00	-519.32	-457.64	-240.85	668.13	563.85	-52.91	-573.97	-362.12	650.22	156.75	494.95	-758.73	962.83	208.36	451.70	826.81	103.04	-471.57	607.98	-89.49	-333.57	343.46	143.72	-957.76	105.18	-97.09	44.59	-696.62	-199.50	248.03	-78.53	-559.46	259.08	-8.92	-308.53	-763.05	-329.71	-215.82	-487.57	-192.08	-950.91	-295.62	52.13	276.79	-260.26	74.16	453.01	-625.48	-496.98	287.49	-943.09	163.99	-12.04	203.05	-54.06	192.31	-190.67	-125.73	468.54	-1021.93	-96.01	231.74	-356.38	-812.23	-485.63	124.81	74.96	-153.64	143.26	-132.66	582.90	-63.21	636.81	-730.90	-204.82	-436.32	-149.71	715.32	-354.64	827.45	509.39	-31.10	221.25	-119.89	595.98	-781.63	-692.46	352.71	326.21	-581.93	499.40	-247.31	430.77	-462.48	172.07	-381.59	-184.01	-109.22	-303.06	-645.57	5.94	263.66	76.61	-206.39	-701.15	-89.27	60.37	-944.21	464.68	13.37	-313.48	-407.36	-752.25	-417.76	-464.99	-215.09	574.79	419.02	679.14	227.92	-502.75	-36.60	-169.31	-1120.43	-190.42	42.48	-150.03	-346.34	-319.25	491.98	454.64	74.25	-627.85	-536.91	-510.99	255.96	-492.39	-977.85	279.00	222.73	282.33	313.69	-412.91	-345.01	-133.59	508.39	495.88	184.50	40.23	-584.43	250.16	343.97	-795.62	-262.58	-517.14	382.00	516.88	-547.59	-586.98	444.53	-656.97	450.86	120.99	-127.91	-61.68	45.90	-219.93	-428.21	87.41	-181.52	-649.19	628.11	-91.83	-169.52	-566.78	345.65	165.38	210.90	-541.91	751.91	-294.64	-414.26	-207.37	273.26	-1153.20	305.75	-57.80	-76.39	-290.90	-40.91	-247.07	1052.51	358.42	-277.43	-146.80	945.52	160.20	
-79.59	-1026.72	60.66	12.24	-119.68	-243.03	-1508.39	-386.05	922.71	-317.12	-1143.35	-1157.84	-621.97	1035.74	-322.12	52.83	-110.83	72.91	393.69	608.59	492.61	163.49	-656.04	66.52	615.24	404.17	-184.98	370.69	-292.65	-167.83	533.99	804.55	-142.96	299.23	-391.68	-229.90	-559.23	885.79	3.23	516.83	251.39	-304.29	-113.82	-638.56	374.12	200.27	576.52	-14.17	163.73	150.66	-100.31	36.65	825.06	-64.09	-844.56	-185.26	481.76	593.70	-302.75	141.92	82.15	79.53	186.53	211.62	893.73	211.45	-392.09	720.04	-205.63	454.40	242.63	325.30	-404.65	-206.65	1283.65	-111.59	-485.85	96.62	-143.07	67.38	-257.21	212.13	-242.72	97.96	-270.59	323.76	420.94	-380.07	-489.25	-400.01	-105.96	-403.86	57.42	411.35	-115.72	-296.18	-76.12	-87.63	-40.05	192.75	278.27	-31.45	650.07	92.78	399.97	472.94	693.83	-265.51	-1291.79	-239.29	-1238.03	240.22	235.73	-734.98	601.36	334.26	-61.17	-36.37	-30.91	334.66	-512.15	-34.88	415.27	29.18	-348.34	-391.81	-541.68	-83.08	-29.93	361.57	266.61	505.89	285.47	188.57	268.53	102.90	423.17	257.52	-133.35	300.87	-216.34	154.41	48.94	-696.59	335.68	-160.24	-67.06	438.14	1154.51	237.17	329.31	-777.63	-125.12	42.70	-484.82	710.28	-259.58	80.57	-2.20	-241.06	864.26	-292.65	-438.23	19.66	-1.68	253.42	427.15	-14.65	125.16	329.23	272.91	-617.59	610.79	238.44	150.38	-1497.43	360.49	-398.18	218.36	1003.71	381.32	287.43	413.60	535.51	-779.72	728.30	201.28	554.14	-87.66	10.96	897.28	-157.00	-252.08	-299.63	-185.91	679.08	-548.74	208.01	107.19	-411.17	
-35.23	874.15	-200.51	345.51	331.90	-230.90	238.31	-782.35	385.67	841.52	-245.62	648.82	650.91	-151.31	-289.59	63.27	-11.76	-124.56	-729.00	-38.03	246.56	-293.99	-149.06	536.77	-297.46	-460.62	232.36	225.54	-8.43	-1776.51	24.24	-506.38	-233.92	726.28	-707.51	-207.06	-19.28	-563.38	460.58	431.41	-352.39	-67.27	263.33	325.29	-1239.05	-343.55	684.29	-533.90	-312.83	-151.88	352.60	309.35	3.65	-911.08	281.14	-586.53	-30.59	-86.81	304.49	-332.36	-180.04	-600.98	-359.48	-259.02	497.33	-288.62	-713.27	-766.23	-472.65	40.92	-347.28	-302.48	-365.52	-273.83	-186.46	430.40	-133.15	363.52	-442.59	-831.10	-168.60	423.41	430.01	230.97	301.51	-937.75	583.64	-51.18	-48.84	-318.52	374.45	-106.38	295.33	-658.08	-943.60	712.58	958.83	-57.23	-136.58	-198.71	586.21	322.20	-396.49	81.11	-385.73	-352.90	-332.83	-6.49	-65.36	141.13	274.80	-348.50	-333.86	-538.27	-108.16	-172.38	-590.22	-534.69	-456.37	668.37	752.54	427.64	398.03	598.14	-56.08	-33.82	592.18	307.49	-386.59	-284.24	-4.60	399.88	610.65	-779.91	367.50	-79.40	-93.65	-181.99	-458.79	-15.39	310.10	206.69	143.11	-239.76	-129.28	768.37	269.24	1021.95	-836.61	-339.32	215.19	-398.00	-362.52	219.41	389.19	-3.91	212.24	170.08	355.89	443.13	-465.26	-475.58	1177.55	726.59	-259.43	705.05	355.57	220.14	4.45	118.34	-92.52	432.52	600.51	-462.34	229.95	-354.54	-319.90	-377.52	-273.67	-754.52	-56.66	180.87	79.98	229.97	-512.80	-101.51	-88.10	202.83	163.81	-338.04	105.73	1223.38	-847.83	-68.10	-764.20	247.26	233.09	33.67	353.20	479.72	
-363.74	670.48	-239.05	250.09	655.83	-457.23	-119.22	224.73	442.77	213.00	-131.93	-407.92	-810.99	-125.48	1117.79	-258.52	19.82	-242.40	-683.23	33.29	-158.58	507.58	692.29	31.65	-287.10	-128.82	144.35	-973.35	-382.90	-136.52	-948.52	-109.99	240.22	-664.99	-281.51	-44.35	-518.86	-828.60	-304.55	393.19	33.24	-1013.04	-447.35	12.46	528.34	-135.54	-398.17	856.51	-142.91	-53.35	521.51	436.20	274.38	455.25	-23.94	39.64	-544.58	108.68	-186.85	-358.28	-197.51	413.20	-315.70	116.02	160.19	-499.00	671.84	25.02	744.53	-608.54	-358.29	151.10	351.93	837.02	473.63	-42.83	555.40	-57.74	-860.29	-367.53	-380.78	-322.55	23.17	-112.53	-703.00	-356.83	-402.22	-238.04	-454.84	234.41	109.58	40.13	-504.19	1094.65	442.69	68.74	237.29	120.81	54.83	36.28	-217.25	551.16	-174.80	318.27	7.31	-1018.23	-332.46	1171.36	507.16	-8.45	694.48	51.07	-283.03	300.36	194.72	-695.35	145.46	796.60	-6.37	-945.57	221.32	520.83	-402.15	173.08	662.36	-298.14	711.37	-183.87	164.50	-103.76	-266.47	286.28	-264.78	-442.23	-595.25	-34.33	-281.32	-63.31	-229.66	-551.25	-144.66	734.14	250.49	486.77	-994.06	207.06	-385.75	687.10	-391.77	641.38	-394.88	718.22	288.14	-406.15	-322.33	664.15	-81.51	-686.63	-64.99	-574.25	428.07	-964.18	-270.72	-163.83	-920.98	-19.98	569.71	814.46	-210.82	-212.74	1068.75	-139.87	576.78	-561.37	-144.37	-432.28	-31.36	-30.76	594.87	-688.51	49.52	381.09	568.64	438.77	-582.85	701.18	248.84	426.49	-289.75	-309.51	733.11	-658.72	-481.10	156.32	367.28	83.85	20.69	579.77	480.13	91.03	
603.16	-87.85	-315.94	-485.16	728.56	-271.42	264.65	-61.09	432.04	51.11	1247.79	859.79	-768.06	-116.09	-206.60	-43.92	118.07	436.53	-256.08	549.72	631.03	160.95	261.19	-606.61	4.48	348.88	-25.28	-132.77	441.37	256.45	-221.54	-98.28	30.12	-121.17	-827.74	-459.03	338.75	347.32	972.65	-1058.81	73.01	-434.02	-646.14	166.26	126.38	161.73	336.58	-466.68	-71.76	127.16	116.14	17.54	-974.63	200.99	790.47	991.74	160.61	288.50	61.63	580.82	364.05	-614.57	-445.64	58.69	161.15	38.71	829.71	-668.72	324.68	632.33	-51.34	6.38	-218.08	840.21	-711.68	-151.72	-283.69	-540.57	-50.70	-209.69	-302.57	-451.14	-851.03	-214.63	711.81	-173.06	-245.51	-570.48	67.62	213.47	-30.83	11.13	-456.05	124.16	-377.67	778.28	271.90	-286.25	-202.36	-167.59	341.29	-113.77	-260.29	257.28	344.99	-411.78	547.92	-75.75	25.21	-61.73	477.85	268.66	67.19	118.44	-280.49	181.45	-194.15	181.48	-365.66	116.54	139.11	682.65	-424.03	-37.60	-744.76	-566.09	-617.06	-35.85	2.52	518.91	442.05	226.83	-78.62	213.07	665.27	-179.70	154.23	-229.71	677.79	421.07	-332.52	172.85	-66.76	-473.32	1237.38	58.44	-470.04	-285.32	620.40	314.43	790.00	-39.28	333.40	414.35	-416.02	49.73	46.75	842.28	890.60	222.54	-396.30	-6.28	713.19	-173.52	-74.84	113.86	-93.35	-402.95	-536.02	48.91	-722.13	446.45	266.52	89.31	-246.51	-849.34	-420.35	-373.88	-99.92	-424.53	-805.52	976.14	-451.31	-358.96	-423.13	-10.10	-311.95	264.01	280.66	-51.50	313.51	509.00	-1082.81	-465.56	-98.66	123.45	726.04	51.71	-169.54	186.57	
-874.47	145.16	375.42	-812.78	-147.39	-144.49	492.21	-134.96	52.66	221.14	-503.14	-370.86	65.98	-85.96	-20.83	368.02	597.37	-613.77	284.08	92.46	739.51	-156.68	-97.12	-165.51	171.79	-572.45	-169.44	-19.80	1148.94	-1437.29	6.30	907.59	-293.89	-140.02	-130.46	-738.29	-1186.42	-834.26	731.59	10.58	379.98	-473.62	-361.01	-27.63	-446.21	1298.03	350.92	296.55	-503.52	-140.78	-116.23	104.23	-315.93	215.41	-126.31	-104.39	138.45	293.65	293.26	-532.64	83.24	177.98	-93.68	121.20	-2.48	-226.96	-103.19	-454.64	306.42	405.20	-682.76	-133.70	-121.61	-749.42	534.58	93.50	188.39	632.36	-406.59	-52.19	397.24	19.84	521.46	-233.59	-320.60	-54.12	-299.61	533.58	370.98	-217.50	-612.13	-591.98	179.04	-395.53	115.88	-353.04	167.37	-14.42	-714.08	106.58	-491.40	274.67	-176.51	295.75	-698.40	-563.17	-408.19	-489.92	102.28	616.25	-325.50	-796.69	936.26	-1410.46	-149.34	-47.17	-95.20	-607.88	40.27	58.62	-143.87	-140.46	121.80	216.47	-96.09	1087.85	-244.93	418.74	715.28	-59.44	722.42	1123.39	96.01	-298.28	56.77	162.31	70.57	221.03	371.91	-21.51	-324.73	634.00	-984.25	155.03	200.05	-597.22	60.00	-46.27	-188.21	553.88	584.19	-515.78	-401.89	429.58	-661.01	197.02	186.62	17.51	384.08	212.25	-397.97	786.87	618.20	-696.27	-406.99	-433.61	-432.41	-523.55	-41.10	773.94	-479.97	-214.20	-186.22	-50.99	173.58	-654.69	-229.74	-510.38	252.91	40.03	809.16	847.27	-538.26	-939.68	-1002.01	-510.71	212.14	361.32	570.28	-206.82	-63.03	-712.63	54.48	371.19	-583.65	4.67	-17.51	-95.22	-332.77	606.90	
31.90	232.23	337.37	168.75	212.42	67.03	286.94	-226.73	-2.48	310.32	875.58	-520.99	-1127.86	-333.48	451.36	-405.37	301.97	-538.50	-255.35	287.70	-576.81	-201.76	406.23	89.26	22.37	768.12	-628.27	-857.72	1164.74	-754.15	334.75	368.28	-130.26	181.38	261.01	-184.69	242.43	-330.03	531.31	497.51	-33.33	293.42	-15.19	-171.09	396.03	166.45	299.30	-371.15	467.06	464.61	563.56	428.85	602.14	-180.60	624.47	-9.09	397.23	-292.59	-315.94	-723.03	319.42	147.82	624.60	364.03	829.51	-446.49	-1169.58	-342.81	525.07	-201.40	-737.10	-313.19	572.73	313.17	-96.13	46.73	585.51	220.70	-49.86	-817.51	442.31	790.77	-243.32	-219.79	-419.80	-1406.30	218.94	-578.70	250.62	-357.59	18.23	-513.16	-280.12	-153.43	-67.03	366.15	453.97	-186.08	-330.99	1022.74	-256.83	261.62	353.28	-163.01	248.80	-1733.35	-184.70	326.60	482.21	-119.79	-196.31	473.99	295.89	-13.25	470.53	-736.73	-241.12	568.42	143.62	-398.31	426.00	345.77	375.15	-145.96	-212.57	-143.19	321.09	-46.42	286.87	-249.30	309.34	663.97	-410.09	-383.28	-369.08	143.74	-406.33	-145.15	83.74	779.51	248.95	335.03	-891.77	-638.79	-335.22	402.07	-908.43	-78.35	-270.98	789.70	199.90	162.24	-577.72	-173.16	-201.55	-240.71	243.44	201.61	-230.57	-701.76	150.53	395.26	-227.62	-129.20	-1203.00	859.39	400.35	-460.82	155.27	365.23	599.02	-224.10	451.25	1.09	296.91	-822.20	704.99	-477.09	-25.64	-51.59	64.29	-252.02	933.87	-513.04	-425.77	-297.90	694.23	-31.92	228.88	-367.70	347.16	371.03	-120.35	277.13	233.93	-395.00	315.55	-198.98	-271.92	-522.36	
-242.44	-289.53	610.84	-332.02	-148.94	-1423.60	500.52	145.41	354.77	-867.75	445.30	-27.37	408.34	338.69	-26.36	75.66	-224.35	248.53	-223.13	629.49	816.23	616.20	291.67	-125.20	484.90	-369.48	-774.04	-277.97	-246.62	-296.08	-1019.30	690.02	-117.74	-110.00	-691.30	-505.86	-506.67	-122.04	-330.88	-208.05	-29.35	-204.12	491.91	153.70	-324.11	-153.65	-856.68	113.42	-53.07	-281.36	486.88	416.06	-359.16	-142.10	626.95	300.94	130.66	302.64	81.89	-197.28	-367.71	-698.17	-371.60	120.49	762.31	-33.45	633.27	-70.62	-599.47	682.50	150.67	331.60	-204.04	67.04	995.70	-288.43	-455.34	-249.50	-291.04	-822.35	-425.16	-227.24	-1070.04	380.67	252.07	-352.28	66.64	533.15	146.54	53.17	-504.48	197.57	510.69	689.14	386.36	339.83	-270.03	-351.51	-236.64	-644.46	419.14	169.36	-185.56	1029.94	2.68	335.52	-349.16	266.74	-353.41	-291.77	424.77	637.18	-1156.70	-261.19	-1038.82	339.22	-945.98	-855.36	219.92	-19.45	-78.10	734.03	69.63	-32.28	168.43	-575.50	-597.19	56.65	65.63	434.23	-78.10	347.61	-544.06	-765.10	73.23	168.05	-306.81	172.29	222.00	31.24	-53.83	446.17	1.43	-543.91	151.34	9.34	72.56	425.44	-53.28	93.54	-23.25	-72.09	729.37	696.09	-127.35	245.97	-96.21	156.01	380.67	-172.55	484.90	229.75	941.94	-602.34	-146.60	-464.04	-582.82	-226.93	74.29	106.24	-333.77	234.30	-665.54	180.01	67.58	-92.56	-140.80	757.33	586.12	-744.75	349.06	239.09	626.50	-542.30	-906.51	-186.12	-448.39	-447.42	164.35	399.10	28.22	69.37	-408.26	298.46	-42.91	346.43	-39.38	256.13	847.76	1034.84	
-146.92	-369.28	49.87	-67.22	-158.21	834.07	173.25	375.45	324.01	-730.99	-11.26	163.42	309.92	-476.44	331.52	-462.99	309.00	244.14	-82.48	-259.46	-784.48	471.59	-175.33	619.43	1056.80	-118.28	-22.05	269.55	-941.26	360.62	461.68	607.11	-124.28	-149.13	-125.33	-83.27	609.48	-302.99	397.37	663.19	709.70	1301.56	161.68	-394.44	396.07	-745.41	374.75	-366.95	-44.73	378.32	790.88	466.14	552.27	-454.12	-157.99	866.21	444.40	-326.46	-25.13	683.60	-43.05	291.39	602.60	555.89	-53.37	-204.29	-634.94	-151.64	941.68	379.86	-106.16	568.02	-59.96	51.60	-504.58	783.36	-89.59	-341.91	-13.08	363.87	266.81	366.02	-289.75	-69.70	-141.15	-656.83	-117.84	731.53	-716.58	-470.50	313.71	-83.10	247.28	-172.20	283.23	300.68	177.73	150.94	-608.88	547.52	688.08	-721.03	-128.43	-516.79	207.22	283.35	153.39	-355.18	-315.04	522.05	249.38	779.44	-2.37	-89.76	360.74	-321.63	526.23	-592.62	384.58	360.73	47.58	-176.60	80.05	436.31	-650.07	546.29	-466.26	-22.30	-277.77	-594.53	-365.21	654.71	299.17	152.83	-502.93	-581.72	-2.37	115.46	-576.62	464.24	182.23	256.75	59.26	-942.35	-248.20	561.84	305.92	-109.79	51.65	99.93	-623.20	-297.04	115.49	-66.71	-490.80	-35.81	-173.73	150.52	-201.52	303.57	330.78	-280.84	512.38	17.74	-276.76	190.74	102.28	532.38	24.29	46.22	59.95	38.86	-129.28	69.16	526.38	303.10	677.70	71.61	-40.64	182.25	-527.23	-910.48	-18.65	381.47	-325.90	-730.94	378.97	-526.91	-26.38	-234.61	536.53	-438.78	-338.85	884.93	-717.28	394.11	-601.61	319.25	353.20	-607.19	
-349.59	-337.82	9.12	30.63	-699.17	-264.84	212.77	164.65	-327.71	303.12	-300.73	-99.50	-273.81	-289.94	715.98	43.26	94.43	-316.31	-196.92	-433.12	128.41	178.09	713.73	549.96	-363.63	-242.69	-582.90	-229.86	545.47	-473.44	601.30	110.21	621.96	378.50	474.24	586.62	-581.13	-931.46	636.42	-741.35	-706.18	666.10	161.74	-479.04	473.39	303.36	-277.58	-699.09	-620.17	296.27	-399.32	129.58	883.57	-146.67	649.34	459.78	-46.12	-516.18	-177.87	-87.58	1134.56	350.07	-67.91	642.98	-3.41	218.50	-462.94	636.18	741.66	-389.73	-174.63	-379.15	-242.31	-324.76	632.05	26.99	-160.07	661.86	402.46	414.02	-507.63	-17.00	243.87	-371.73	485.77	-1304.69	814.20	-802.39	221.11	-454.13	1079.42	0.89	291.29	104.00	184.58	-252.98	-236.62	322.00	150.03	-104.79	-12.69	-91.40	423.41	-566.05	-473.04	-1351.71	70.13	-543.18	21.49	206.13	-251.08	-422.98	308.52	141.43	111.19	184.64	-1406.35	-430.85	-54.30	533.90	352.59	15.59	196.19	-393.82	-789.18	115.73	-117.62	-788.73	69.27	969.01	-301.77	224.85	-599.64	366.06	127.62	279.87	364.89	-765.02	-133.06	631.03	132.18	-675.00	46.78	-37.74	-625.93	774.50	-721.42	-99.84	-43.38	259.11	112.13	583.65	-144.12	221.97	601.07	-591.62	-665.44	46.35	769.89	-206.92	-93.79	-168.13	243.45	-291.36	-278.04	343.72	534.43	107.89	23.50	705.67	-201.63	-218.26	762.56	-90.18	-876.11	-506.41	406.05	-529.12	130.28	172.98	-207.62	232.20	-269.99	-593.02	-57.54	94.85	702.63	980.46	535.13	384.29	-86.73	-162.46	-218.43	-453.85	532.48	406.51	655.20	640.36	615.15	-538.09	
-337.89	-842.07	-717.03	101.43	-671.20	-167.35	-53.13	-342.63	276.55	-300.25	-201.35	-351.55	806.78	438.00	-472.81	-249.21	161.70	452.46	272.01	144.87	-1028.55	-909.79	171.81	-291.74	-15.51	86.81	-723.06	407.52	849.90	-491.11	-37.45	-18.08	206.98	1458.64	-271.99	-316.09	-24.86	-20.81	250.86	597.12	-540.08	270.61	-469.02	-227.91	-320.41	588.27	-762.59	-35.63	-908.72	584.28	-767.61	442.85	77.51	550.30	-271.69	-878.54	262.28	-666.69	605.03	437.73	-225.47	-436.99	-166.91	-529.92	-121.59	580.09	-569.94	104.68	-817.16	20.23	141.88	-213.36	65.92	511.76	45.44	83.99	6.50	49.96	184.38	568.36	438.18	11.25	303.57	32.50	55.74	352.34	165.99	869.51	-16.23	490.25	-185.70	-1561.34	929.97	-619.27	-357.15	126.42	1081.26	-455.28	-1525.96	-172.13	242.39	-580.75	-321.23	686.57	-626.97	-394.48	-190.74	608.78	-399.88	-231.40	-1357.63	-34.80	347.34	-70.00	707.52	-712.62	453.85	285.04	-135.30	93.60	0.75	-509.54	-661.74	228.11	346.53	-161.24	-866.91	-210.40	-69.41	44.25	-702.63	373.17	33.50	-656.35	-866.32	480.86	266.63	755.80	461.40	-23.09	316.75	-105.80	558.89	387.36	-271.00	678.61	287.09	510.45	-510.23	776.57	-113.83	-1367.89	-300.12	24.44	332.93	447.70	-212.00	298.92	177.16	353.44	257.71	164.17	-68.62	-256.89	-392.96	-616.51	-90.19	-1179.06	-363.30	561.31	-131.53	9.13	-854.34	-592.53	803.14	-828.30	-193.51	-90.54	559.86	94.23	862.92	107.28	-218.91	413.99	291.33	-814.86	-353.46	-280.04	105.36	163.43	462.81	-449.02	859.87	-606.00	-191.77	-186.22	933.30	143.43	-634.17	-115.64	
-1003.32	768.40	48.80	-175.01	48.79	1071.23	-148.99	120.92	149.70	-390.06	349.90	26.43	631.56	-7.94	432.26	-697.89	23.12	611.14	-488.55	-533.00	-673.90	7.75	307.71	228.78	-503.16	-28.56	601.69	273.74	-599.82	534.19	741.98	273.84	336.84	330.78	213.90	-356.86	472.85	321.04	16.44	338.39	-833.99	562.74	795.76	540.31	623.78	674.54	-1005.75	377.91	-368.57	-737.34	-28.58	-492.17	287.40	96.79	-119.64	450.34	-720.22	-950.39	941.28	573.11	-388.07	-37.81	-39.86	-244.77	-293.13	-513.99	377.05	63.75	854.90	356.60	-365.96	-156.66	305.08	288.79	-300.25	-137.35	239.41	439.93	-474.30	-48.62	69.29	93.20	-445.80	361.41	-344.82	-494.18	-414.76	-264.94	195.20	364.82	4.42	224.98	435.67	186.47	259.94	-619.06	-80.97	-68.72	65.22	-66.05	145.61	-1111.28	-503.52	-463.90	-242.97	25.35	-1.92	-203.19	104.38	314.02	-57.64	-856.96	1209.91	-238.02	309.70	110.91	455.89	445.81	182.05	1096.78	639.39	1008.69	-319.66	479.40	-483.75	647.03	426.46	-758.54	232.00	-466.93	35.87	333.49	172.65	343.10	-210.82	-232.75	646.94	380.11	-290.50	736.76	194.88	-279.30	-27.12	75.53	103.11	-44.43	750.41	481.03	660.09	-129.31	-356.89	-130.08	-269.91	73.86	386.76	303.74	235.49	378.28	-870.96	-1235.24	182.74	-825.43	4.48	376.80	84.87	-289.09	-598.78	57.36	-438.46	501.03	-738.39	-199.85	87.78	-11.92	188.36	-461.05	-193.36	-863.11	-244.54	890.61	-325.01	-123.40	480.05	-112.90	7.24	116.01	1056.85	473.56	458.83	-74.38	277.20	-57.64	384.39	405.01	-354.89	-274.98	-307.97	-446.71	-64.79	-619.02	
558.78	774.98	-334.78	865.70	193.76	-1145.13	115.62	-359.09	578.47	-405.32	291.07	-321.01	3.20	-970.01	-12.67	-394.52	317.07	-614.58	271.17	-190.74	-628.14	284.21	114.82	620.44	500.83	-253.31	-910.98	169.02	746.13	-100.76	362.87	-172.44	-875.59	399.34	449.20	252.28	512.78	-988.53	734.84	-364.89	526.65	-55.77	-47.52	-226.96	487.10	68.83	55.59	277.79	-51.70	661.38	-803.02	-541.80	608.06	319.63	385.49	-122.28	135.89	-292.36	397.78	-90.90	-210.91	188.89	495.33	229.25	52.74	-979.85	21.74	694.07	479.78	-80.42	-406.57	128.88	559.81	-115.49	-633.49	-190.47	-800.41	186.51	-87.80	-121.51	-272.33	-355.25	230.43	25.85	-439.37	336.01	304.76	200.65	287.22	685.80	-221.16	-629.32	-264.49	107.00	773.34	20.31	170.02	338.67	-644.21	137.46	899.70	-85.31	623.41	130.25	351.35	-436.26	-666.79	905.53	-136.99	-619.33	201.95	-270.94	280.95	26.68	389.85	1095.00	31.03	-328.52	288.09	-721.71	-408.11	-320.82	1115.53	838.65	-676.39	359.61	-502.40	-340.25	-357.07	-81.51	-616.58	525.40	-181.23	-61.26	-948.98	-672.63	-386.91	280.19	-717.80	1232.97	341.73	55.54	-159.18	-509.80	-517.71	-112.21	-604.31	395.88	-722.10	-99.24	-325.88	520.67	-73.47	-289.02	-911.07	-255.64	-193.50	-453.68	-364.20	-553.54	-441.94	241.04	-23.53	-1094.68	251.38	-52.06	-120.28	449.79	-391.23	801.41	-126.00	-1191.84	-274.40	-731.67	748.41	693.52	857.56	229.94	-554.48	-175.16	294.76	89.58	-687.01	166.01	673.16	585.14	194.20	-321.82	-317.87	-661.38	-378.46	-1023.54	-46.69	336.60	933.30	-110.38	736.68	307.44	406.99	-748.41	
34.90	136.47	463.66	49.50	-71.98	-257.92	-288.00	495.59	303.10	403.54	-285.81	-234.63	757.95	485.51	107.50	241.71	148.43	-711.69	-86.42	-188.67	45.79	374.68	512.46	-1.80	639.72	201.59	249.30	-351.00	520.97	-305.22	89.86	-103.16	454.67	-207.18	-329.98	-603.90	267.37	558.41	80.70	151.90	104.36	168.58	-37.50	-406.40	479.23	-903.50	-54.06	256.54	30.66	-112.98	129.64	521.04	424.33	-261.74	143.92	-166.34	-319.80	378.21	-489.20	128.16	-458.02	-235.66	-290.66	-409.44	419.73	118.31	-639.19	773.78	-87.62	643.68	168.32	-232.13	642.86	229.91	506.13	-646.67	-54.16	-239.26	208.43	-404.01	743.55	352.85	-239.29	249.82	-380.08	-797.55	-102.93	352.04	331.63	467.23	-287.96	109.41	-192.17	-84.33	-148.41	7.52	-299.19	135.52	426.16	775.28	-830.09	270.76	-128.45	292.06	120.18	-745.71	34.87	412.77	-463.92	250.97	-297.42	281.93	246.27	-605.63	-109.37	-505.47	387.53	333.94	1551.87	-1374.67	-544.51	-829.39	-504.35	-56.06	653.55	-404.92	-515.19	-802.88	733.86	-370.47	-402.14	-134.48	-59.35	-373.91	314.19	204.30	83.52	-755.12	-466.93	1093.98	224.19	-1006.12	48.15	649.75	430.30	-144.37	1263.15	-203.28	467.05	488.62	-261.16	587.81	-793.34	1228.36	-361.26	291.95	71.67	25.30	-710.61	-1568.32	-156.86	882.00	514.70	-319.97	-1027.45	801.07	783.63	108.41	-250.89	265.18	-111.32	-471.77	153.06	248.61	-147.70	-83.60	-674.07	-18.85	239.09	-267.04	825.80	537.72	288.28	-516.52	-165.71	-692.70	-985.77	-549.04	-348.47	275.92	514.41	547.46	389.90	124.79	-797.03	-318.97	182.32	-331.86	-345.79	16.44	
-241.85	426.65	-709.17	-713.78	-391.68	-724.45	402.04	-106.62	-471.67	667.22	-885.08	-660.06	90.03	-418.23	-141.41	-384.83	55.40	153.63	-632.21	-119.07	389.81	-40.91	-642.03	445.03	-132.08	362.81	40.60	-157.98	616.62	104.55	-175.57	43.30	77.93	1084.90	-316.58	-284.44	-179.27	129.11	-549.93	245.19	293.44	250.17	-1.63	519.66	-89.02	-576.57	224.51	791.94	1198.59	17.27	287.64	164.71	91.74	740.67	496.01	258.48	-671.24	961.16	-573.31	183.62	-700.06	-1051.67	698.43	-245.57	-4.96	325.82	990.62	-183.15	-376.84	-547.54	-510.79	694.73	-104.98	32.10	-329.96	654.95	535.76	137.91	331.85	-682.04	-486.06	230.38	-736.49	-279.81	184.64	168.73	83.46	36.48	-497.53	1031.54	-1033.73	25.41	-489.16	124.53	-596.94	-253.94	179.22	262.88	-570.42	376.38	-224.94	64.74	201.21	-172.91	-272.23	-369.94	265.53	-444.23	-42.54	-175.37	4.64	1.18	-799.12	161.04	-209.24	193.91	59.88	-253.62	137.66	187.69	-676.36	10.03	-93.22	-971.77	529.64	-166.88	51.22	-416.47	-83.48	715.46	30.73	419.44	-15.92	38.65	102.27	-497.15	660.63	133.97	183.40	-373.46	-767.46	617.00	-253.31	163.65	506.97	-308.33	-576.68	-286.19	169.79	195.34	367.95	121.13	51.61	-414.81	-577.05	822.84	-57.63	328.27	-235.93	-75.65	668.96	-707.11	418.71	-202.91	-616.42	-268.48	102.48	228.25	-478.63	107.98	-132.90	887.37	259.10	572.46	-837.71	-15.56	-596.92	-192.06	573.61	-178.22	-33.93	538.74	225.70	-664.34	-312.81	25.55	-154.24	-98.29	442.30	-630.05	239.03	-604.35	-665.80	-447.08	110.86	-85.38	-28.61	-453.12	235.21	-17.66	
-222.19	261.85	503.48	-217.93	748.79	317.18	-454.89	172.11	416.42	-316.53	-453.22	330.75	-452.55	180.42	-766.48	427.01	1070.15	568.11	-57.44	-35.46	100.56	-125.41	-185.57	-39.65	524.92	316.73	-422.45	57.67	-403.46	115.22	536.56	234.78	534.25	-383.40	-310.62	404.70	-77.35	1049.68	-60.54	13.21	-581.84	140.86	468.18	-242.33	164.74	-324.90	-247.29	515.76	-609.96	345.25	-256.17	401.41	79.00	-955.57	-253.00	776.55	1148.00	917.33	277.68	1062.79	-204.47	956.78	1096.15	-518.50	-281.54	-534.77	-311.50	-109.05	57.60	-638.83	152.18	59.32	-534.32	280.26	-138.12	899.61	-134.81	-575.26	-137.40	195.28	212.70	407.74	-557.36	8.89	381.58	311.03	306.86	968.86	-872.96	117.48	-736.19	-670.36	-601.41	-332.90	-273.43	-64.06	-65.05	174.28	-487.48	406.73	274.01	810.46	80.44	-649.16	267.89	44.38	31.13	2.09	-361.81	-16.35	345.64	-80.11	-313.79	112.07	301.63	-268.56	140.56	-146.89	376.10	446.75	503.90	-180.49	-458.76	327.50	-174.68	-1088.58	248.87	-99.70	-115.86	601.42	-228.51	577.69	-243.92	-111.78	12.65	-420.91	22.19	-158.08	-46.19	-125.47	301.15	154.79	381.77	688.96	303.72	-393.41	97.05	102.20	147.02	-850.65	-379.62	-4.31	-492.06	762.16	-593.04	-464.93	-238.72	564.23	273.25	44.65	463.57	-48.04	-903.08	26.49	-119.85	695.69	358.41	-58.42	497.62	-137.26	819.49	162.72	717.59	-249.17	5.40	-327.96	-115.07	-688.31	-432.74	266.02	-7.89	-146.17	-8.71	-134.66	-210.74	739.25	-326.98	-160.33	-155.22	-548.80	227.53	-574.21	-503.57	-779.89	-224.46	-398.37	-910.63	14.63	148.97	-426.73	
638.05	643.77	-242.99	33.57	56.22	-637.50	54.30	138.15	49.15	878.47	64.15	-144.98	214.84	922.21	40.78	10.05	169.03	-974.92	-727.47	349.22	-742.43	-20.65	-443.73	-83.37	-326.17	26.49	341.55	-273.42	-71.26	-110.90	357.39	-288.72	-625.63	262.80	188.06	74.73	-382.61	-369.28	-286.35	335.62	-619.70	-716.47	-900.85	763.59	305.49	-254.40	-463.17	-157.75	-641.22	481.97	-309.71	162.89	147.18	24.54	88.58	-156.72	-87.03	-247.05	-235.33	102.18	-73.26	870.58	83.60	312.11	824.43	-311.90	-236.80	-906.70	-392.49	-696.61	276.48	-32.63	40.61	-209.10	-1300.58	-587.55	1020.16	-823.01	-387.86	939.22	159.20	517.24	974.36	228.70	280.44	-80.69	1.71	-549.19	-233.06	-95.75	-179.99	420.09	-887.17	-415.63	-455.70	-355.62	492.78	-1205.30	97.26	-257.35	-305.63	70.94	-721.35	-87.17	-576.88	-643.73	232.64	287.16	459.21	370.91	-353.44	-93.38	151.03	34.22	-334.07	152.33	-191.15	159.82	-268.01	-493.97	-553.44	-850.16	332.91	885.71	-149.53	-635.35	-141.51	121.02	-11.15	715.20	1280.00	426.15	314.61	-722.12	-715.39	103.21	-339.18	-273.46	-189.55	-73.88	361.92	112.00	386.79	511.31	-425.94	992.96	755.74	-445.40	-621.48	-432.36	-532.99	25.33	716.85	-563.91	435.34	84.04	-258.75	-21.04	-268.32	-204.90	173.99	-384.94	-770.99	887.34	635.87	-373.45	456.98	-436.94	733.11	-470.27	415.51	-173.20	94.00	651.85	365.04	-134.72	720.27	-129.15	-193.08	579.15	-1028.64	-200.14	-424.01	-722.73	-438.85	104.98	952.47	495.89	-20.59	154.80	-228.72	912.46	-420.74	135.31	85.14	520.91	-0.19	195.54	-730.67	570.39	
500.06	192.90	-39.94	116.89	-394.78	511.25	405.85	578.48	13.97	-147.29	169.03	-83.49	745.11	-111.94	132.93	-8.99	804.60	-231.16	939.16	-23.79	-384.10	307.42	283.38	-279.04	215.68	853.35	582.08	-342.89	218.29	423.37	-193.08	-313.32	-60.45	-116.84	-120.02	409.82	311.84	-453.98	526.86	483.45	-22.38	-157.53	-19.41	-191.89	667.75	-458.81	366.34	-126.29	496.11	318.77	108.50	271.90	815.25	256.83	824.27	-244.58	-742.00	451.46	-73.24	-542.58	-30.16	608.33	-638.11	639.65	-66.42	-464.32	-898.07	-321.19	7.18	314.11	300.46	83.99	164.99	-237.48	-775.52	153.03	1553.33	-347.03	-33.47	-894.67	756.26	752.47	-441.95	-181.22	-67.08	158.95	690.12	640.32	-771.58	-395.19	680.76	-371.81	6.66	826.73	-442.77	235.81	386.31	-106.24	-21.98	513.64	-102.51	124.09	339.54	325.99	-123.84	-250.91	-136.86	288.83	475.62	197.05	264.56	912.08	-356.18	-382.86	-56.43	-73.09	276.45	803.12	-332.01	-439.14	-559.94	10.71	536.30	174.18	387.01	-266.61	328.22	-193.29	923.74	127.82	-290.36	304.09	311.11	-722.03	-275.77	-127.31	282.60	31.41	-1079.27	10.12	-944.79	1076.68	-413.44	-1220.97	574.38	863.90	-395.47	325.26	271.25	-748.89	-385.41	-466.74	-349.19	-463.62	-509.09	281.18	196.45	-767.64	243.58	-1.84	-113.03	424.19	-395.18	-241.03	48.81	273.89	-334.18	-594.75	-66.60	-353.24	910.62	342.88	109.36	658.70	131.11	-596.29	258.41	628.95	-129.80	-58.96	-7.00	54.38	758.55	368.34	403.53	113.91	-237.36	343.31	-795.31	196.02	990.37	-463.64	-572.56	45.65	-183.92	699.09	748.72	-122.01	0.52	564.92	
-202.64	875.52	-500.12	934.10	-345.23	43.30	-72.54	-284.67	500.36	-287.94	-602.71	-1580.76	746.16	671.60	21.36	278.77	-486.80	-536.41	-265.49	187.34	-131.08	-413.20	-318.53	498.74	365.65	-418.13	1252.51	23.79	-72.38	412.97	-375.04	122.97	336.42	510.92	-10.63	-50.92	66.61	838.58	-495.46	44.87	868.09	201.34	-130.81	411.20	-661.41	-454.44	157.75	128.97	208.41	917.25	-238.74	-605.82	-142.65	-833.68	-548.83	-103.52	-0.59	-135.52	316.52	285.94	-956.68	68.62	-218.03	-452.58	-12.50	-226.30	141.86	-476.96	71.89	268.90	-451.59	290.68	958.40	403.73	50.30	167.51	834.08	200.92	116.46	-166.14	-132.61	-146.74	234.30	1522.00	799.10	-406.34	280.98	149.70	-467.94	-694.33	123.06	25.18	-29.98	291.56	337.22	-61.06	397.02	-267.60	511.21	265.11	-55.63	-690.98	115.80	683.09	-375.25	291.62	-406.82	-1084.66	186.91	-47.59	97.60	186.74	2.41	49.21	-123.78	-369.03	-328.99	357.22	169.06	422.47	885.54	417.00	-437.85	-323.82	514.12	197.69	-75.31	-117.72	-476.20	644.98	-222.10	-333.79	-213.28	118.27	-315.98	-394.24	564.36	-620.82	-481.88	-653.11	-23.28	133.67	-304.42	316.23	-556.67	-442.99	23.32	439.66	-165.33	119.96	-265.25	16.63	197.28	-424.95	586.84	182.71	-62.02	-790.65	-508.34	-898.84	131.31	21.95	381.79	290.07	-237.24	670.49	-811.38	258.60	-72.79	-25.90	10.53	-62.63	250.23	42.39	-711.71	90.31	591.35	-674.88	-357.45	-1184.34	-829.30	-381.38	146.36	-627.02	220.14	-485.33	225.98	-111.33	257.09	-635.85	472.21	338.57	-1183.82	204.20	-658.61	1009.62	-219.76	57.79	-635.60	437.62	
-335.70	-280.55	60.53	225.69	174.81	60.11	-115.77	544.83	-326.07	219.19	444.44	461.97	419.21	-249.95	450.69	173.53	-524.39	516.62	568.37	796.42	-576.98	279.59	234.47	99.23	-679.62	-146.06	89.91	171.26	665.04	186.52	-355.88	413.90	503.60	-65.81	-145.89	501.69	533.99	15.25	700.94	466.04	-432.76	-75.51	408.99	535.70	-151.52	-117.16	559.83	396.62	-68.39	155.58	1111.51	194.00	382.61	-587.85	160.49	-83.79	-380.87	112.26	-409.90	-396.59	-17.08	238.44	160.48	19.29	-60.53	-148.31	-305.52	185.83	215.02	121.83	52.57	363.52	149.76	932.34	-341.84	-494.99	297.88	19.62	-123.43	463.32	337.90	1388.02	625.99	546.81	-283.63	412.14	-64.13	156.84	-492.47	-28.59	46.69	99.79	179.15	-138.82	238.24	393.76	-327.91	243.47	240.90	-483.04	-600.93	-202.43	-470.48	716.30	-480.01	619.40	159.38	-187.62	68.76	-9.15	26.59	-215.93	-291.85	221.95	-535.18	-922.93	394.73	-218.01	-226.76	139.40	-23.82	-247.02	1.77	-652.35	62.29	-575.19	-260.04	-1107.08	41.17	167.87	-1038.92	-902.32	-70.23	-389.84	294.14	349.85	-196.40	42.16	-221.98	-687.81	137.80	-333.17	-122.63	-27.07	-496.22	302.59	270.83	-805.67	-129.23	111.47	-623.63	85.49	226.47	-95.43	461.91	331.93	181.17	-340.05	-382.46	257.59	742.24	-538.12	-457.40	129.78	-487.69	499.47	-63.17	-408.64	-125.71	-332.43	596.12	-252.77	-75.22	642.99	-790.99	-323.30	135.89	-29.48	206.31	-438.13	132.06	-459.72	721.39	199.27	383.63	143.19	-30.37	1101.56	1301.91	-181.58	-334.21	-185.52	531.03	322.64	-6.53	-626.44	-469.16	-212.36	83.42	-230.81	
457.42	-1257.01	-458.68	238.58	-556.75	80.42	-600.98	-280.70	412.21	-80.61	278.87	-61.03	-682.76	-873.73	298.31	-393.10	456.41	-725.65	1040.88	-582.71	1197.22	516.05	113.55	-272.92	343.98	-301.83	246.10	18.57	-485.39	32.08	792.62	561.97	-455.48	247.94	15.27	-641.16	781.52	365.54	346.13	-46.78	-607.29	-43.01	-965.98	82.96	-284.19	462.47	24.79	31.70	731.56	-380.99	96.63	450.46	36.43	229.12	2.31	744.71	571.52	-291.34	219.09	376.40	-204.43	-1051.49	78.62	78.25	-559.14	462.01	-61.45	-156.28	-938.24	-126.37	481.77	360.10	-630.03	268.12	132.28	602.29	397.52	-535.02	668.92	213.64	273.08	1102.74	-280.93	35.28	884.17	61.83	-185.61	186.30	-34.45	226.56	62.94	-593.88	-66.01	-438.64	-308.00	1303.47	83.21	-563.33	-262.26	-466.62	302.11	-82.27	225.86	-11.85	814.60	-292.64	605.79	115.87	-525.75	-6.15	-69.70	164.98	221.10	-1145.81	242.17	276.94	26.52	527.08	197.37	954.17	-298.75	373.38	-276.31	355.60	-136.94	-82.32	-62.87	1088.70	-452.49	-352.23	302.58	339.49	-1081.73	376.18	-559.84	-13.08	343.23	571.27	683.47	-562.72	-417.02	145.96	708.72	-55.88	302.63	316.50	139.98	255.68	-253.55	-133.54	698.92	-436.29	144.41	109.25	131.68	146.32	-521.33	-479.43	140.06	321.34	-33.83	1546.09	22.29	905.49	567.47	467.88	704.45	65.82	669.90	128.31	-420.19	1087.79	342.18	-347.93	-99.17	163.06	-538.23	792.74	-123.63	-211.16	-394.23	295.04	-37.15	818.37	-285.02	-49.01	-374.92	221.49	-255.70	-28.46	-215.72	-399.55	-77.30	-322.04	121.95	475.82	-168.43	234.96	-322.04	203.61	
105.58	-16.69	624.46	-421.39	-499.47	-117.97	-339.47	50.34	208.72	506.23	-26.17	302.18	400.95	-1260.31	-193.49	-43.35	-175.96	27.65	-208.33	-481.43	283.00	311.94	144.44	316.61	-184.07	289.85	-254.26	402.00	-443.35	-197.25	580.47	35.22	85.14	-76.73	25.06	521.55	-892.09	-100.01	384.27	41.18	-826.86	-491.45	249.12	-175.01	-120.21	398.19	-433.99	-191.83	-870.58	513.12	-537.50	-1001.47	-191.61	-70.23	-429.79	-785.54	647.52	580.54	735.28	116.65	-472.32	-787.04	721.38	24.23	585.20	139.64	-462.14	562.92	-79.23	-108.39	-756.13	-554.78	-215.49	-247.54	170.68	-220.86	448.36	327.86	135.61	-316.41	446.79	-133.04	228.03	-324.98	621.07	433.81	695.44	737.76	-69.31	1482.90	614.45	347.82	-434.71	-91.77	-713.71	785.27	340.40	-142.52	-709.07	289.69	274.56	-9.26	874.93	850.66	-310.44	-569.79	-612.26	262.90	-536.04	-130.24	91.71	-452.20	-575.52	-320.12	-275.87	749.12	153.30	-258.15	567.99	-253.95	236.94	149.53	-66.82	-188.82	-145.20	29.34	621.57	100.98	-243.61	-353.78	851.88	186.10	-613.18	4.92	-198.05	196.47	804.56	772.81	-231.85	407.11	-703.29	932.97	71.93	420.05	-77.93	-705.42	15.69	-149.34	-144.20	-640.39	98.39	203.59	-243.41	-335.17	1352.56	1045.74	-75.31	146.22	-353.02	35.98	411.67	200.84	391.05	501.60	-678.80	209.68	-321.45	-330.25	700.81	637.75	-181.00	-351.46	230.01	-750.96	368.10	-672.62	-1012.20	-675.78	-626.74	-650.36	197.66	375.95	442.69	641.49	5.63	487.98	773.17	104.84	270.81	-369.77	973.00	-496.73	-544.78	-12.15	-59.51	246.28	-82.73	-1000.64	409.28	227.43	
485.26	-526.35	-106.49	-504.33	-176.04	488.18	128.16	-187.49	536.51	270.24	124.90	282.06	-4.06	-208.52	309.11	-160.68	-995.73	-120.15	374.21	541.75	-355.14	-406.98	346.18	127.67	78.63	18.55	-277.56	62.66	-224.99	-33.58	411.39	214.56	291.91	172.05	248.23	261.21	411.60	1401.52	29.20	-130.81	-96.40	390.03	325.64	-312.50	-393.05	-199.15	15.69	-422.33	-80.25	80.90	112.65	-129.98	358.53	-614.88	-7.29	270.26	1141.96	317.15	49.99	-31.57	771.76	-460.55	-470.79	-517.37	-472.30	618.36	-167.99	314.79	-488.62	208.95	212.94	-71.34	-475.85	-6.37	-345.89	579.99	-740.90	742.74	1386.81	-394.28	-161.78	74.62	-74.01	-419.54	18.62	-187.61	124.35	-352.02	227.93	-349.02	974.42	-272.79	19.94	-617.21	-808.21	-353.71	-145.31	-265.75	-35.11	6.64	870.13	-94.69	21.12	90.40	176.06	-566.54	-573.65	-544.96	323.06	-572.83	511.20	521.80	-251.32	-130.32	401.75	143.43	16.46	367.74	-267.57	668.79	-10.95	800.36	-597.79	-103.49	-96.62	-102.43	505.00	61.38	587.12	182.37	-4.30	440.06	-124.11	-387.08	-23.26	40.79	-340.84	208.38	607.53	-517.81	-80.59	354.26	-63.50	-847.13	118.32	354.63	-906.85	-978.41	-538.06	-204.15	285.32	-784.75	154.50	-915.80	378.53	249.62	139.91	425.18	-344.46	-357.56	552.15	18.43	-380.53	205.65	462.89	-163.12	-1174.89	-81.83	262.41	-597.20	1196.57	85.77	404.37	718.94	-312.96	309.36	-992.52	708.61	567.24	-90.29	257.03	191.40	157.21	150.54	-480.73	162.68	1.94	-68.72	-566.38	303.65	-69.00	331.93	-818.48	-820.74	30.88	257.69	183.04	-84.60	-137.39	-1.54	
-197.15	770.24	143.59	-373.25	261.14	783.51	-271.06	-85.36	38.26	-288.05	-600.88	-612.82	-628.19	-873.54	-573.51	811.49	-532.23	26.20	141.05	-633.04	-23.32	61.67	-66.09	-902.17	-163.40	120.57	265.89	-632.74	1009.67	-70.11	184.29	697.56	43.39	-102.40	272.67	-92.27	-197.09	318.83	-408.81	-628.52	-231.46	-410.19	-148.11	197.30	107.36	910.39	-689.17	-30.50	-642.97	-26.82	-209.14	524.18	-294.27	-45.93	-232.23	-118.63	-308.07	-51.29	217.86	222.07	1300.12	368.28	-343.21	76.28	-92.83	-434.59	-690.39	-358.15	68.49	-348.19	752.60	-468.38	752.38	-147.17	-678.52	271.48	-91.05	590.02	-445.41	625.88	249.34	-731.79	263.86	136.62	-484.19	-15.81	73.84	163.72	1308.33	-18.96	114.08	-556.45	494.10	-606.32	-485.91	-178.39	-313.55	-120.40	579.47	-74.75	-606.01	396.72	21.29	95.14	839.94	-928.32	28.22	227.45	97.37	20.11	234.06	-578.48	1072.42	-163.01	150.18	194.84	157.70	108.36	774.69	431.05	-34.41	81.12	26.27	683.85	-84.63	-29.17	39.57	-147.76	-559.57	-2.05	1120.77	560.12	323.88	-351.20	-406.64	-114.74	0.58	535.90	-178.14	259.43	-166.29	-395.50	526.85	-769.21	-333.22	149.67	142.08	-671.83	-347.31	596.75	46.34	-640.08	546.64	-245.36	920.28	-533.26	-522.59	-737.58	777.76	-278.47	-380.22	240.95	-1041.43	425.47	-63.31	-846.08	1163.71	121.84	-330.72	1.72	962.42	-593.19	-514.58	310.07	61.79	161.71	242.33	503.15	-479.23	619.51	573.04	-414.18	97.88	-273.21	228.73	-690.64	545.42	267.50	-433.59	94.03	115.12	539.50	138.56	-782.49	52.37	256.65	125.16	138.17	261.75	415.83	
-1128.31	-155.40	-724.20	-305.55	-783.31	314.94	493.57	-1196.20	-293.08	-259.91	635.31	-458.94	436.70	-8.55	226.34	-386.62	770.60	310.81	-163.99	-266.73	-178.66	-878.02	364.30	-24.38	322.30	586.27	563.84	474.94	823.57	405.71	-309.45	195.16	-103.97	-468.41	-606.20	-454.74	578.79	165.40	-188.22	348.03	133.23	22.36	-546.67	627.16	53.99	-363.45	-231.86	-206.02	55.92	806.65	-591.84	387.04	-277.43	-218.20	-692.13	-468.37	-173.04	-772.02	649.65	292.67	-359.65	9.94	241.82	-52.12	-5.60	-66.47	-418.82	-318.17	-151.36	709.24	-423.24	392.94	-137.85	309.25	-109.40	-298.62	714.81	119.43	-655.90	437.61	205.23	697.37	108.69	406.44	329.24	-600.44	-431.83	-83.21	-1.11	83.41	193.51	-111.30	177.95	-227.85	459.57	-598.10	-565.63	405.16	584.47	41.47	485.78	-149.42	-306.31	-789.74	-872.18	330.56	-401.49	-220.33	660.81	467.96	-118.48	427.71	116.90	-538.10	608.47	691.50	31.79	548.86	315.89	957.83	162.28	-350.87	-391.50	54.49	191.84	193.25	50.15	-168.95	367.92	-261.81	726.76	-245.34	686.11	-901.30	-602.82	467.54	238.64	124.12	-717.34	-44.73	-370.40	-199.38	-134.95	54.71	-264.36	292.56	90.34	-464.37	87.25	157.69	-689.03	-287.29	33.24	-144.04	16.16	623.37	-179.93	409.17	-368.69	-406.99	-203.99	276.10	308.18	-572.21	-1029.47	584.04	-505.99	-35.07	-932.52	244.51	-513.02	-361.51	-220.15	-172.12	351.44	180.16	610.59	-135.14	790.66	-299.48	-138.34	88.81	-227.04	597.01	-527.15	-73.25	694.48	-6.58	360.89	582.34	-154.13	730.09	368.01	520.97	-149.15	-494.82	-395.36	277.15	-933.53	304.91	
404.03	323.48	-32.13	-470.89	136.09	-401.44	-242.64	-477.86	-839.30	784.18	-236.09	333.27	599.40	593.79	37.62	106.86	621.47	270.19	-230.80	546.46	8.94	-542.12	489.00	387.94	34.49	475.50	-116.68	-553.89	241.62	63.56	-427.86	-1236.69	-870.54	-446.33	-210.37	255.53	-938.54	142.52	-190.98	473.47	330.04	196.48	354.05	-65.80	-97.77	12.94	108.48	517.41	606.82	-555.87	479.11	181.51	-135.44	383.84	-788.46	-34.36	79.94	579.09	-542.54	694.86	-585.67	-432.52	-480.43	767.63	-128.75	-410.27	791.83	-88.74	-1018.08	956.68	1049.63	925.17	120.20	-376.49	-2.47	-305.74	1048.33	-66.69	-258.08	-394.91	577.12	673.06	-813.08	-394.86	-99.18	-205.75	251.03	-518.13	-572.17	880.32	334.91	409.07	-287.69	-744.82	223.56	-832.18	328.85	-251.43	-1123.56	-218.89	808.62	180.35	1.07	664.79	-54.04	-234.35	-13.95	-336.44	536.30	45.27	-206.98	-195.66	-164.88	546.39	-181.23	85.27	-320.34	-509.46	338.85	-209.62	-1038.75	-334.87	-83.84	-730.40	-91.61	-705.97	-380.59	-889.17	-52.52	170.86	-174.35	-1043.51	613.24	436.46	924.43	30.99	404.41	117.76	-123.55	-306.17	173.30	-365.02	880.56	410.82	633.55	469.20	1174.06	-501.88	-268.59	-38.07	44.13	199.90	179.05	-129.08	-14.28	756.33	-365.08	200.53	140.56	348.48	-240.30	-188.46	-361.09	325.07	-455.04	715.34	-457.18	417.16	-106.39	-421.84	174.03	541.47	-444.94	366.15	1036.59	-677.33	-972.43	193.61	268.74	657.83	-745.80	388.43	1148.53	-516.39	-233.33	52.18	-982.25	63.47	429.41	272.70	634.83	-233.55	546.26	-861.67	461.60	-240.46	-162.96	-248.21	-115.85	-336.02	
540.63	-8.25	-330.19	87.30	441.67	-202.26	248.72	-384.28	-228.36	-50.19	419.45	280.16	-238.49	652.33	-104.78	263.90	-103.43	-695.71	-35.98	1091.93	-502.56	-133.65	793.82	-286.06	-593.28	131.64	-311.75	-271.38	-382.00	104.08	610.23	-257.27	-339.58	189.79	-203.32	74.94	-78.01	417.42	-402.40	118.09	-36.33	-27.27	-201.78	-129.18	313.39	49.72	562.37	-783.39	437.53	319.36	369.00	-47.76	235.80	685.58	-769.48	-503.11	-738.59	-792.68	-8.81	883.19	-524.67	61.25	-99.93	-226.68	47.33	122.39	552.16	405.54	-379.87	-171.56	-133.02	444.66	-140.59	995.77	8.45	-571.59	-617.68	-70.77	-867.76	-217.30	572.97	329.51	-70.11	-530.31	-7.57	89.19	-302.86	-119.54	-662.87	253.29	-154.78	-202.88	-47.62	368.69	-490.49	419.55	369.67	595.30	-1114.44	454.06	-527.21	-261.13	39.69	-521.36	148.96	-390.65	-725.17	-20.91	814.71	-540.86	-621.02	-241.77	-227.55	170.52	-72.32	-315.83	947.05	318.26	410.06	-352.46	269.68	473.75	409.15	-529.91	222.79	93.86	144.97	-37.14	-573.07	130.06	154.03	-134.18	-80.56	744.34	745.48	-856.76	195.48	388.91	-839.23	-879.49	440.04	232.13	366.17	533.02	300.52	235.67	-673.04	175.26	-10.11	-244.68	995.98	2.66	-319.86	-1030.18	1069.79	-455.27	-675.20	-525.49	17.18	6.30	-197.22	-592.39	-104.51	464.44	-434.06	87.59	-364.83	298.26	-170.92	61.43	261.35	-687.39	-352.52	210.96	535.34	-256.60	-459.66	48.16	-152.59	-80.10	460.48	156.83	3.88	-293.28	-426.62	-457.60	279.79	-1219.45	-430.61	72.99	188.23	198.91	610.18	-157.00	44.45	617.59	-286.93	-34.21	291.34	-699.05	
-948.65	-124.14	-96.59	62.70	-392.96	861.98	-157.76	477.57	760.58	-1290.19	-317.70	-205.21	-46.35	-705.51	329.93	355.11	600.82	140.61	-122.42	356.44	422.08	-532.47	412.09	87.07	260.10	1128.40	-292.39	-85.91	-454.86	158.56	-514.51	480.86	296.82	-206.28	725.93	115.33	-838.26	385.56	-57.73	104.87	136.32	261.31	129.87	247.87	33.53	170.11	388.62	143.44	142.48	328.75	-169.31	411.07	914.03	715.13	-334.73	-750.62	-17.02	8.49	660.81	178.76	-227.72	13.95	491.39	220.59	-23.11	684.97	-306.67	-316.12	-65.41	169.04	-206.41	602.37	6.77	-38.44	-146.64	272.91	757.28	176.32	-343.18	-179.64	405.89	-359.07	-227.73	371.44	27.78	642.54	427.43	827.69	399.71	1024.54	637.74	-810.03	-483.99	-474.26	-1040.80	394.99	-324.73	571.72	-81.21	357.51	185.07	-292.56	246.65	425.91	-280.00	-223.26	960.70	493.84	-417.32	-42.10	298.80	271.52	661.27	672.71	-131.59	174.21	456.05	172.52	-41.62	-492.04	724.58	-257.41	-393.56	554.23	503.94	-323.18	87.92	538.31	-295.85	-421.03	343.83	-682.68	-178.79	-511.25	-449.00	-369.77	759.39	79.14	-44.22	178.24	-714.40	188.48	-498.80	-1303.33	445.64	-233.10	-797.89	-277.40	75.65	266.96	-298.67	-139.49	-138.67	-1134.46	400.91	397.34	-218.04	-365.24	-81.87	236.65	589.44	156.58	144.31	-253.28	-556.45	117.48	-17.68	-199.94	-128.87	244.85	925.84	-57.98	207.44	646.01	-309.26	431.87	660.25	104.37	846.25	-347.19	1000.47	73.68	302.66	536.31	-335.15	357.51	473.94	-257.85	53.41	-500.90	861.21	-440.62	171.06	-48.87	-197.18	-93.73	53.60	-472.33	360.35	-545.31	
-405.51	664.86	108.50	395.35	478.42	-15.22	428.59	647.46	60.61	512.02	-406.51	884.52	162.62	914.38	205.51	87.19	303.94	249.36	-503.46	901.26	-422.92	53.04	-396.82	28.44	-174.63	-213.50	627.36	-32.17	460.34	-556.24	324.54	787.37	-303.30	-379.07	-369.51	-85.05	-582.27	-339.76	-365.90	450.97	186.29	-831.51	1.70	-1144.88	-735.10	761.01	521.10	-441.15	-351.74	-549.63	-39.83	-1018.09	456.10	56.80	-379.16	-189.61	-901.67	841.65	229.41	-57.32	433.80	1330.94	-111.62	-545.04	121.10	307.35	-1600.13	-419.39	-364.65	-94.56	300.85	438.04	-913.22	196.56	313.37	276.12	-404.23	-305.44	307.95	63.05	151.13	-671.13	549.56	-467.02	-371.12	-318.70	310.57	348.03	-281.19	-318.13	-378.21	246.23	-639.80	24.30	266.87	-346.39	268.81	-224.05	-248.29	15.79	592.57	-264.93	-482.54	214.03	196.77	378.42	-421.65	-76.80	-418.25	397.29	-304.35	-699.01	834.40	-409.55	-788.00	-531.86	451.02	344.08	-579.12	-631.70	-515.77	-80.90	222.65	272.05	211.95	657.69	828.23	648.06	-262.20	868.90	154.76	-485.06	-792.35	499.78	-154.04	680.30	-243.96	502.27	774.96	-874.57	82.01	-141.06	153.86	1150.13	276.30	-333.64	619.26	584.28	306.05	-79.64	87.32	114.46	-127.31	219.71	335.30	174.31	161.52	-146.16	195.66	533.04	-642.62	260.00	50.18	409.83	-142.11	-483.15	-164.99	30.75	213.11	-49.26	27.89	-350.14	-161.03	-408.20	-287.55	380.24	-273.16	-441.86	714.46	395.38	-518.97	869.87	503.55	154.79	494.28	-378.30	985.55	-150.24	-528.56	70.47	201.88	-371.48	-50.43	-129.35	-402.83	-104.92	-37.78	-100.01	521.92	-392.89	
1099.88	-97.04	347.73	880.25	-392.91	-194.75	368.56	-48.13	-69.97	-190.15	-665.53	-1153.73	305.02	-239.40	148.25	22.88	153.63	261.34	-239.37	145.68	-546.14	580.16	-115.92	-396.23	-489.56	-73.09	-460.43	-29.53	-559.31	-530.58	134.68	-175.26	168.01	110.72	-43.77	-352.91	-113.70	538.03	-186.90	526.45	645.30	230.19	-1043.92	823.08	-76.73	540.37	367.12	-746.83	-304.26	-43.49	-131.34	-492.86	-95.66	558.64	209.74	833.37	596.00	-970.41	325.10	424.79	287.16	-434.28	-560.08	232.57	383.07	460.88	418.34	-114.31	747.65	620.64	124.42	366.67	570.42	101.92	763.96	-125.74	-150.24	508.31	-1039.69	-173.90	785.11	-127.27	-494.50	768.23	28.18	-134.43	-1095.98	618.95	-93.73	76.58	278.93	-196.72	507.21	-439.29	-780.65	-471.32	-174.53	-210.17	1195.43	-288.63	-413.58	524.51	411.91	-204.80	271.29	-515.51	-433.38	-556.43	445.81	754.79	-836.78	-664.74	841.81	38.57	-125.11	335.72	450.54	174.93	879.41	76.42	654.15	191.44	130.73	830.15	-247.27	-141.97	-58.40	-726.13	-996.43	313.51	-462.65	-52.42	-366.50	-891.78	74.57	-176.78	667.33	702.26	-197.99	-143.73	-403.45	-194.85	-377.78	-288.64	338.10	-97.27	-226.05	647.75	-135.18	-317.48	391.65	-171.35	-1007.59	-295.79	-108.39	699.73	222.25	-481.11	58.84	-172.00	-122.65	-213.36	657.36	802.14	-118.78	-497.16	-63.61	55.07	615.99	131.99	-790.11	-132.27	-592.55	256.72	860.62	-644.51	-274.24	-242.31	201.01	-435.49	28.23	181.32	-145.44	-301.67	717.41	-778.16	-512.19	-715.84	-265.63	-115.85	452.65	298.90	260.76	-202.50	355.46	-57.59	648.34	-406.53	-690.09	255.62	
588.30	-193.09	-232.07	103.13	327.43	-127.00	47.16	-5.43	-344.09	-625.78	-268.59	-347.69	157.82	601.29	514.62	509.67	-2.06	72.79	-804.95	446.72	-129.38	346.70	-67.75	-908.21	155.61	-161.24	-380.38	-14.12	-56.31	-695.42	-324.16	1065.50	289.28	-354.95	-169.75	-750.66	669.50	576.77	-56.63	-564.74	-60.89	495.37	-952.64	385.77	-1012.96	799.26	369.21	45.03	52.09	365.79	133.13	656.85	-129.55	443.08	404.54	347.97	-301.82	-17.32	-70.51	-289.88	730.14	263.24	95.83	432.42	-794.70	-239.54	421.10	-313.04	-365.11	-380.07	493.92	661.64	-469.07	238.30	-387.08	461.50	552.86	287.67	-327.79	-131.48	211.39	-324.58	45.61	600.42	290.02	-146.09	-91.61	-227.88	-84.66	150.02	119.91	-97.90	327.79	-277.55	-177.54	-240.03	-58.09	314.02	549.91	-1132.82	-142.14	858.24	-759.54	247.66	191.70	-829.43	-159.89	-336.56	-58.15	-58.74	-66.03	-715.92	759.80	86.73	91.25	-625.26	176.35	-1371.89	451.03	231.74	528.68	-443.57	-629.02	-117.35	-203.87	-466.86	-845.13	56.99	-839.23	-1143.40	234.51	-508.85	566.50	-137.63	793.13	-589.14	720.22	-388.78	414.26	-135.88	-1124.02	-493.05	-323.15	-361.24	1128.05	269.19	-37.96	267.53	-80.47	-249.88	75.92	130.44	770.58	905.62	-502.60	620.57	756.50	-28.59	989.30	691.99	-637.39	-545.78	485.89	44.46	-355.10	-158.60	-790.09	-640.99	416.37	-780.77	2.42	1362.55	761.79	281.88	-506.21	-182.80	-451.28	-562.56	196.15	-90.67	155.83	657.91	-80.19	262.14	840.30	-346.38	-1024.91	152.48	428.70	88.41	282.91	170.93	269.51	-30.27	-5.90	-240.13	733.05	308.36	-313.27	710.77	
137.95	293.40	-559.48	866.85	404.76	-608.17	126.81	1.86	-515.67	-279.07	207.91	432.99	1617.96	-522.02	-393.57	-604.91	-129.68	892.93	-150.17	-232.47	67.31	-620.12	-564.35	-133.16	-122.40	367.37	18.52	422.04	74.08	541.80	-713.05	-99.13	283.47	231.56	-420.48	-61.43	200.94	516.63	982.78	170.75	42.38	-107.02	135.66	1084.61	355.85	-358.04	164.52	724.26	214.08	116.75	240.91	3.33	366.45	482.73	55.41	-810.31	-667.57	-74.97	387.19	220.12	-403.68	257.18	-25.05	-260.90	172.28	19.94	311.10	273.09	-1143.31	765.30	135.26	146.64	483.64	-105.57	-747.63	-472.17	1602.64	-844.64	911.87	-333.16	-679.14	130.86	-1002.11	119.39	215.65	-478.88	261.27	678.01	115.97	112.87	487.92	-169.09	-8.31	-406.04	-178.61	-298.57	645.99	-311.44	148.11	-189.91	201.34	377.48	-295.42	766.47	-116.85	328.64	-338.21	70.48	1081.29	35.37	541.73	820.11	-711.00	-118.81	554.13	-75.25	-73.89	493.81	-591.98	388.52	108.94	-239.59	-261.13	-167.53	864.49	301.80	566.93	805.53	407.80	-387.37	232.71	117.89	-293.67	181.67	-358.48	564.53	-588.58	561.51	256.70	-327.26	926.82	-263.40	-950.59	394.56	270.37	-385.67	-148.61	457.86	63.44	-291.52	-368.28	-910.89	-124.30	375.59	-280.42	772.44	-239.96	674.39	319.58	-437.57	-175.42	294.41	399.85	254.95	540.18	-35.34	-228.72	-1130.39	645.85	392.69	-682.81	131.87	783.43	798.11	115.48	847.43	-572.34	570.90	479.68	-621.59	247.72	1249.97	-104.70	-910.44	47.22	367.81	54.04	-202.26	495.29	323.62	1035.30	-96.10	73.98	140.05	-568.42	-292.25	436.16	210.84	-972.62	133.90	
720.59	510.88	-245.17	155.28	-483.17	-4.96	-349.97	130.30	-48.84	819.64	-52.53	294.62	382.64	-120.49	-410.91	-133.67	604.06	-91.86	-736.67	254.44	769.38	-311.49	-83.17	1333.12	787.28	-266.77	75.16	-448.32	151.18	195.91	127.47	-76.56	-469.16	-610.51	557.09	381.64	460.26	-339.17	-512.36	217.98	65.74	-383.74	-519.32	-80.33	379.89	-816.59	-331.82	506.27	656.34	291.81	497.01	-374.95	-355.97	524.08	89.39	-15.29	-46.19	1018.94	262.81	-563.59	-282.87	543.92	0.65	-15.58	-662.60	-798.85	968.72	9.23	284.41	89.00	15.19	-166.87	-47.26	-773.49	283.91	80.97	592.90	-216.82	-162.92	544.40	-136.69	66.04	-93.54	-262.69	367.25	-364.15	-381.54	-629.31	-554.70	261.67	-146.02	396.77	-709.32	-433.98	633.37	-731.45	43.40	-186.86	-372.84	651.25	-79.04	485.31	-377.05	-449.62	777.95	-1045.71	-214.14	445.81	685.95	424.47	767.98	19.14	-628.68	98.30	-205.99	190.50	9.97	-561.75	-331.70	-613.47	-321.87	-54.96	172.51	131.83	189.11	655.00	456.17	54.60	210.70	-863.55	823.73	-381.59	-61.31	-438.76	248.76	-537.54	91.99	-514.07	760.03	107.78	1172.13	-309.10	-289.14	502.19	15.36	-108.99	635.06	229.01	-895.30	-76.10	-230.71	650.57	25.37	-300.70	-1393.69	-405.36	84.14	-272.45	-370.56	-88.67	-216.53	-316.99	307.41	-602.81	204.23	367.77	-578.88	180.52	449.68	105.07	-36.29	393.80	102.26	131.73	76.70	925.62	-463.14	431.50	718.70	-928.03	-524.36	-212.61	-155.66	101.67	710.81	-849.88	-299.14	-5.79	-277.66	183.78	-248.58	224.51	-83.37	-147.03	813.91	-470.40	-593.10	265.70	-601.26	488.64	
234.35	-24.21	-89.18	-521.57	-34.10	-27.89	-68.41	-73.19	166.15	-182.48	-521.46	137.58	-654.48	-259.64	-396.43	141.48	-84.15	310.18	-766.46	-103.10	-478.23	-366.46	32.76	80.04	596.41	-133.22	-221.06	153.48	-32.22	-107.85	155.33	196.83	203.00	271.40	986.72	414.65	-951.15	255.08	-13.02	-427.93	-232.81	237.48	616.98	1032.15	754.21	-593.84	259.91	-35.59	-341.64	148.15	-24.72	-111.01	-168.14	86.94	-186.16	-428.61	120.21	-109.57	-499.93	-253.77	410.68	-837.02	-39.82	-272.64	-571.63	-582.46	631.49	733.27	-527.39	-500.90	460.31	-11.59	-30.53	-449.85	-319.08	399.12	-105.42	300.37	683.46	609.30	-459.88	-539.38	36.51	-55.37	4.87	-184.77	-107.37	209.55	2.69	-393.68	-665.93	-406.49	25.86	254.85	-307.61	312.39	862.89	-390.63	436.14	-228.18	-1020.97	-546.90	188.59	457.03	574.43	551.22	348.69	257.93	295.19	338.51	822.87	829.55	-488.24	-235.12	-88.84	-124.29	-453.73	-395.92	-749.71	716.29	-296.47	189.93	-19.65	46.78	196.72	916.02	-334.19	-589.44	961.15	-618.72	767.09	52.17	450.36	181.29	-317.16	-665.03	169.53	-107.75	-357.07	-343.69	-143.25	-360.00	120.52	-705.61	-235.84	-191.86	920.96	-686.84	-179.33	343.60	-144.36	0.48	-258.43	-344.95	670.09	-784.80	-3.45	156.25	938.19	277.60	235.12	-291.68	353.62	-121.78	256.45	588.34	-237.19	116.62	-176.10	246.10	89.11	262.48	-437.86	109.09	228.40	-124.06	500.64	653.03	300.14	269.67	-806.68	-876.72	426.94	997.98	-40.84	4.99	-170.15	280.97	332.95	-35.71	-685.39	697.41	-549.73	-254.79	976.29	53.37	-230.85	-399.40	435.06	115.86	
364.90	-592.90	-631.43	1115.07	-112.43	138.56	-762.76	-632.10	391.29	-897.00	-98.82	-506.46	-38.48	-607.16	-88.46	-124.94	152.55	229.69	-729.22	163.39	27.50	-165.09	-319.93	-488.93	-1011.42	11.20	351.29	-28.27	1228.11	722.91	-759.93	-586.67	-13.12	631.88	-41.22	27.13	343.49	204.71	487.11	-293.59	404.73	-30.29	-220.36	380.02	531.61	768.31	873.78	549.66	-170.69	-50.13	-1107.26	252.13	-420.48	458.30	-359.35	224.00	184.91	-372.47	-721.04	367.33	-63.87	-169.26	-237.97	686.13	-672.66	336.72	-288.15	377.37	250.00	-16.45	922.69	-386.12	473.38	-428.55	-387.51	268.36	-57.93	-689.66	828.90	-379.11	-696.89	-480.86	572.26	-314.03	63.12	528.20	263.54	-378.63	-328.01	-277.62	535.15	149.89	104.59	-458.10	137.95	-106.92	-413.37	427.76	343.75	-165.49	53.98	-654.34	1019.92	30.33	228.59	290.36	229.46	-132.24	468.83	769.95	511.74	-118.86	322.06	226.33	-727.48	-590.86	116.24	216.58	412.84	721.64	222.16	12.44	-700.62	-824.52	-64.23	897.28	-554.75	471.39	-858.61	-131.67	50.21	-119.04	-211.10	675.87	255.85	-53.37	409.61	83.22	-278.24	227.25	488.46	454.67	-1178.37	-381.06	-348.79	426.89	-118.30	-995.19	-523.41	-114.96	491.86	650.62	-259.37	809.73	67.67	-211.09	1158.43	-560.21	-483.97	-659.19	-601.86	-1152.54	175.62	192.40	488.44	293.70	-258.71	457.54	40.81	-160.25	-1108.82	-357.70	594.73	-329.15	-68.13	-228.91	310.33	-384.78	-371.69	-605.10	-377.99	-241.53	-591.23	133.50	-180.33	491.44	637.59	938.36	449.68	-150.08	-516.83	-197.65	-454.52	-934.96	367.34	5.68	-167.34	65.00	-331.35	-52.00	
538.26	-100.74	-78.44	-205.19	-755.63	36.41	396.22	555.15	144.53	651.53	-88.39	-526.05	263.25	108.80	-449.59	-226.40	-163.13	-189.16	-349.54	-286.09	-1016.68	-200.76	306.97	229.51	350.45	120.61	54.17	-401.86	549.38	154.29	784.94	977.43	-105.22	698.93	188.16	-610.51	169.91	200.30	-13.61	-660.46	-409.71	1054.49	599.79	-214.25	-28.03	-258.79	-88.01	309.55	443.44	1024.74	-44.20	-232.07	171.89	680.79	-851.36	243.90	415.21	386.35	-494.37	754.15	375.44	-612.00	17.26	-175.80	60.83	-134.51	58.93	74.09	-572.34	705.02	1118.65	-60.15	-78.41	-151.12	76.57	783.96	762.19	526.91	536.93	-326.13	441.02	46.45	561.64	-907.95	329.07	-540.18	-289.05	18.60	413.79	-465.40	-502.22	-1107.19	303.56	-70.75	-1088.16	-531.94	463.26	-594.13	122.04	567.07	-368.96	78.97	679.85	-10.77	206.47	-683.91	962.77	286.99	227.01	597.42	355.36	129.99	-501.58	488.37	-98.10	444.51	-488.62	-621.77	73.59	118.32	-81.51	285.74	-325.65	459.09	-30.84	226.12	-350.69	-688.02	137.54	1521.52	577.41	-175.79	684.75	-138.64	729.54	-184.01	974.76	323.81	-311.71	-87.52	464.25	574.97	185.48	-302.76	205.19	98.91	342.94	-1079.00	-470.56	-34.51	-542.17	19.80	-329.65	-558.11	775.51	-116.83	-324.24	-36.73	1012.46	-493.64	309.15	522.98	-748.10	-238.86	-305.31	-322.17	25.87	-268.99	273.97	-156.32	-364.98	512.13	82.97	831.52	-627.42	562.78	418.37	818.36	-189.50	-456.33	47.68	-762.36	113.39	-89.71	214.05	-0.55	255.87	-1141.11	-697.12	466.42	824.32	-247.49	-313.34	-743.86	-381.44	-404.26	-911.34	-385.81	-529.82	941.98	
-501.99	62.86	-341.12	-145.18	50.91	-160.07	291.81	189.42	706.76	-406.17	1396.78	-315.93	-317.97	153.35	446.58	388.47	548.08	-382.48	374.21	245.36	153.49	-197.80	567.05	-305.53	359.98	359.73	-656.76	-851.34	-300.69	-305.89	-168.89	1154.66	676.85	-53.77	-700.00	-381.07	-753.22	240.78	-34.21	829.35	529.96	-65.39	-1061.55	-236.02	847.20	-162.26	290.37	385.57	-594.09	978.03	-440.81	-163.62	137.38	526.50	481.78	-974.68	79.15	-297.85	1050.57	755.53	120.88	-44.40	288.69	175.83	89.28	920.12	124.03	-363.29	273.69	424.08	-1.01	483.76	105.99	-485.92	610.73	117.21	525.99	-206.58	-725.67	-628.90	551.32	777.50	506.49	-637.41	-10.31	-865.29	-455.98	631.98	469.14	496.74	377.63	-496.73	253.89	-144.55	-92.29	1146.31	-324.99	-333.32	676.10	497.56	-84.20	-133.79	342.81	-268.66	499.26	-1127.19	-884.63	749.59	-361.14	-577.50	191.03	194.13	13.04	528.75	-326.19	764.46	-227.21	-288.26	-58.42	27.51	141.39	46.66	-246.62	277.91	-618.97	-652.38	-103.12	863.09	-814.96	-685.85	-252.36	-498.90	-107.60	-237.80	346.74	101.63	440.71	-217.28	297.49	360.36	437.06	282.71	-178.59	-253.85	-100.09	183.69	62.63	352.35	353.76	-147.82	623.88	663.43	224.33	-428.75	-217.02	614.85	-239.60	60.99	316.99	40.74	-351.16	-53.79	-201.05	-237.15	-1375.49	635.84	188.82	-36.44	248.54	62.20	638.23	-124.96	952.64	-667.97	-1023.42	-37.13	-315.83	-737.11	39.37	-796.45	-132.08	269.11	-18.32	118.40	436.76	397.88	207.42	329.82	382.23	-76.89	981.77	-209.19	-256.48	-687.97	192.42	-1028.90	-198.63	-154.19	-151.56	215.59	
493.15	-562.15	258.11	-2.09	-124.02	-97.51	-217.51	222.35	112.20	-4.47	207.26	-413.39	552.41	-537.98	258.98	-811.73	51.41	-502.05	-246.27	62.17	-265.81	-261.22	82.95	53.30	343.09	415.64	-928.07	-356.04	-78.21	-29.04	268.87	43.76	-375.47	-22.83	-178.74	-133.51	-507.68	-526.87	302.63	-98.79	197.49	457.10	-749.46	-397.81	-28.66	388.58	-137.15	-71.29	155.39	716.38	-117.73	-248.27	167.49	1047.08	-588.59	-561.92	45.80	-989.33	679.44	-230.65	-319.85	-575.69	461.30	-296.15	-877.75	-620.67	-386.41	666.82	-132.45	8.54	-180.20	840.01	-432.20	-795.02	-254.44	218.57	-190.30	606.51	-95.53	118.53	660.08	31.72	-676.38	-1046.44	-163.30	-270.57	-85.20	11.79	416.59	849.22	636.26	-607.77	211.70	-396.90	-355.54	128.75	-248.02	375.16	-169.69	495.65	-135.44	-230.93	749.88	606.45	278.71	-160.40	-859.53	371.91	997.34	-85.19	-462.51	38.21	773.60	282.07	816.77	331.09	526.52	-74.48	-224.25	-756.82	-304.72	187.81	-411.80	791.22	-708.40	238.64	-696.59	-375.60	-168.75	-443.54	349.99	223.10	57.75	176.17	-119.31	195.72	179.64	528.46	-231.75	1250.72	-229.38	-165.82	-253.73	-432.71	-128.68	-94.20	126.33	-285.27	96.85	-206.30	453.52	-673.08	-365.09	-284.68	-13.53	25.45	581.40	-221.37	104.20	12.58	-148.02	-513.92	-495.08	120.17	158.76	170.26	-170.90	-784.81	501.14	375.95	-20.30	-214.88	112.78	-665.07	675.10	-110.42	-93.19	0.69	972.14	-313.91	-241.02	-118.46	-91.44	350.61	697.81	-1174.64	-16.83	-315.02	159.08	-173.50	5.80	191.49	570.34	-639.86	233.30	-362.50	-222.69	-621.86	-32.73	-740.71	
-170.47	-480.08	1150.46	-2.53	-69.54	644.59	-0.09	-77.91	-110.35	-263.78	48.75	143.60	194.79	625.30	640.24	-565.60	-444.31	-621.20	720.95	634.85	421.84	1246.06	-31.04	2.31	21.63	-89.09	348.56	-283.20	207.68	-976.52	-14.09	382.67	-70.32	-98.17	-186.75	-219.22	83.49	-53.95	-707.77	105.59	-39.47	-23.73	-88.65	-615.11	-1075.18	-536.09	-269.69	-12.59	263.07	-335.02	30.02	1147.60	682.82	-135.25	269.67	-28.29	-601.21	376.16	-437.44	-282.99	455.64	-6.17	120.87	-786.94	643.30	12.24	-515.06	-872.24	41.50	179.13	146.82	299.53	-164.74	-433.89	891.38	-93.65	-393.32	547.72	-591.52	-89.83	-52.38	686.33	354.95	-403.38	-250.01	68.81	48.01	-6.75	-110.92	-302.00	-341.37	-208.09	178.22	-250.09	421.62	427.86	813.27	781.97	-230.37	399.27	-474.44	529.68	-253.75	-621.84	396.24	349.46	-89.68	382.42	-372.97	137.58	-279.24	-340.53	-151.32	-582.37	303.64	-319.18	701.36	-77.79	147.52	-635.23	171.14	-515.07	389.50	-189.52	1128.05	-734.61	588.25	-612.59	-76.20	-378.74	-575.40	-504.09	-164.16	-979.32	-16.27	209.60	-279.49	-218.51	-137.22	-204.40	-29.31	-438.18	-123.38	57.39	-63.42	-581.83	257.41	103.69	-67.70	634.46	120.71	-25.79	-454.90	547.40	281.54	9.23	-107.46	-189.50	512.50	-301.82	-597.34	875.45	259.72	11.06	-151.42	151.29	-173.92	200.90	535.99	176.95	71.92	-405.69	960.66	206.17	-609.60	230.38	-520.62	60.26	1035.30	-280.66	715.96	-586.19	-113.79	649.15	-203.90	190.29	-998.38	279.78	218.77	324.58	-595.10	-582.82	1154.97	472.70	180.23	-855.48	-286.40	-240.40	-57.06	144.22	
457.10	313.42	-330.68	304.51	-412.48	-571.91	767.93	804.56	-161.68	-244.51	-119.97	211.16	852.25	-603.40	585.43	725.75	196.72	-570.16	-326.18	-761.05	39.00	303.31	494.18	555.33	-247.65	-295.84	-490.54	-178.02	-355.44	-534.58	489.71	532.07	361.94	380.36	104.35	140.01	-506.14	565.77	88.98	551.14	89.85	543.50	43.60	696.20	-304.50	405.94	-1193.96	202.11	282.64	604.44	-172.89	486.41	-108.12	-664.49	578.67	581.92	26.48	-549.88	689.68	-96.34	413.39	203.14	589.38	-25.29	433.49	-824.28	-307.73	135.28	-813.15	-810.03	-218.40	-452.96	186.10	-169.79	-259.74	-69.32	166.50	598.25	416.42	-287.64	-372.87	-132.66	704.84	336.64	-616.59	-338.01	382.33	1203.08	-220.61	-463.63	177.64	53.64	-263.47	-173.47	43.48	18.10	-48.11	-174.98	230.29	-836.99	-441.83	106.96	190.92	-355.60	-704.33	-476.23	-715.94	304.21	-191.30	86.50	-41.01	155.96	-186.54	-776.46	820.57	332.89	-367.48	-356.61	-921.22	-376.69	-554.08	17.27	-279.40	359.38	331.36	692.94	80.86	-485.81	-31.80	-342.44	109.53	-584.26	334.71	486.99	260.02	78.16	-798.29	558.20	-629.07	-607.85	285.79	-797.16	1038.15	222.95	-670.59	33.60	778.41	-88.37	-434.56	-725.18	78.19	376.59	208.53	135.70	-662.94	-4.15	-35.41	-330.09	4.34	-456.94	395.58	-202.43	-416.30	-236.65	401.22	61.63	-15.21	-288.67	-156.23	-8.43	829.30	242.19	-294.71	-753.35	-51.55	1510.23	-584.37	639.06	-847.81	-654.08	847.72	410.32	146.35	-33.90	987.48	-643.28	5.62	-166.73	536.95	-160.17	-15.50	575.26	-208.38	618.00	258.07	-587.18	1344.07	330.60	-395.40	587.82	
-209.17	119.44	825.83	-196.59	121.16	335.82	220.22	400.82	-405.64	-223.89	-285.26	-19.13	530.63	-739.41	-312.77	159.21	-1241.95	-138.99	603.03	42.62	-80.41	49.84	0.02	-238.62	706.31	-698.05	102.48	-91.58	228.19	-290.18	375.78	211.91	-169.46	557.05	213.94	-465.43	44.08	135.99	-86.66	-573.64	592.81	161.63	714.52	592.36	243.55	38.25	-308.73	-633.97	-675.48	166.42	-64.13	108.06	-331.14	-45.31	497.92	-932.95	305.99	-433.01	-175.97	774.21	53.10	37.19	238.35	-741.12	20.19	-15.51	-160.92	117.20	-450.19	-184.62	466.58	325.08	392.91	778.13	-290.18	-436.24	-307.72	-14.68	-125.11	585.39	470.75	528.98	661.51	-214.86	320.92	503.93	145.13	-290.59	99.77	379.92	277.10	-9.41	-189.46	-909.40	-287.03	210.24	-211.65	908.45	291.72	953.42	-426.18	195.68	-268.12	177.16	-224.79	-349.11	-433.49	-158.58	76.80	44.81	-748.79	167.63	861.48	-453.98	-310.82	-307.22	374.01	1192.85	188.72	-764.36	440.75	-124.00	670.52	193.46	-661.13	29.65	225.34	-490.64	30.22	299.84	-690.28	-200.22	-40.84	-423.40	-165.35	234.46	95.94	409.17	-599.53	-371.99	4.78	-143.34	-499.54	937.95	217.35	-191.15	-861.86	-212.47	-750.46	66.64	-318.33	5.77	269.63	-241.37	593.72	500.87	202.33	267.45	409.18	638.30	162.21	517.05	909.05	-150.98	153.61	-210.27	50.79	-75.53	-33.85	318.56	-175.02	179.46	-144.81	921.27	282.65	-284.56	-167.80	415.54	-200.81	466.33	718.08	-304.28	251.30	-314.85	-397.84	-236.04	-160.33	614.54	591.49	49.99	436.08	403.31	21.71	225.13	-718.17	-23.75	509.02	-102.07	-499.82	-38.08	
515.66	243.54	-334.82	809.55	-1230.84	1015.48	373.70	782.00	387.95	9.22	-184.99	-398.74	970.14	255.82	581.19	-300.11	136.49	751.12	-246.89	44.11	-8.59	20.28	272.85	229.01	-209.09	-160.37	-4.65	-268.24	84.23	466.51	226.58	841.19	18.91	-622.97	121.73	-171.82	308.27	-33.47	-44.54	-107.85	267.71	-160.96	185.74	268.49	73.55	190.27	-136.09	368.86	306.07	-285.35	-614.08	68.46	57.41	-123.29	-316.96	320.24	89.65	213.48	-509.00	82.87	-14.01	694.92	-57.42	362.15	-482.85	-6.92	-519.00	-703.30	-98.77	-86.30	-200.47	-545.53	749.88	-443.41	234.67	-246.35	915.06	-273.94	253.11	-579.73	-26.72	32.58	-73.10	-33.94	-279.12	204.87	587.62	-90.46	-313.86	-503.35	500.63	-125.41	-270.93	-165.43	63.90	-224.27	-20.96	-758.97	901.66	-569.75	284.95	-113.35	-413.81	567.33	206.27	-799.60	396.96	13.89	106.75	871.53	-25.95	662.85	-773.65	525.34	-484.78	784.40	16.99	-4.73	-284.20	-94.66	-349.91	-11.89	205.18	553.95	704.70	51.94	-208.25	120.91	-237.10	53.07	-457.89	-601.18	-995.78	441.81	171.30	-487.06	-204.73	547.69	-358.39	407.71	-126.57	217.98	-93.18	-385.07	764.32	141.62	-135.16	202.50	-377.76	-355.14	-201.85	-168.83	395.23	-100.99	-316.80	-37.27	551.73	-792.57	94.08	-447.86	239.64	-789.06	-701.72	-280.51	46.23	66.69	3.89	-87.28	112.63	-578.83	365.93	702.96	949.80	430.59	-338.70	580.14	973.55	320.46	-439.35	-970.37	648.50	178.23	278.40	97.90	43.33	450.74	106.24	-510.39	-471.07	-424.14	696.15	-420.36	-526.57	233.42	698.47	422.61	486.97	963.98	-142.33	466.22	
-301.43	-537.44	-535.08	67.82	-27.46	-157.19	-239.08	-497.44	413.62	-88.89	196.89	-421.18	-373.07	822.30	422.10	213.35	-714.79	58.99	650.37	149.09	-54.06	185.08	-945.18	383.57	78.80	-204.67	586.48	-209.86	934.76	-693.33	-419.52	-544.30	-139.10	-17.41	-672.81	387.25	130.47	1210.14	-120.32	543.53	-571.48	10.55	375.25	-47.03	-55.88	-343.02	-170.60	-177.16	568.85	730.72	-181.80	5.02	618.87	-838.90	-176.09	135.85	-172.82	1038.56	-66.06	6.71	-38.69	-485.88	202.68	-185.53	135.32	99.51	-145.50	683.92	-235.64	909.34	746.21	10.63	-607.02	89.00	-102.53	-63.30	31.55	504.52	-287.30	-419.79	-226.00	284.89	-734.56	259.90	89.05	9.79	159.15	121.43	-511.48	418.02	24.90	-73.58	-469.81	-91.28	404.00	-427.05	750.08	-721.52	-676.57	125.34	482.27	-175.59	-89.82	-173.90	572.54	-105.06	-89.64	136.65	-328.41	-661.21	129.42	56.89	-80.56	-339.32	188.50	563.13	82.84	514.61	191.79	452.11	-717.06	-744.57	223.03	277.08	34.12	-1452.43	-169.95	-121.61	-162.23	640.81	-468.50	4.72	-578.96	-184.25	748.01	447.32	956.11	-256.76	-273.21	684.64	71.95	-331.02	84.36	164.19	-43.80	1112.61	917.54	898.85	605.47	-418.07	-150.29	154.17	53.75	27.83	231.81	571.06	-108.46	-289.25	17.25	-184.94	-1012.22	89.61	14.39	-300.90	-1282.96	969.51	574.52	-194.11	-306.24	-85.29	-417.05	301.45	-221.54	-538.37	-403.59	-46.80	-557.18	-539.50	706.60	-516.98	-328.29	398.64	107.34	143.96	-438.53	-306.81	-337.51	244.66	-221.13	69.07	84.04	26.87	674.45	-768.29	-38.33	-402.31	-522.22	-1006.01	-462.06	-336.51	
-391.99	-23.23	429.95	-216.62	493.33	84.89	427.08	-172.85	252.43	-148.19	-32.76	-748.35	55.51	552.81	-650.24	-375.67	-12.07	450.36	1434.35	112.89	512.13	121.29	-55.48	460.20	-548.71	-838.30	-240.72	-243.39	507.06	-1003.01	930.40	1213.33	-505.33	-283.51	-929.36	-243.82	306.22	355.82	130.83	-388.50	46.54	23.86	130.08	-444.40	240.39	-732.43	-957.69	-817.39	-1058.27	-446.56	246.51	497.51	-120.63	318.78	236.47	264.98	631.58	386.34	-567.31	-633.84	91.41	568.88	-89.51	-1042.54	-120.27	327.51	214.54	-278.69	-187.77	-772.25	231.49	-397.14	419.04	-531.97	756.81	-177.23	-154.32	-156.43	-7.44	-429.74	-660.62	-401.36	-363.52	-538.06	-280.47	818.39	418.17	-322.14	58.10	350.80	905.73	-51.62	114.10	-207.53	383.50	-57.18	-25.22	485.68	-117.46	231.52	-347.78	-232.67	-610.72	30.70	322.75	1173.22	-332.90	-245.04	-1096.29	126.90	455.50	-169.53	-249.13	-685.06	-608.07	461.74	-414.70	-236.03	203.70	-473.09	-933.38	199.17	756.07	-95.47	-770.84	-216.18	-226.72	365.69	-1398.05	-113.18	738.50	373.10	81.36	-322.45	180.86	105.93	-143.51	-161.54	-224.31	95.92	-277.36	-53.86	-240.41	235.44	7.95	-215.52	-474.34	419.09	477.42	-355.34	341.53	-555.97	214.72	-32.58	-842.13	-1209.24	181.16	-90.50	35.37	-301.68	187.86	-280.27	-265.13	-1137.42	268.88	-525.63	-382.36	769.28	189.85	835.19	-567.59	289.64	109.88	-404.54	-162.96	-667.88	416.50	203.58	402.61	-519.50	699.86	12.17	-447.04	1059.05	468.11	-875.46	13.44	-221.48	-310.19	393.71	-5.04	-1089.75	-91.19	-53.78	-85.09	-362.74	-190.08	632.88	766.21	602.40	
46.98	-477.94	1078.11	-605.59	-505.07	-598.85	150.82	130.60	830.95	-976.85	25.70	-716.81	-292.72	-89.37	446.98	172.01	-137.58	47.67	324.62	246.78	340.71	-29.49	-452.59	-276.06	1.80	-526.05	273.43	858.81	181.89	-480.66	434.13	-74.17	-6.96	-520.74	-1081.24	-448.91	-142.51	420.24	-723.39	-733.32	460.12	653.66	172.05	-9.41	-345.65	-409.85	531.86	-5.11	-554.81	202.23	97.84	-688.48	198.00	-12.64	262.56	-74.82	483.81	-478.41	29.88	-360.96	-237.55	-145.31	-138.29	411.36	12.33	-339.01	79.26	469.04	415.66	-81.61	-174.33	71.34	551.40	-66.50	-284.36	27.91	-680.58	337.66	453.13	-501.11	985.19	-723.88	-194.81	-336.79	-51.16	-107.86	-56.36	810.94	-54.86	-15.55	132.17	23.41	463.04	755.68	569.65	603.96	-179.60	1186.37	1059.52	-130.27	227.59	1163.72	507.13	821.55	262.61	469.72	-260.70	999.42	-310.16	-1296.74	1126.75	-49.87	-268.33	192.62	748.49	167.80	505.46	274.99	-457.17	-594.18	-424.28	705.55	-131.68	4.47	-253.98	-98.59	-365.67	-40.22	-342.13	-655.19	-302.34	57.21	760.83	117.97	666.29	178.88	-726.74	-229.26	-209.79	305.26	-383.62	24.80	83.06	-95.19	-338.75	-642.25	-883.71	-169.38	643.50	47.62	99.86	6.94	-183.43	192.14	-830.94	-617.62	1063.99	201.70	-341.85	-107.27	-538.13	-73.30	-447.59	-814.52	139.03	-94.45	-173.53	-269.50	550.54	-255.50	-188.38	80.64	-563.44	-674.36	-331.11	358.36	-481.03	191.71	339.12	-303.55	-99.61	87.66	-84.52	181.05	643.12	598.80	-995.03	-826.52	-720.96	41.58	-144.71	-1282.83	551.64	-10.21	465.56	-978.86	-644.08	-636.27	520.05	786.88	
289.84	-535.47	-303.34	-45.84	386.28	-7.32	-402.77	-767.95	-409.11	83.42	-15.68	394.47	-568.03	-560.16	188.83	107.94	434.70	167.39	173.65	645.33	-309.85	-488.26	-845.09	462.75	31.54	266.03	-860.94	226.95	-247.90	489.07	-1014.59	-295.50	-740.13	454.97	-242.59	-23.27	-87.91	33.84	-136.43	345.14	-765.41	-545.50	1097.40	543.34	-318.67	-365.64	-957.93	-345.33	-369.71	-224.72	52.13	141.71	190.69	-318.83	-251.98	-62.07	1130.64	-899.06	-769.77	45.03	-395.28	318.09	232.13	58.47	493.77	33.58	-93.32	219.68	112.52	-410.27	329.74	-25.08	556.25	153.19	682.41	937.37	298.93	-374.10	137.77	431.94	-348.87	-91.09	-128.69	189.95	219.74	139.87	-201.45	-339.98	153.24	-345.36	-80.87	-163.74	-287.36	187.03	-537.68	-188.20	118.17	-398.91	-265.22	-855.81	-509.23	-516.80	-20.40	-212.27	-26.42	647.56	-1.58	-173.75	-855.97	-824.69	1122.84	-586.78	-666.39	-65.81	-333.11	-70.67	193.23	385.88	34.87	165.39	-640.62	208.02	633.89	-42.49	418.39	159.55	-841.91	-257.42	-472.78	-331.35	-262.33	-416.47	46.81	206.14	212.25	-373.51	-489.18	-657.69	440.73	538.42	668.19	-563.78	147.01	-179.01	-23.54	206.21	-62.54	317.07	85.55	-620.31	-495.88	-157.21	86.08	65.08	696.15	-628.33	-607.20	-606.62	-213.22	-38.48	-635.84	-580.76	-189.85	226.56	1097.57	-645.22	-110.57	-166.73	11.16	107.47	-268.02	-133.41	-31.31	403.57	-436.50	-256.46	327.51	578.48	148.63	592.43	-1196.09	-476.26	316.65	161.50	586.77	-634.77	-49.99	324.61	622.33	866.89	-1700.97	638.29	894.77	-53.49	-325.40	76.59	-206.81	120.20	-263.60	-252.66	
-485.72	-220.74	-566.66	-142.48	61.98	576.36	-398.99	512.33	324.94	553.34	-136.81	43.33	376.22	-96.05	198.98	797.10	715.22	223.12	-900.68	-38.79	481.00	-250.48	186.80	-600.12	49.76	411.69	302.67	-807.41	402.05	194.22	408.20	489.74	338.15	30.52	486.04	729.92	-319.09	-377.62	-134.29	-249.92	263.51	260.80	-254.37	999.45	121.00	830.65	367.94	45.54	320.17	-68.80	-164.90	103.49	-784.67	-119.54	564.31	-446.71	-121.34	30.27	-690.27	-374.83	-265.06	-283.82	756.51	3.35	-45.38	-633.61	-622.99	-141.69	-104.60	-893.48	243.57	652.39	-304.35	-1328.26	-82.96	-191.17	-441.37	-51.50	-390.78	-934.97	175.16	103.31	-418.30	-277.27	-1056.40	-311.49	260.47	-203.78	286.73	-437.41	-883.62	840.33	-62.66	-300.97	14.14	625.95	-815.23	1183.01	307.88	-819.94	251.93	-255.92	-640.57	-499.28	-1162.77	-739.80	421.52	151.52	186.53	361.00	23.07	960.33	-243.47	-8.38	-423.73	-342.14	171.13	-314.92	-1102.95	-10.65	83.10	-299.35	-868.04	-915.29	-183.16	180.23	194.92	-480.37	-53.51	140.70	-254.76	-277.08	-392.78	175.93	182.02	248.13	342.40	-354.63	-19.21	-600.53	97.57	-399.01	838.67	-124.49	322.92	81.07	-494.57	-824.34	-178.18	917.79	-46.09	-171.34	443.92	674.63	625.19	1154.77	676.29	973.43	249.14	-403.98	444.97	-1089.20	455.04	-299.13	4.12	364.29	-170.37	-717.05	5.35	-940.41	489.04	555.17	310.46	-126.88	186.70	102.57	442.92	-700.51	-217.76	-95.12	-342.77	-382.23	-109.32	-1244.53	-43.61	-815.11	134.58	479.75	204.29	-765.11	-1349.14	469.71	522.56	-173.18	269.25	-231.06	-282.33	340.88	-385.14	169.00	
-870.74	177.77	-2.95	-305.49	-509.54	-365.25	-379.78	-89.13	-529.42	-267.20	461.74	714.10	-194.30	208.89	306.89	-241.72	-163.96	219.21	367.86	53.99	-1268.92	-273.32	335.65	245.97	145.09	244.14	-290.12	-40.50	-194.14	710.74	117.34	166.42	-716.13	703.36	1286.37	49.07	-209.02	1483.07	649.37	-344.55	-48.79	176.59	-1038.87	656.59	-849.94	-438.76	548.53	-536.51	346.91	-732.43	204.88	605.76	-90.13	-192.47	576.26	225.23	71.89	-349.35	-104.64	-418.62	488.99	-9.30	-165.37	251.90	120.34	190.98	-604.88	-313.57	172.44	386.77	686.34	327.25	341.47	300.95	-286.69	-355.69	1161.80	-74.63	-719.76	-411.04	-791.21	13.15	360.22	253.40	-709.88	395.48	419.50	-411.76	-208.98	748.12	-149.08	-107.76	152.74	220.56	-358.91	-384.94	722.79	-856.95	1183.67	-67.78	14.95	286.96	-318.66	-229.25	53.30	787.17	-53.31	-1078.08	-242.57	-133.03	530.36	-587.85	-321.20	-50.05	895.32	99.51	413.14	81.94	13.12	554.79	103.19	81.11	610.23	-584.34	140.90	-225.23	817.28	917.88	-145.45	-204.48	-3.22	-111.52	557.95	463.29	-411.30	-259.07	180.73	80.42	-106.13	-1025.67	-1172.70	-12.13	8.81	-873.56	-65.34	145.48	-404.60	-786.25	495.81	-162.84	-219.83	-70.65	260.55	460.66	-642.68	-384.60	311.76	1129.33	-76.02	309.80	-270.68	-613.74	-526.89	-99.73	436.92	-238.09	-373.06	-298.12	635.49	456.34	92.61	-53.93	406.07	-194.60	-62.14	321.16	659.90	249.42	-445.95	462.30	429.32	7.68	-272.40	-397.44	287.61	-10.55	-343.25	505.93	391.12	-478.63	154.89	250.08	-286.54	225.95	-142.89	-149.43	1162.36	662.38	-8.04	-142.04	
-385.71	-567.96	878.54	-502.41	123.06	-440.48	774.97	-359.39	-810.96	13.83	221.09	-1305.43	-86.37	99.17	-295.46	-755.21	666.12	-984.46	881.22	583.21	1344.46	66.28	329.07	139.87	330.89	-114.45	-201.37	143.31	26.54	128.84	-78.73	253.97	-1075.20	343.48	-18.44	368.84	315.20	-108.07	-1090.41	-388.17	-740.03	-644.45	-366.26	102.86	352.89	-456.70	-1005.65	-127.91	-255.39	-9.86	-164.36	-385.87	-343.18	-186.58	-49.48	357.83	490.70	169.46	620.53	129.17	-333.58	68.36	300.05	-647.87	86.03	207.72	846.22	224.97	-519.90	471.86	149.92	1087.19	171.25	347.99	1069.90	782.34	-10.23	-186.04	-238.88	-7.64	113.61	-214.67	-624.15	-91.30	163.34	-967.78	-251.23	260.70	971.29	493.92	-128.54	199.58	177.71	431.25	-471.64	-47.15	-1056.45	-109.05	-419.04	-18.15	71.32	-101.44	411.72	285.57	-495.10	506.90	-699.56	217.97	-357.11	-230.81	-210.62	-1.93	1204.92	-334.29	-426.76	405.62	90.04	223.18	738.85	-42.34	306.93	320.88	161.74	-22.49	-199.12	-38.61	-216.43	-711.89	-895.92	416.82	-328.90	2.49	-421.59	-470.53	655.14	597.73	-641.88	564.97	-133.62	-316.11	169.55	54.58	147.89	7.38	-577.92	-105.24	448.65	40.04	550.04	708.32	1146.26	205.10	43.92	77.84	-353.57	698.91	250.79	-767.87	-551.77	-1062.18	-61.25	409.67	-17.94	179.57	-282.13	-406.18	-140.52	1077.88	115.41	-636.44	37.84	98.01	-274.29	-185.73	-252.25	-730.50	500.93	-63.26	-743.09	-100.50	-286.49	400.44	-920.09	-81.97	-312.83	183.24	-610.03	-18.96	-325.94	410.21	-90.40	-141.48	-463.08	201.58	-200.53	-321.24	-495.89	-206.95	102.33	183.26	
-11.47	237.81	11.47	31.98	-12.97	-325.52	352.22	166.73	237.88	94.60	-304.04	-648.46	386.49	416.68	262.89	475.07	575.64	-717.18	163.84	-280.36	-469.71	231.88	217.18	369.70	147.42	-220.15	-64.35	-491.40	17.50	-335.03	194.45	114.71	285.78	-222.31	348.82	-655.28	-450.08	75.54	430.01	-251.90	1034.79	26.73	200.64	-181.81	-12.16	-63.77	446.62	333.93	224.52	325.93	206.61	104.87	-387.60	-135.90	-498.52	-144.17	593.39	-81.03	-384.65	421.41	473.63	-624.76	478.87	198.23	-317.94	-1004.47	-126.41	474.57	-778.14	-206.51	381.13	44.99	284.43	-352.83	-696.25	-50.14	29.87	415.20	-121.54	-595.42	187.01	761.71	-731.52	145.14	-34.35	-577.74	-341.78	-0.34	354.59	-169.21	-131.96	153.43	-356.71	-412.62	-309.14	833.91	218.64	117.07	76.44	102.25	-1162.94	60.46	53.71	-22.31	-72.74	-468.31	-447.17	360.86	-202.04	862.94	-0.90	-393.06	195.17	13.52	842.68	286.22	504.86	-684.96	235.70	561.04	-353.45	-776.93	210.98	-474.51	630.32	1219.49	-674.86	225.21	-298.92	530.72	608.21	-143.99	-932.55	-222.72	-346.52	-916.18	-92.37	125.34	-734.80	246.19	339.32	-517.99	-505.12	-958.55	990.63	-241.02	123.34	-111.40	-334.34	-154.29	-311.30	162.56	255.16	-7.70	622.08	-248.90	186.96	0.74	261.70	-263.93	-158.70	210.47	-120.75	-131.13	196.26	863.16	-246.39	80.50	1171.21	30.62	421.13	252.01	380.97	321.80	564.20	18.12	-163.03	571.08	230.74	-105.36	493.08	-701.99	-78.71	-530.84	-98.55	-354.96	67.24	344.77	-280.33	454.01	-228.51	-981.74	-113.64	-1306.65	311.82	-964.26	-317.68	-350.87	-41.42	-474.81	
-219.90	233.50	-258.09	266.51	129.35	222.71	310.86	120.34	190.44	394.16	117.63	857.16	161.23	-595.40	191.17	-583.29	457.46	87.28	832.78	-72.85	177.16	-26.09	-563.91	631.91	-420.57	898.09	240.28	425.12	16.83	487.36	526.92	118.56	4.80	-362.57	79.64	268.43	215.13	-123.15	741.76	-348.66	357.65	-1025.40	128.71	-126.35	-511.85	-322.69	-99.59	620.62	103.54	152.19	11.37	-88.21	-546.97	-66.71	-115.40	-169.90	222.59	16.03	-682.03	-300.98	863.79	-116.68	-288.20	-839.51	-533.79	93.29	348.93	-260.31	224.82	680.19	109.39	112.36	197.42	263.09	-598.34	505.00	619.19	-258.01	-197.23	533.65	-364.28	40.96	568.59	-294.39	-221.92	291.93	-151.36	-301.92	-302.99	467.25	501.27	-527.86	-547.36	-362.35	-177.57	-302.84	530.15	-65.70	184.93	698.29	759.37	-447.33	-591.17	312.79	474.85	-629.42	-562.22	-53.61	82.19	32.00	351.40	-874.45	620.87	598.66	227.71	-72.91	551.70	611.74	591.89	120.26	-80.83	-510.93	555.69	-478.33	139.39	77.75	120.31	722.70	147.23	-529.56	-244.28	656.67	91.59	-320.45	473.52	748.99	205.35	30.23	-178.87	129.24	306.45	139.60	-1271.06	1020.85	109.75	-9.99	-751.80	-46.83	-81.77	-97.64	-168.53	-478.82	-622.87	138.33	-169.09	242.31	5.76	64.03	209.34	753.54	-564.54	557.22	-440.66	45.30	449.26	913.80	-888.68	1131.49	-244.19	-92.20	999.97	312.26	589.78	-11.59	-680.19	180.51	204.20	-153.17	-288.32	-89.16	-367.26	728.09	51.41	-2.96	24.87	500.03	-211.64	-456.48	649.42	424.50	1101.50	-692.71	-472.87	456.69	-48.20	1058.08	22.33	160.04	366.33	-145.36	
370.39	-326.63	-384.98	693.48	-77.14	-286.45	881.27	-454.15	-203.14	925.91	-501.92	-131.53	-307.50	324.42	731.26	279.58	616.61	187.90	665.04	197.17	57.84	229.76	161.37	390.67	-366.07	500.43	-750.27	-270.89	422.37	72.57	123.81	-657.87	-167.91	-1036.77	-169.70	346.95	-684.60	-96.55	-33.07	139.65	-385.60	-369.61	-400.97	-483.84	-104.38	67.31	412.30	838.66	-113.60	758.16	428.92	173.77	492.09	-19.54	-735.25	375.54	-659.83	-50.47	-16.65	-140.13	32.81	260.18	-51.73	9.18	-19.17	-175.98	276.96	3.06	791.61	106.41	1011.68	591.51	-278.76	297.66	507.31	230.19	521.50	-395.65	-331.57	-159.56	124.43	572.89	462.63	-752.76	284.41	-184.84	181.84	-766.58	-393.08	-312.29	81.53	-12.21	-169.54	228.46	173.61	-771.75	307.47	615.25	-279.13	-212.83	-32.09	65.55	-476.36	-295.06	388.07	366.33	-518.50	196.53	161.43	41.96	-576.94	-704.66	165.91	141.55	-100.89	-59.58	-477.97	625.52	-737.83	-253.44	-886.07	-886.84	110.71	159.45	-61.78	-243.12	35.96	-141.00	161.29	-109.42	-495.45	-368.07	350.96	-193.43	774.23	-46.16	748.49	714.97	-164.54	-325.60	750.91	454.42	335.72	168.35	-446.54	1400.79	-122.99	241.23	-403.97	-421.30	410.48	-7.23	264.19	-420.95	146.33	-285.45	-750.38	-472.71	66.83	-52.78	-800.27	-672.35	-409.43	475.85	139.69	437.99	-279.71	-320.41	750.01	585.48	-235.09	154.14	1407.23	-512.97	711.13	334.24	-185.44	-671.55	392.21	-391.75	107.17	516.04	594.53	507.99	127.25	556.02	-69.19	-212.52	162.97	340.01	81.58	-481.08	925.09	1098.09	273.23	42.81	-202.15	323.87	-543.97	149.52	
355.15	-244.73	-549.98	340.95	-349.58	140.14	9.68	-565.93	299.54	52.42	-314.14	-781.50	-604.12	81.01	-227.95	-83.56	324.33	-28.29	247.86	975.08	216.10	168.72	-369.99	16.49	-489.86	-522.67	431.73	-355.94	260.10	-1183.11	534.49	-467.72	-1209.55	539.19	400.19	135.81	115.12	-185.12	-219.07	288.98	-242.38	-85.17	124.83	-8.82	-469.98	1234.99	351.77	837.23	-172.28	-110.45	-214.12	-606.04	-15.18	806.96	125.82	-80.31	517.86	59.31	1091.58	-273.61	1078.54	107.86	-602.18	-24.25	206.77	733.93	-127.51	352.48	-188.23	635.99	37.72	-391.80	621.95	129.14	0.47	889.68	882.66	638.63	254.86	-510.70	742.06	15.37	-268.34	559.10	342.28	-1195.30	-494.49	201.64	311.62	-52.28	280.33	-854.04	-373.55	-403.87	644.96	-412.50	430.62	-125.76	153.77	221.95	137.59	-237.79	75.36	147.38	284.89	-924.52	-223.43	719.01	199.97	-512.70	1078.39	146.40	106.51	-184.94	-188.48	753.84	35.29	-642.80	467.59	241.29	755.24	225.51	370.29	1024.29	-229.61	-1057.44	297.72	632.17	-947.19	-677.90	-132.75	-8.17	-36.43	-822.15	-441.41	459.33	-222.49	76.48	260.47	514.28	316.28	115.26	-462.72	-1057.50	259.57	571.54	-74.10	-474.22	-532.69	639.64	5.14	-144.85	-634.01	547.33	-294.37	651.32	349.28	879.53	-380.52	-667.97	-180.48	753.14	741.46	63.47	-672.52	171.27	-672.31	-447.49	267.88	-377.33	-418.23	-775.68	194.15	-332.34	270.01	-107.91	-129.06	297.99	396.20	-178.50	140.23	105.36	1040.07	551.18	-152.75	218.14	631.16	147.19	743.44	-618.96	1003.11	-326.71	-735.75	-325.23	537.71	387.42	-181.06	53.81	285.53	514.02	
318.02	579.45	-915.25	341.14	269.93	789.94	234.93	607.11	302.38	-877.23	365.68	898.05	-595.42	-703.48	-178.54	89.27	1116.99	-366.97	-116.11	-317.67	426.70	-99.74	125.51	-80.27	297.92	451.46	-206.82	87.42	-1136.77	-429.30	400.54	72.87	57.23	136.10	521.31	-533.12	431.10	113.94	-303.83	-716.86	-25.82	-384.32	-43.13	49.52	557.33	-270.50	292.94	-101.86	342.34	-347.57	135.98	-481.76	-351.17	-259.45	332.17	-176.37	855.59	438.48	-6.35	83.26	-388.53	233.40	-1084.45	457.81	-548.76	-122.80	867.81	-266.25	-565.25	-55.16	197.36	-619.08	-81.55	158.12	-382.94	274.96	161.61	-651.53	-189.15	426.47	-46.08	-640.26	242.45	422.65	336.84	150.60	-274.57	5.34	344.15	-121.32	-852.66	72.77	-369.54	404.86	-48.33	465.14	-456.92	-1002.45	232.44	-748.40	364.59	-198.03	-10.28	-267.81	360.40	-90.29	514.34	-15.01	-94.29	556.68	379.45	162.14	893.79	161.62	-856.09	635.89	-121.92	312.10	47.05	19.26	-339.18	727.09	-400.49	-0.56	428.34	1062.62	293.58	-49.80	253.98	-104.93	413.02	-269.93	995.27	1014.62	1010.05	-377.93	103.94	-487.75	278.00	-285.43	852.44	109.54	-48.06	-45.18	-80.32	-296.90	795.29	-692.43	-621.26	371.64	304.16	-115.47	-549.78	-226.66	80.21	-108.53	219.88	4.00	-414.27	-513.08	521.50	-11.25	-66.72	-213.13	-161.30	199.11	-491.27	252.44	145.29	14.25	256.81	154.88	-67.27	104.91	-60.91	-117.77	1103.56	582.01	-428.84	-235.41	-773.21	-746.03	-24.09	572.10	-503.75	-50.20	183.88	-498.54	-298.69	-99.54	-375.16	45.89	-630.20	-71.60	-397.37	98.39	50.55	439.35	196.45	1253.21	
366.54	766.43	-393.25	-584.86	-371.22	-264.90	81.99	-123.33	-627.15	690.21	162.17	-703.34	-1289.93	-980.26	95.64	89.61	-259.14	792.48	-44.04	-1092.97	48.63	338.57	202.93	424.87	-222.57	-104.58	-335.13	383.51	-110.25	365.39	559.27	-518.29	314.92	598.50	133.02	-330.23	-507.28	431.35	7.26	-392.71	161.62	79.46	-356.77	512.37	-1146.55	-209.84	-932.67	-644.89	-123.16	240.17	-548.50	-9.37	-19.53	36.24	291.49	113.70	-530.70	-340.59	95.68	988.14	1.72	69.19	104.30	375.54	130.95	-466.10	-519.71	249.42	-679.96	-331.32	-864.16	-286.54	430.31	-29.49	-636.43	-421.77	119.84	383.70	-105.40	315.00	-534.17	-191.66	336.17	-338.79	-73.61	-375.38	141.07	363.02	-152.59	198.12	434.01	-31.85	453.52	-270.03	-224.11	378.71	265.41	659.33	237.57	-432.73	411.52	-66.44	12.46	-452.69	-488.00	-278.86	-551.34	-422.94	-246.02	223.53	-498.25	-70.95	275.10	37.36	336.22	134.49	42.22	169.37	287.09	1595.76	853.62	695.62	833.58	345.83	-461.65	649.06	416.60	147.24	-580.55	-489.98	245.30	-279.65	408.31	-165.82	-312.86	-68.58	281.91	863.66	329.72	174.93	343.47	327.23	-353.75	-234.98	567.50	206.40	-652.14	-413.79	36.65	-688.03	-200.70	-189.09	294.67	55.72	264.65	403.16	-775.29	156.92	118.80	612.33	-215.28	-301.88	950.85	211.17	214.88	225.46	-146.77	-130.91	-537.56	389.44	-1185.43	250.91	-938.37	226.21	670.96	-174.18	-73.42	-693.17	-153.02	388.11	-618.26	-439.33	137.97	-51.07	705.89	-584.75	-197.02	17.04	36.53	208.10	-413.35	-91.16	-423.85	-325.13	682.64	-319.20	1046.88	322.39	-491.46	-751.72	
949.84	-221.59	626.08	-47.64	-175.85	-88.05	166.90	-65.83	-1046.94	430.83	123.87	-457.18	1049.93	-650.16	-326.05	555.00	14.03	-81.79	-313.97	-138.83	52.75	135.07	339.02	-294.02	-106.66	-162.34	649.00	-1072.69	495.30	539.15	365.59	595.57	-441.90	-310.28	155.84	3.60	-574.06	-23.02	133.65	287.74	-150.87	-662.15	59.24	55.08	44.31	-41.37	475.50	-135.62	62.42	360.93	193.09	-188.33	-156.29	184.57	20.15	906.39	594.48	473.88	-944.79	106.73	524.40	-223.47	-115.80	112.33	171.94	-543.26	-548.40	-599.32	-637.33	-175.55	-220.55	-442.38	-709.12	-401.75	142.45	320.69	157.56	-587.65	-477.64	-106.95	175.37	-684.88	-247.41	-480.34	-263.97	113.77	571.54	-351.24	-158.67	-193.36	86.58	194.32	-570.18	88.85	-346.04	-286.13	-26.13	-628.49	248.85	-347.53	286.34	-337.04	-388.56	404.23	117.54	-724.33	-67.32	-123.52	67.27	-282.67	-48.13	194.85	63.53	-268.30	-626.76	762.72	-385.49	335.64	-34.38	-626.82	-629.20	277.66	-583.37	58.42	225.46	-471.88	362.66	461.48	371.89	897.78	853.85	333.70	-433.57	400.64	-598.43	526.84	-99.73	-630.72	-75.03	40.56	-399.12	353.72	-390.91	-208.15	240.45	463.49	223.47	382.69	-811.97	441.22	352.63	811.99	646.12	-559.27	220.00	215.19	461.94	325.13	41.26	34.24	295.63	-112.22	146.70	781.25	638.12	-49.97	780.18	217.75	-88.52	29.19	457.07	997.62	451.44	438.78	56.04	-35.14	214.93	537.82	62.05	20.07	269.11	-184.67	130.54	-493.33	-385.82	-45.35	-6.07	-567.71	522.90	-147.09	684.41	1498.48	-336.99	-401.71	-163.22	989.53	186.97	-236.52	-861.38	1125.38	
-45.51	202.41	-193.80	73.04	-897.52	-802.76	-111.95	448.37	-136.13	392.04	120.80	93.44	624.74	-175.36	-557.65	-223.90	-234.57	654.97	-139.41	-228.23	-229.35	-268.95	-461.00	-22.84	73.74	-339.66	-542.81	-174.91	170.72	-10.62	260.29	-69.29	277.07	415.03	492.37	45.78	-185.52	73.02	504.82	-657.02	-354.50	81.16	-173.83	71.20	-279.33	-341.45	-348.93	41.61	-249.27	1409.66	-723.82	-194.03	306.24	419.84	368.31	13.18	-281.20	322.74	216.24	745.78	253.26	-324.34	-466.06	-491.09	216.34	-935.18	94.40	519.04	682.61	91.80	-33.44	31.05	-314.06	380.03	-831.41	230.77	130.28	583.36	-46.24	333.15	-71.32	-476.00	-448.52	215.43	499.39	-192.25	51.04	-195.97	-172.16	814.60	-775.01	565.23	1010.05	745.10	292.86	-358.64	330.38	-1288.14	111.90	520.62	-201.90	-207.40	-148.31	-504.09	105.47	420.17	-528.53	634.69	-1002.76	-271.13	343.30	-357.35	457.77	964.92	185.65	337.44	-772.07	93.51	-496.83	1017.03	-485.78	-222.22	618.90	-448.37	193.14	790.98	497.92	-553.80	355.61	302.12	-297.52	-204.79	152.00	531.01	-442.95	215.97	387.41	-234.34	-903.39	-135.21	-556.27	-124.41	-73.26	542.44	143.90	530.02	417.82	570.64	-782.64	-27.07	-1320.09	-163.81	175.41	160.85	296.83	-386.68	174.00	-54.91	199.88	-178.79	-474.11	119.45	328.59	-109.69	331.16	-558.51	172.26	-937.48	-468.81	927.83	397.87	-684.50	-684.88	61.87	-66.51	-9.06	531.49	-88.04	-154.12	347.61	-26.42	76.02	-927.70	-478.97	311.85	36.17	-244.27	-257.02	144.34	-209.48	690.68	-40.91	143.05	170.08	-1105.60	-228.00	247.95	-39.32	314.72	-31.74	
211.22	-325.20	-551.09	353.46	838.92	-642.93	-215.29	-290.67	-310.18	701.69	504.95	-137.02	-329.09	236.74	-225.67	-777.26	53.16	855.57	150.56	-853.65	-62.72	-507.05	-188.09	409.14	-451.33	-1086.72	-68.28	245.93	-577.91	535.34	224.11	-381.19	-593.87	213.33	178.65	185.07	977.92	-496.62	-163.15	-282.37	613.43	383.19	328.86	264.33	-145.55	-177.40	-714.48	-414.55	318.13	-543.82	834.57	-58.93	-607.18	-818.20	-36.52	581.82	7.65	-87.32	-171.86	-496.04	-312.40	454.84	277.20	-41.11	-735.64	-75.28	667.67	-267.37	2.27	-660.96	-272.78	-79.47	-371.61	474.08	-143.17	145.83	-356.47	-805.72	320.15	162.11	-565.13	838.08	-60.07	-254.30	-196.58	475.96	-667.78	-777.46	-1223.22	-215.29	-89.61	1187.11	-376.33	326.98	334.17	228.38	-249.79	-46.09	295.35	-28.49	581.62	-290.87	-399.20	133.47	188.70	1034.26	-329.99	677.38	-118.27	-633.54	-509.85	916.52	288.15	366.42	1338.81	-49.87	276.44	-260.25	14.90	579.12	201.80	737.90	-516.87	-539.59	-443.41	645.24	553.81	254.09	637.06	-266.43	-802.20	-135.21	1067.22	851.44	341.68	99.53	-161.34	-1249.21	307.62	-112.08	553.01	-390.50	645.81	677.56	-242.61	514.28	-317.14	259.80	1081.18	280.26	-838.01	-615.92	-45.82	-175.09	-584.59	-541.29	-69.62	517.05	-162.04	87.49	-110.63	518.92	-187.92	263.51	699.61	155.45	206.13	398.91	473.55	18.26	-146.86	77.66	-217.99	132.90	1118.11	-411.47	-506.22	-1073.04	272.19	-15.72	-33.09	99.05	-215.74	1029.27	-50.03	941.32	-320.50	283.25	55.68	-405.47	-365.97	-0.62	-344.86	-414.04	-49.94	-816.32	-201.38	-190.68	-114.95	-177.93	
-343.29	378.35	1030.66	-149.97	-542.21	-775.20	850.17	-337.32	126.45	936.10	676.49	69.78	-5.26	-378.27	-455.70	92.43	655.61	1303.44	10.79	-328.86	-209.38	-101.54	158.76	-158.63	-66.33	865.62	196.53	351.25	-701.17	306.32	-369.17	-86.87	582.61	-216.86	-209.01	-92.10	-932.90	147.79	-568.15	291.92	-907.39	-391.95	790.10	-240.41	-185.41	-810.54	541.78	-756.90	-324.43	475.30	-25.14	-277.81	-288.79	-796.02	1228.57	-695.86	-563.21	154.01	479.68	-119.61	508.83	-234.98	-583.64	700.13	303.60	-282.65	-93.51	560.68	322.28	-241.85	-187.58	-344.44	155.11	986.28	-188.08	-751.08	443.17	-190.86	210.61	794.78	-278.96	131.57	-261.21	470.23	-24.74	528.72	-92.34	-510.37	-501.20	1179.69	122.66	1220.59	61.07	-98.61	-477.04	-465.64	-87.57	-574.40	77.31	680.51	-133.80	633.87	-24.90	251.60	-458.77	-468.86	-739.52	-36.90	426.32	-202.70	-564.50	-481.85	-579.54	1119.88	643.92	-256.52	542.07	-417.15	-452.76	535.48	413.36	1125.57	494.25	-163.89	-896.03	-712.12	766.66	235.47	1287.92	171.83	-46.59	-45.75	239.48	-831.75	295.96	-149.74	594.08	415.31	902.39	524.06	605.75	1064.95	188.87	675.91	498.49	208.94	-855.30	303.26	241.44	-765.47	-1148.27	159.66	-615.80	139.40	-277.74	-721.96	-29.79	679.31	314.15	184.07	208.97	-485.92	-166.27	-467.80	-729.19	129.91	244.81	-454.73	-115.53	398.96	296.73	-65.80	-93.60	-572.85	594.78	97.00	102.56	-161.99	515.86	-90.66	607.52	-307.53	780.66	-257.91	663.91	313.50	71.44	-573.92	142.07	893.39	441.63	-717.11	-699.58	35.65	-369.07	-1178.18	491.04	107.83	1.14	-363.18	
-36.91	118.95	502.86	-766.07	192.51	-50.19	612.20	-173.86	-344.19	1183.18	621.99	1383.50	494.41	387.72	-359.52	-191.42	284.96	121.13	-703.48	180.18	-330.20	-97.24	-831.59	-129.93	-232.16	964.71	-346.75	-259.03	-66.25	-190.41	-773.40	-131.63	670.03	633.95	-255.87	-342.35	-728.90	-16.35	516.95	278.41	-467.63	-338.46	362.59	194.45	-318.38	424.59	176.02	-206.55	-43.12	126.04	860.12	111.57	-106.49	-120.30	232.14	-638.27	-630.39	427.15	962.06	-272.94	0.45	151.14	-667.30	561.03	-77.32	-197.92	-456.84	-477.35	312.57	444.99	247.06	206.32	119.13	-716.23	-329.03	199.35	945.83	912.15	205.35	-914.26	363.56	141.15	-366.88	-429.74	-348.03	-723.50	-65.97	-159.77	-76.23	68.26	284.40	573.51	1100.08	-236.39	-19.80	-306.24	1245.77	-1027.61	433.84	-47.63	317.12	386.78	-385.98	671.14	-242.18	320.44	-293.24	-463.89	202.64	-122.69	60.84	-1169.78	2.97	-4.47	723.68	-211.18	-196.12	-303.61	-854.92	731.60	-298.50	105.27	429.85	429.54	57.81	305.76	302.22	261.57	-87.46	-286.26	1024.60	-324.51	680.30	-209.16	24.69	181.10	81.45	-162.54	342.41	423.10	446.24	733.41	698.81	98.41	480.52	-730.49	719.32	-379.49	269.33	-216.28	-517.79	-413.39	-170.94	115.95	-499.06	181.03	-617.99	216.49	-238.16	848.25	-88.40	-353.50	-411.08	129.51	121.72	-723.31	-132.84	-1190.20	298.59	230.25	762.18	11.47	-53.22	-653.20	449.74	478.20	-562.16	736.28	-558.58	737.44	159.98	1003.38	979.57	-837.60	539.19	-588.13	57.44	27.15	-25.75	108.85	-281.60	455.17	714.35	652.39	-544.61	509.02	-65.77	98.11	43.10	-159.22	
-60.42	-24.39	97.15	45.39	98.91	-707.63	-282.03	128.76	488.63	-104.41	-136.49	-607.67	457.88	625.56	-396.24	-188.44	-148.47	86.78	-170.29	72.65	64.27	541.33	-392.58	116.97	328.89	38.82	-146.54	-471.40	171.75	183.10	155.87	-128.14	-767.87	200.02	-141.63	-319.40	299.68	681.59	254.38	220.86	457.04	-205.17	-639.76	-509.23	-514.61	-44.65	-550.11	185.13	-164.38	-232.71	696.30	127.36	149.20	301.96	390.52	-213.43	572.93	941.57	-338.83	-459.34	237.48	-68.34	48.49	109.51	-439.43	349.96	-227.01	-746.99	-605.38	-222.81	-670.17	451.49	691.28	-234.31	-437.59	-581.37	-586.51	-444.50	210.06	-709.69	-506.05	506.21	119.34	-478.93	-39.44	-69.46	376.32	-146.78	823.62	349.75	265.61	173.29	-36.58	-37.43	128.91	-454.88	-786.46	502.41	279.35	1470.73	560.64	204.18	157.26	685.91	-100.50	-480.65	844.22	-385.87	-663.65	-449.11	-467.15	-344.37	-47.98	-259.38	232.03	-308.83	-204.23	339.35	-1077.54	-518.15	-681.05	-424.32	-84.20	372.25	-213.85	-965.77	-174.38	-436.00	-243.85	222.37	-99.64	-81.01	600.34	-1145.22	-31.18	-9.51	-713.21	-559.85	256.09	274.91	-701.24	-771.77	167.13	740.57	-267.20	108.34	-535.05	142.89	-109.06	285.08	320.03	-19.66	-320.74	595.68	-548.99	1030.83	723.65	219.32	-818.64	12.89	361.36	-433.38	-617.04	138.57	134.50	-541.45	-162.15	-64.21	-45.18	-979.70	667.09	374.17	115.03	-312.45	39.56	146.54	621.03	612.94	-394.42	291.66	127.61	195.87	252.66	-213.54	381.08	310.68	-413.24	593.45	771.15	111.82	-127.86	-635.30	-296.77	-57.09	-843.54	-143.02	-216.82	481.72	41.53	-7.76	
-1045.35	-563.91	-760.74	-480.08	97.33	-325.76	-26.34	-360.28	-60.35	-137.80	325.22	812.76	-1125.15	-1298.48	340.65	-399.95	741.38	-301.63	-388.13	-618.41	1122.69	481.89	-58.59	-355.04	-213.04	775.87	329.50	-602.21	-522.07	723.14	-8.43	-52.23	-190.22	300.97	-257.96	151.63	56.05	-585.28	-19.55	-319.99	-79.82	114.23	294.19	-157.62	1013.43	479.05	-925.81	539.41	-499.55	152.06	-718.01	-471.28	-105.24	355.90	922.64	-1198.26	-385.23	104.41	854.39	-464.98	232.39	-205.61	398.02	84.93	-598.71	831.10	270.57	-267.86	-262.79	-847.70	226.36	170.44	-357.95	-261.02	-196.80	918.61	-535.11	771.06	347.90	735.05	-322.21	-895.67	-164.08	-449.21	599.24	-302.79	121.62	-157.27	903.43	517.87	442.44	-316.43	-3.47	190.74	132.68	-127.86	-678.41	-107.80	-120.06	365.00	358.83	-486.16	657.60	-577.04	198.38	-580.29	408.32	783.62	-28.80	-139.00	408.98	-154.18	970.04	-496.82	22.36	-109.31	-1047.40	-37.75	218.19	430.08	94.55	-137.43	-46.10	234.34	-851.12	-274.95	-974.79	-160.39	155.44	-246.80	-350.50	290.47	882.94	371.89	-619.26	735.29	500.96	-85.34	538.28	31.31	423.56	265.57	-155.33	906.90	-950.96	423.89	-135.36	-92.96	-269.43	-275.10	-436.61	491.49	417.49	523.48	-166.07	309.50	-78.05	991.72	-514.56	134.41	415.70	326.35	-352.96	-47.57	-126.97	-240.25	113.30	612.29	-493.39	-198.76	-32.17	-38.25	-179.81	-1182.86	-283.74	296.45	-94.56	-863.41	-165.29	464.43	-270.12	-660.07	24.67	578.62	-388.88	-135.70	15.24	438.43	844.53	-71.82	-185.41	398.77	91.43	-315.05	91.62	537.40	246.49	89.18	82.92	-516.50	
129.48	-84.38	-409.54	301.04	62.09	165.26	-99.37	422.59	-582.94	422.86	-601.03	382.80	-734.59	-425.48	245.42	-134.14	901.40	-604.24	861.32	647.89	444.61	306.03	285.84	-21.87	707.51	-508.81	-507.92	-502.29	-1255.22	-877.93	-20.88	-491.48	-759.40	-633.52	-644.88	-222.56	57.08	534.25	-703.42	535.87	67.33	-314.25	-991.98	-1333.87	-903.85	376.59	0.14	-447.07	-140.91	-4.55	176.89	362.55	-233.15	215.62	-743.50	0.05	557.57	986.18	-153.15	114.30	-271.74	-70.02	1016.89	-226.09	537.67	-117.00	-86.56	-818.48	-1031.76	-368.66	580.48	829.43	23.96	-510.61	699.64	-291.43	300.87	-560.09	508.83	-353.04	337.10	421.29	754.54	-561.88	934.06	116.43	214.45	707.12	-453.74	-392.50	226.56	114.09	-621.13	-19.83	23.17	137.40	-49.16	-19.57	-286.42	-220.79	-240.51	1132.82	378.16	-121.44	-319.76	-670.36	355.10	-191.65	-81.17	-503.68	-707.99	-531.03	476.25	-700.99	687.92	-411.21	-77.32	73.32	-273.99	562.97	1.52	394.73	817.51	237.34	-402.01	-200.57	377.00	399.45	-486.36	-171.73	355.24	-283.11	-353.80	271.67	161.20	-373.11	-1477.51	4.17	-42.03	-993.06	-742.22	355.58	-128.75	171.91	1133.10	-6.48	569.50	139.50	489.23	-134.15	109.89	405.83	203.58	-0.52	109.38	27.89	552.13	559.18	-297.16	1012.39	-957.27	265.85	697.76	-270.79	-141.70	314.14	43.33	528.63	1466.81	-492.28	286.39	7.36	263.85	419.46	228.82	-470.90	18.24	730.34	632.97	-446.15	391.65	-334.72	377.53	-178.12	-197.30	-20.94	205.68	-251.09	-314.74	150.69	-345.48	-304.06	-613.46	-461.08	780.68	-682.94	335.20	132.54	444.26	32.88	
-318.10	437.75	-511.38	962.77	118.92	374.79	-420.06	215.86	618.77	-195.59	-163.84	-450.38	318.35	-197.96	-389.60	-283.54	133.82	259.22	492.08	424.78	-682.74	-710.52	-366.83	-378.51	149.50	261.22	161.89	171.88	575.29	-392.45	165.02	332.72	-162.26	1361.11	-458.47	-514.35	221.19	980.06	-493.91	641.64	-151.09	-573.21	-212.73	102.84	237.44	-25.23	1116.14	461.47	158.10	-78.42	432.43	46.72	255.45	549.70	589.39	156.23	406.01	-768.63	-288.05	161.31	476.89	772.73	64.72	-526.83	438.72	-101.31	-649.65	-129.84	855.91	-206.79	575.33	-92.04	545.81	368.18	-887.04	952.25	-661.41	81.54	293.44	306.06	452.57	351.65	221.30	1093.04	-424.60	69.99	-557.54	-549.79	-145.73	148.37	256.59	-113.12	-624.94	-216.49	3.04	-250.36	-294.55	558.68	167.69	205.69	356.76	-104.49	-1372.71	338.43	152.91	-656.64	129.12	-432.53	521.35	-733.89	-521.12	-627.10	393.41	484.04	1059.63	-709.35	150.60	550.06	164.03	560.69	850.11	916.97	97.90	-205.50	-356.21	62.88	-379.67	35.56	-190.98	-226.78	549.66	555.46	-192.77	-456.32	693.40	-559.00	-255.29	772.44	430.14	-620.16	255.08	-28.26	-781.55	-98.99	596.53	247.65	-1008.33	-397.50	-455.06	238.21	-100.24	-337.23	-316.30	-355.12	-574.79	75.05	1165.39	256.48	-402.26	-265.56	143.64	-852.31	647.67	567.35	-493.44	-203.77	-534.35	-241.48	82.39	-296.52	146.08	255.28	118.64	484.70	-294.41	188.02	370.21	-260.40	-26.48	247.56	-214.62	-313.77	-173.98	-552.17	-1059.25	-17.10	337.51	-398.50	-157.10	97.92	63.91	143.51	-11.69	-428.88	601.05	-473.60	64.88	-182.34	-6.58	-535.31	
57.93	1127.56	813.00	-181.73	788.64	687.07	143.70	375.39	366.65	-280.46	45.95	-77.52	-105.67	959.30	197.33	564.01	-495.55	717.14	-730.63	315.13	-344.51	367.71	-823.38	-218.52	-645.26	-227.66	426.42	-277.68	112.11	509.54	80.26	-218.33	665.91	223.99	-83.58	52.13	-300.43	-40.35	-251.60	-177.88	-1051.10	128.04	1004.58	-247.54	-44.86	-376.83	-155.03	-188.53	-694.43	314.35	105.89	-477.95	-394.08	-614.38	238.16	73.34	471.43	-487.10	-118.31	25.92	771.06	264.58	127.10	-80.23	608.31	-422.19	-114.20	-305.29	39.29	-196.67	-201.56	-541.17	288.97	-189.95	87.73	-215.28	-459.28	-151.28	-122.42	-535.54	179.45	-327.75	-876.62	182.31	85.85	-208.58	960.87	-520.15	-427.10	-252.59	334.44	105.64	378.29	618.91	-176.04	-113.09	298.98	-978.92	-1030.80	-822.33	-281.16	442.95	-520.90	637.86	-206.86	39.04	219.98	57.96	-491.45	404.81	534.08	-206.63	195.52	526.67	-580.41	-131.04	-732.18	-773.33	358.06	605.54	372.01	-195.88	65.20	-169.04	68.62	556.37	111.10	178.01	205.74	308.30	-112.59	194.75	-38.93	173.73	-34.45	633.13	94.41	-98.58	-7.48	496.74	-0.61	830.11	-64.99	326.74	761.10	999.19	-71.73	-72.91	-262.08	-514.91	-954.76	227.94	-256.79	117.85	272.04	-357.78	311.08	-94.99	569.13	-1098.68	292.35	-344.32	-556.69	94.69	-77.67	261.03	-133.86	41.90	-312.96	389.46	17.18	885.28	-354.58	259.95	-37.92	-481.61	-279.31	172.38	-452.70	1123.00	-326.24	-145.46	161.80	-433.57	-917.22	192.45	-115.95	-702.93	23.72	174.96	466.04	553.98	51.34	130.05	-263.01	11.13	-595.91	847.23	414.63	1275.97	
-50.58	-49.03	-247.79	-302.01	81.77	-380.49	265.96	-400.27	-402.31	-10.83	182.98	-340.70	-24.76	343.95	-319.05	-98.08	-460.97	-241.59	23.71	502.02	474.56	619.97	834.99	-161.72	271.87	-275.41	-15.58	-122.35	-7.90	-746.77	-216.43	780.93	550.91	-151.04	335.58	822.79	-229.08	371.68	-5.99	-203.90	-145.01	-3.14	-156.70	307.80	170.48	230.70	-143.17	637.61	-149.94	684.00	467.80	116.68	257.90	259.73	-67.01	-552.44	-262.03	600.36	2.78	26.25	-554.23	104.00	267.32	-708.39	194.80	19.23	743.51	142.23	39.01	-1281.57	-653.52	447.78	-353.10	-403.37	422.52	-152.35	-260.10	486.38	58.43	-173.64	-216.61	400.91	613.97	-1346.61	656.98	144.58	-745.75	-151.18	-194.56	255.57	463.85	309.67	-322.27	-118.73	392.77	681.63	-34.66	765.02	-86.97	492.67	75.01	254.27	-649.30	-414.77	-545.02	-965.12	-81.69	120.95	458.44	-483.10	-605.61	163.08	-237.10	591.79	-208.46	310.56	-490.89	285.84	-11.83	339.13	126.61	-931.76	358.63	-118.98	-155.41	140.03	806.86	279.32	305.04	-91.40	467.26	-867.90	-471.98	276.13	798.47	-252.51	207.27	479.14	286.55	-675.66	-220.23	-348.25	-241.65	524.83	-92.33	345.08	-523.56	16.06	-397.48	-90.91	415.76	558.77	-182.50	-994.03	383.53	99.09	286.83	-356.67	-230.00	190.74	339.56	-359.23	450.81	-609.52	123.88	426.19	-313.68	182.35	-523.05	-16.77	1164.81	423.93	50.30	825.05	-899.14	764.26	-365.00	-34.25	-117.97	-350.10	1027.54	484.66	-342.61	499.41	-298.11	596.26	-137.89	-32.44	-100.46	-617.50	-141.08	156.20	-1076.18	728.35	177.59	518.84	-355.62	-195.35	81.92	-141.34	
-324.04	-648.34	-392.95	165.62	-286.66	-670.35	-412.55	219.12	638.65	67.54	-919.49	-623.75	169.96	-81.64	589.44	148.88	-434.39	-457.73	703.61	-419.71	12.34	142.33	206.72	418.88	883.95	271.39	22.58	191.70	514.02	313.05	436.69	417.34	160.59	-125.48	985.13	-282.31	593.64	374.82	-683.59	184.69	919.99	-122.37	114.05	122.66	-188.54	583.17	-326.16	-312.62	68.54	163.58	94.85	-489.44	-85.67	-369.18	-54.62	203.24	731.45	301.52	553.17	-516.56	108.61	-719.43	10.83	-66.70	-190.01	-533.17	64.11	-287.06	-159.80	6.65	-452.29	395.34	-137.18	-36.84	-259.74	-604.17	-282.01	21.20	85.86	-243.16	-324.27	1339.43	-385.20	-177.29	668.75	96.48	-818.61	-260.88	90.82	209.69	683.26	175.50	268.57	-124.93	852.05	-116.27	-875.96	185.43	903.32	-293.29	254.19	76.47	-621.25	-1.51	-357.37	-525.97	99.94	-163.38	-299.33	-565.90	-734.94	111.49	639.67	316.71	366.41	618.27	-510.12	210.58	347.09	536.10	260.55	-481.81	319.64	227.48	-459.17	350.01	-141.00	-109.57	-28.26	22.71	55.93	-1023.88	73.49	-1162.44	-569.99	148.46	462.78	-320.20	260.86	-386.84	-922.25	-525.40	271.23	683.78	422.26	190.75	-1166.01	-414.05	-214.71	-589.14	-946.77	102.49	-441.25	-718.36	518.64	786.14	223.95	-612.93	311.61	-91.00	-183.56	910.12	669.38	524.80	-150.20	-103.64	-132.17	-736.63	763.94	160.18	-750.61	12.10	-410.32	1041.14	-411.03	971.67	37.82	-374.49	-83.01	-562.36	-206.01	527.75	-572.92	-498.23	-12.71	986.94	-215.95	26.27	1005.62	993.29	-195.41	-653.68	-33.52	185.59	254.50	-619.22	498.26	24.82	-255.13	-236.85	
-182.23	1308.20	-643.24	-701.80	3.90	-1007.89	296.57	593.33	284.47	75.73	281.87	490.78	-460.18	-340.72	278.88	507.00	554.79	828.86	-385.29	-200.45	157.31	111.83	604.86	59.42	265.48	481.06	-111.81	82.37	-278.64	70.29	178.94	0.63	54.03	-828.96	219.31	-141.01	-36.43	26.77	463.12	-203.21	-225.40	-337.09	89.74	-361.60	-519.97	-206.92	18.57	172.60	12.50	-140.54	717.41	-230.28	-314.87	-58.09	-115.74	-257.92	303.15	-227.36	408.73	320.69	243.73	-14.06	-365.22	268.79	-391.61	-453.64	-247.04	662.54	288.94	-188.10	-404.30	47.33	231.01	414.10	-534.56	-268.66	-1036.80	-449.55	242.67	468.10	-490.30	-259.70	274.83	-133.34	-145.86	102.47	-462.37	381.12	-383.86	957.52	-455.19	938.04	848.81	-727.04	647.67	-89.80	-922.91	378.84	-963.83	1284.17	251.85	219.60	-253.25	-137.04	156.40	-33.97	-25.30	1122.69	-409.17	-134.04	-60.16	-262.61	-315.28	438.78	-192.66	-294.99	15.62	76.01	-291.39	492.45	-254.84	-319.50	-918.41	-659.27	109.21	500.40	586.88	229.47	295.29	-11.60	1039.60	162.72	-546.59	429.36	81.37	-541.87	-719.89	172.55	206.47	-484.40	542.91	-41.59	15.57	685.99	-53.71	-155.57	-314.51	-895.01	-286.94	624.21	-343.37	323.31	407.26	481.92	-869.28	-229.44	42.29	720.40	171.27	-477.17	91.91	211.09	-714.93	-142.26	489.94	-794.46	-378.79	-301.26	-310.24	407.04	714.67	31.91	-485.42	-104.37	284.92	-417.95	-1127.18	437.43	831.86	493.49	121.41	798.65	68.05	-254.41	-722.39	317.73	-675.88	-673.60	-344.90	48.31	-659.70	-189.61	448.11	-122.86	37.10	-702.35	-352.04	-224.57	346.60	-138.91	
-494.78	973.27	-438.75	462.87	-177.32	-9.17	874.08	284.56	379.36	-94.76	-231.49	118.52	34.67	-185.55	-620.51	160.32	389.72	-659.30	200.68	-639.94	1205.90	117.18	203.95	-465.21	-111.91	541.93	134.47	570.82	-73.97	-227.21	1113.20	656.14	-371.51	-528.20	-549.24	-258.26	6.91	-629.53	201.53	-196.50	-25.91	-15.69	-521.81	-4.94	-4.63	391.81	-218.20	-532.89	885.41	15.27	-236.34	-324.76	-382.57	-115.83	572.81	531.87	-315.04	62.52	-181.58	-80.12	-629.77	-199.81	-365.40	-266.39	-261.36	586.80	-166.92	-962.25	-294.27	247.23	-214.57	175.78	14.49	163.71	393.55	907.07	-568.07	-288.87	-30.98	478.24	613.97	1030.20	-495.41	215.84	266.01	-35.08	535.99	653.11	393.85	338.56	-313.93	-352.38	-132.00	-345.54	232.90	-2.50	-547.54	372.05	-583.76	895.81	-71.22	290.03	-97.04	-707.78	-186.68	-25.88	-54.45	286.14	-36.52	427.47	-117.56	-228.24	420.40	-651.75	-625.20	-320.38	220.53	401.28	-159.96	-328.94	-0.01	-234.20	554.39	355.10	-400.66	603.92	419.07	-33.98	36.91	340.86	-725.57	44.35	-512.64	-189.95	-125.00	428.95	542.94	-433.40	134.80	-351.28	-234.38	153.95	-659.21	14.18	140.17	118.75	262.86	395.31	-164.55	-817.13	491.73	-903.57	-583.92	770.77	-301.27	48.30	-807.39	61.24	-86.94	26.60	-14.99	1006.79	419.99	-603.79	302.30	-337.46	30.50	-48.29	314.47	308.82	-186.48	725.04	176.22	327.16	-36.02	460.08	664.72	90.74	-733.80	-268.61	-4.88	-1461.98	-242.76	254.73	-149.85	130.97	-963.69	-956.01	-220.83	-237.02	620.72	-576.63	-186.52	669.59	-142.52	191.00	195.11	-376.28	-185.12	1093.50	
-60.86	425.60	154.84	66.21	-168.15	318.66	405.93	-463.81	72.55	207.92	107.11	-165.78	-528.60	349.80	398.16	488.46	-398.50	446.13	-314.49	-99.08	-343.09	-244.47	382.03	133.23	461.54	-33.94	182.05	527.23	118.36	-520.02	-425.24	215.22	-736.21	-1.48	-81.29	289.83	-371.39	206.19	185.17	-87.63	-4.98	205.37	405.83	-869.65	-219.12	904.74	620.76	276.54	343.68	-209.38	147.70	85.20	-184.31	557.95	191.27	-555.99	114.34	82.39	548.74	-98.77	130.38	743.70	265.94	-139.05	-348.33	-448.98	8.58	111.83	-352.18	1180.57	181.17	-131.94	-234.95	532.93	-135.34	-517.46	758.57	144.85	-697.80	-113.99	141.76	610.46	1133.45	860.99	439.47	-482.24	282.44	213.57	11.96	205.70	-796.14	-660.73	-228.82	-104.96	871.30	-484.37	-114.73	-362.32	-472.83	28.68	50.42	-590.48	395.32	334.14	-318.10	232.60	702.14	-6.15	-144.13	1025.42	-246.88	258.44	33.00	-423.81	167.86	-313.50	322.11	424.63	137.98	-626.91	41.84	205.06	1045.50	341.46	-41.94	95.44	278.19	-1.49	-107.65	283.50	422.13	-519.25	-640.64	561.44	710.62	70.15	236.15	752.63	-115.00	-98.36	141.13	826.00	-746.13	171.63	-129.32	73.42	689.18	-849.74	-179.69	678.09	-615.23	238.00	364.71	-798.44	866.26	427.65	-318.98	160.83	-249.46	36.49	157.05	486.13	-380.65	-372.63	-400.55	-0.17	18.81	-48.83	-451.26	416.79	-23.42	-618.89	-82.30	446.80	212.01	-646.94	685.16	-69.51	171.44	802.09	-236.17	-140.77	236.80	575.54	-520.55	311.01	-320.76	-652.09	225.81	-34.85	-115.11	-261.99	547.11	584.40	-370.78	-230.34	-164.45	-516.69	7.44	-142.47	
861.67	102.29	-320.62	-282.09	41.70	168.73	328.96	-338.08	-67.52	20.65	681.29	-390.41	-672.25	183.05	-54.62	-166.98	184.64	-772.21	428.75	662.02	581.00	13.72	167.62	81.95	416.57	-155.69	77.14	-1454.42	354.04	-367.44	615.26	-697.65	-408.29	-738.31	-193.41	-292.68	733.62	347.41	-107.30	566.74	315.08	777.70	-387.11	-644.50	706.52	383.70	-572.56	205.54	-298.32	192.78	408.16	356.28	62.35	978.62	63.03	1054.44	221.94	246.85	113.08	-275.49	-473.43	-267.05	-365.87	-763.60	-451.90	616.99	-2.35	291.42	-491.11	247.84	-702.16	39.61	663.77	-20.80	-134.71	-108.63	-575.55	-241.34	577.67	-369.63	214.47	145.04	-418.56	-80.08	-1003.87	-419.88	459.88	-296.63	186.81	-670.65	-277.29	412.44	-489.79	471.53	-59.38	174.11	-801.76	-21.77	69.26	-369.57	514.91	-1038.40	297.39	243.61	893.36	-581.69	1140.72	-355.42	-678.63	-176.12	-187.14	-478.78	615.82	-49.25	9.31	-244.72	-179.49	651.11	644.24	365.25	46.93	588.97	-302.15	7.99	132.95	393.04	785.99	-6.61	-430.58	-65.13	-252.63	586.49	-596.34	-48.54	-526.50	-135.68	140.83	-833.87	-95.23	-317.10	46.06	412.08	140.83	-514.12	537.46	-787.32	-493.22	-132.23	1044.42	17.67	166.56	614.60	-454.15	-159.19	540.38	-51.74	910.85	349.14	-655.09	-532.12	317.55	565.53	213.75	-367.34	-192.51	329.89	56.51	1611.59	-735.26	-151.72	-634.07	-262.62	-301.29	171.33	104.54	-516.18	484.84	-478.89	-208.09	-273.43	-642.58	-172.95	-67.83	66.61	-698.79	-70.43	-252.69	-869.50	34.84	-547.90	-173.99	-264.92	-240.29	183.17	-249.98	434.72	218.09	-860.00	381.12	-884.71	
-154.63	-396.94	-475.43	-183.96	530.31	204.31	-225.43	-268.93	572.67	85.80	-705.36	-61.85	-474.12	23.97	-533.03	-659.55	-34.02	978.16	-370.52	222.82	-81.09	661.34	214.12	-800.24	24.56	308.44	-535.49	178.53	73.15	-565.45	94.83	332.99	248.16	229.48	-258.07	-155.40	-430.55	652.09	-303.16	202.80	-184.64	318.17	-88.00	145.83	435.19	661.74	-79.65	958.23	532.43	-80.20	-574.07	229.55	-18.19	38.26	206.35	-217.88	98.85	-719.68	236.49	-1091.08	592.96	-286.95	330.99	-330.50	-71.92	-36.19	93.34	111.37	-228.97	-295.34	-126.93	809.90	-620.48	83.82	-277.02	274.67	214.92	-134.93	456.15	275.25	-2.39	-605.00	-79.54	-123.53	437.75	-200.87	-10.91	-493.47	942.63	-315.34	483.06	740.74	-298.32	210.89	34.08	-13.06	1111.02	-281.01	526.97	-471.24	297.17	687.82	175.85	482.52	41.52	-163.03	963.60	292.69	229.25	44.32	-141.96	-213.40	955.83	521.27	773.90	-952.98	-663.22	-243.65	-87.57	-362.03	-161.35	-194.07	141.33	534.73	-868.65	-799.74	-312.24	-523.38	106.62	-923.23	-47.04	79.53	1871.38	673.22	443.89	26.55	-906.61	-446.77	-44.90	163.47	-218.58	-613.37	355.10	-21.73	11.12	441.20	545.51	-257.64	516.36	-737.61	252.62	-138.54	47.21	-870.20	-142.29	-12.62	541.12	556.57	463.75	-232.75	-82.24	-670.09	91.94	376.98	357.19	115.12	45.20	-703.04	442.19	-944.26	571.51	-74.51	223.10	84.27	293.54	234.92	-25.34	295.59	349.33	147.62	53.28	745.40	-51.97	-435.79	4.34	-858.48	1.66	277.39	36.22	122.05	384.85	647.15	-116.69	-89.27	519.07	314.62	821.16	149.87	-168.53	131.01	
342.42	-406.31	262.40	367.17	236.56	642.34	442.22	-146.89	377.88	-684.41	459.01	-16.32	491.48	-375.80	61.34	-1082.63	-143.28	241.94	74.68	794.88	350.46	-657.71	349.35	154.55	25.24	-446.80	122.09	-373.50	462.35	152.75	172.46	493.14	-302.18	-203.15	445.90	-608.72	-459.02	79.56	652.90	29.41	-114.52	-456.13	272.36	215.96	1161.80	680.42	292.77	-5.89	-170.32	89.17	298.03	156.45	163.76	1076.48	193.06	-343.64	-149.65	-144.38	313.11	14.66	124.18	-406.47	-66.15	-290.81	-104.22	-767.21	282.02	527.89	155.93	55.87	26.25	158.38	213.57	-131.17	-8.28	-889.61	103.14	-208.16	945.57	-61.62	-577.20	-173.50	-403.64	-109.65	-331.51	-150.61	134.73	54.96	893.07	-387.28	-213.57	-439.24	27.90	138.54	-374.14	222.48	-670.04	-53.81	381.76	-507.11	-746.91	-507.00	1041.70	586.27	350.53	-685.86	79.62	-345.68	-77.01	109.64	736.10	1172.72	-379.42	320.00	-732.68	4.19	-331.40	-16.27	-29.96	-789.33	-561.54	-267.99	219.47	788.48	665.82	-215.63	-117.16	-203.95	444.93	-627.34	225.39	-766.99	-722.31	596.36	-232.83	810.67	-1117.13	133.09	-496.65	12.47	25.50	-711.30	-478.41	-1039.48	-526.10	-382.86	-238.60	-157.09	-228.85	-110.18	-752.70	122.96	586.81	-306.75	-99.94	310.49	-195.27	-735.59	96.05	-616.02	828.99	-165.47	-541.50	-882.45	-84.78	177.69	-96.05	-10.33	-56.86	-192.57	633.09	-644.07	685.26	472.73	-455.17	834.33	260.89	1059.39	-31.95	181.08	-302.40	-716.98	1.15	25.27	6.43	302.49	-732.41	466.46	112.94	230.28	-27.15	-342.37	105.07	647.34	-136.78	104.12	166.56	80.00	254.65	305.74	
1106.40	-99.76	-995.78	162.65	306.02	67.32	441.35	-611.71	325.37	-8.01	-577.75	231.71	-111.81	-879.64	-223.47	-248.06	1185.12	-405.94	-359.27	-189.68	858.59	407.24	-520.52	-73.49	-417.66	616.21	-269.96	11.38	-67.54	243.95	-31.40	-3.59	-270.84	352.35	-140.96	-42.46	349.26	-1011.30	-576.33	618.50	93.36	337.10	-709.69	615.05	527.38	303.13	-467.14	659.84	-101.94	-155.64	-267.50	59.09	-131.04	409.60	737.73	843.97	-15.16	93.19	487.97	-115.60	258.55	-1199.83	-800.14	-699.04	232.64	-386.42	-84.44	-763.48	-159.97	-152.21	-1227.62	-22.14	-960.90	-481.41	-337.01	58.43	-474.68	-490.83	-316.28	481.08	-134.32	1126.03	-1310.58	298.26	-67.48	-314.84	-895.81	755.69	-179.47	-51.62	408.03	-201.55	-628.23	210.72	56.44	166.38	-160.15	120.62	-256.82	-781.45	193.51	342.49	-117.76	-469.15	49.63	-670.16	1046.75	-159.96	307.14	44.17	-481.58	287.14	493.39	346.39	-1.16	283.30	-576.47	-350.82	-800.11	-46.26	-283.03	198.96	557.85	207.99	410.16	-386.13	179.53	267.10	-485.46	98.37	512.96	-372.78	47.63	-811.41	-850.00	13.95	133.69	-525.90	107.35	-181.65	-212.43	-606.73	411.10	241.81	-461.77	113.41	-781.98	205.45	189.13	-612.72	46.90	-595.95	-829.90	45.60	-124.14	1150.68	-307.55	-926.10	-627.72	398.67	678.11	-1026.39	235.45	113.45	254.25	-584.53	446.33	-859.19	-227.59	-169.53	434.00	1106.63	-412.62	286.11	538.41	44.37	-311.84	-491.57	-225.66	-53.81	-835.46	-53.36	-66.14	-60.12	-946.08	311.51	-104.47	-216.12	171.20	-536.76	-115.24	-273.61	-467.63	-88.19	662.18	174.77	136.61	-602.19	-60.88	237.54	
-388.14	-228.42	472.34	-509.51	-237.20	-15.76	731.91	-321.57	-795.64	-860.15	986.53	-623.61	478.27	253.74	320.13	-623.34	540.70	321.79	856.11	278.73	-135.55	-336.08	177.96	156.06	213.25	-484.34	817.89	314.86	740.24	-53.71	231.99	115.80	-329.29	-280.61	221.64	-965.12	916.52	331.34	106.04	674.28	343.85	679.11	-138.71	-484.80	-47.01	-32.46	-733.92	-539.30	-84.46	981.83	298.55	-926.19	-747.53	-342.69	144.73	458.41	-654.24	923.14	1660.17	-194.45	-284.63	-37.12	-1317.40	-31.53	184.46	-633.86	74.94	-225.84	-141.58	473.65	-1097.37	-153.89	-531.88	333.68	51.35	-613.41	-1.66	187.12	-427.45	227.02	299.46	81.75	-520.19	439.33	216.25	-744.17	-67.20	1251.75	112.88	249.32	-239.02	-525.77	314.08	48.40	283.74	44.62	-929.36	276.34	806.30	-0.66	80.38	-700.61	-45.87	-758.03	99.35	74.97	-872.77	173.13	597.22	-133.21	-1037.95	368.30	-300.00	-220.20	437.76	710.14	-269.19	-109.39	-58.00	53.32	-249.43	70.17	-682.73	830.11	-317.11	402.82	23.61	-252.99	806.52	-1138.07	-248.81	-240.95	23.60	13.49	5.11	27.04	730.96	-233.68	-89.31	380.74	403.15	39.62	765.42	-316.10	-243.99	382.54	456.70	752.56	-112.49	707.57	-184.77	-17.81	-224.17	-214.24	-420.09	139.32	487.80	-152.93	-243.64	-267.43	-94.70	513.40	14.66	-713.58	-709.41	-359.84	-732.76	669.62	-245.72	623.12	-53.76	-200.19	-604.32	-260.84	417.97	135.99	-750.12	-792.62	794.87	-252.21	591.58	154.76	39.67	642.87	358.67	214.61	-1060.07	-32.76	236.02	681.93	554.76	76.56	-476.03	-239.25	-43.57	-301.10	340.46	-148.14	-506.23	190.73	
-168.79	-1100.22	198.68	60.49	-362.82	-176.03	78.17	-395.54	43.92	46.33	310.12	212.96	55.04	428.90	-496.79	-601.76	-335.43	96.05	357.61	-169.80	7.70	-605.21	52.26	7.39	131.19	369.45	-982.44	282.09	-38.32	-30.63	-82.34	936.44	1052.54	-361.69	-505.38	640.92	-161.40	-48.67	-860.80	-344.01	140.99	78.79	802.01	685.30	434.08	-350.90	-521.34	867.23	-484.69	-267.57	-297.11	-80.64	-99.32	-252.03	281.85	-308.40	-4.34	-336.13	74.59	323.61	-376.87	528.90	640.31	-1035.19	-54.44	-445.74	644.05	868.20	-562.62	150.38	202.46	200.47	569.84	487.21	172.44	-180.41	533.72	-383.41	-340.02	915.40	-1523.33	-55.66	1230.99	518.47	450.90	-41.67	-457.76	590.46	68.56	69.04	-383.41	428.73	294.47	181.37	118.99	-83.87	-185.92	-337.41	-158.04	235.00	93.65	-739.60	-150.78	870.08	393.94	631.98	-479.82	-55.21	132.42	-566.47	-241.29	-79.06	-1162.61	171.83	676.14	118.98	0.68	-428.72	-159.93	-247.67	-594.89	98.65	308.81	-547.02	-255.08	-613.30	-17.06	-300.92	-212.55	74.06	479.31	-52.08	25.24	-876.02	473.71	-312.57	493.46	489.46	-308.51	254.31	942.03	-182.42	-704.05	1417.36	-335.97	-670.33	561.52	203.25	-50.25	-122.30	16.30	12.79	-197.33	-427.92	297.75	441.54	-931.54	80.54	219.97	-562.06	305.04	119.67	-23.44	-810.54	309.47	177.46	-511.13	628.88	-283.45	225.37	413.37	-588.49	382.58	490.26	158.81	323.83	-489.11	764.50	514.53	-17.10	257.39	-511.92	344.56	-277.18	-636.19	308.03	230.70	506.87	-436.17	455.34	89.29	68.20	-43.65	472.58	169.04	84.28	-335.66	546.01	484.08	-765.43	
653.76	430.45	-184.33	-661.26	-42.62	426.04	-63.97	-983.53	-764.60	899.37	-208.70	142.19	-210.14	-438.17	-118.07	-291.53	451.42	103.49	177.20	432.17	547.60	-255.83	486.42	539.48	-552.13	-83.59	-292.03	-199.83	-314.39	544.68	119.07	258.15	543.15	-797.66	426.71	217.89	897.00	-423.45	-1124.68	148.35	-338.88	-53.73	131.62	39.57	53.61	-157.60	671.41	538.82	134.84	-250.32	51.62	558.27	-220.34	148.94	772.79	-141.89	-391.67	-26.67	-51.15	-372.64	349.76	-163.76	361.55	-32.79	-1261.02	278.45	192.78	729.90	-257.67	525.57	-336.61	14.86	191.09	57.73	-399.06	-349.94	217.20	-634.57	64.32	417.69	85.05	309.24	-934.58	404.55	396.93	50.66	60.79	-818.02	-338.29	-297.88	-91.55	472.98	-590.38	-319.99	-322.50	-926.13	567.40	-753.11	-379.73	-299.07	281.50	273.82	-695.44	-503.19	820.65	-1037.79	147.99	-128.04	156.63	-43.25	-484.41	550.49	-1321.15	725.01	-42.93	693.63	1093.00	-108.49	300.38	-382.82	-1026.51	-105.18	637.96	-0.43	898.08	-967.33	919.01	-294.03	179.14	449.09	-576.52	-81.59	201.93	-798.63	505.34	-538.35	-823.62	-708.57	-470.41	640.71	248.87	290.29	360.90	310.59	174.76	-337.97	289.51	-218.09	503.15	202.93	91.58	-35.71	409.24	9.99	378.96	424.26	-682.28	-107.73	-88.16	-593.59	833.84	199.24	-185.98	-472.31	44.21	255.99	-535.51	-30.30	-525.49	-31.48	949.87	-216.62	483.02	-148.52	1385.66	174.99	116.30	251.49	231.21	49.12	-308.15	552.81	635.63	98.16	-465.68	-97.76	202.64	114.77	-337.72	-22.23	530.75	234.42	-156.05	976.50	-57.47	-321.67	-323.09	163.22	-298.20	-383.86	
-261.49	410.74	883.91	-712.86	-502.25	507.85	143.94	-530.77	-170.73	185.35	-380.87	-448.71	-587.85	55.65	131.01	-237.48	-202.19	-513.12	413.70	-3.50	196.77	-192.42	1178.59	64.85	161.65	-349.68	2.72	56.78	-19.34	86.47	-612.41	263.63	-21.35	-1090.88	-327.75	289.15	338.02	474.19	-707.33	-611.44	-1122.17	-552.34	315.72	-711.48	-87.92	-939.97	501.93	411.44	-806.60	-335.43	-48.64	-72.41	-869.71	-11.33	-345.89	-734.23	-432.43	171.86	94.21	-801.71	516.49	-210.68	-19.90	223.21	214.43	-524.07	296.73	-785.82	652.63	12.47	72.03	482.02	249.72	227.15	142.65	35.09	1022.97	-420.56	-360.80	-492.01	43.97	-133.96	14.09	415.82	-131.76	421.28	-276.66	-651.41	553.34	-70.71	614.79	42.96	202.24	1034.15	187.85	-190.70	462.17	-822.26	-11.26	519.36	213.47	-791.65	-385.03	627.49	513.88	137.95	-33.31	360.20	44.61	140.10	431.00	222.67	-279.20	629.19	-166.86	138.91	-420.29	455.97	588.85	306.93	414.75	218.53	147.68	-1038.34	389.65	202.38	277.69	-527.98	-309.87	-385.28	593.22	140.05	-442.73	-74.65	288.93	-850.47	326.34	-562.49	-554.80	1260.12	-600.88	-9.91	149.91	342.96	377.40	-89.87	43.50	-616.97	737.86	939.93	-805.23	364.07	541.34	-831.33	798.28	7.01	580.55	-710.34	-454.63	-946.08	-860.43	732.55	261.61	449.43	-639.75	227.09	-317.93	38.32	-211.88	121.40	573.33	-385.44	449.33	384.95	-65.90	-871.91	398.33	-397.98	-9.35	-579.99	340.11	266.56	608.91	780.14	-566.54	1048.97	227.42	-770.15	-437.09	-324.13	107.51	-360.46	-775.90	799.98	-127.77	672.63	-1470.83	246.19	597.32	213.28	
132.65	-303.98	-159.39	-488.63	129.48	-595.26	342.17	140.46	-198.35	-762.93	-408.18	-187.81	-236.63	16.51	-690.15	228.02	636.02	-261.23	-109.98	-261.24	1030.31	637.37	1007.46	-226.79	69.30	-166.26	-392.30	-179.18	-112.99	320.68	-217.09	-555.62	313.34	-107.44	70.11	49.19	-527.10	-274.52	-283.04	-702.54	-99.93	312.67	-286.57	-543.58	-986.38	587.54	-674.21	-204.39	404.52	652.05	-340.34	718.26	-881.10	88.18	-519.85	18.92	-187.88	134.58	326.20	-562.76	-1255.57	-392.28	-24.37	36.78	-436.30	403.55	696.92	373.83	-717.21	-936.57	-194.24	164.29	-544.02	-153.22	-250.22	295.27	485.46	361.15	124.01	-364.96	177.56	270.03	-1092.88	-637.03	1317.95	-122.32	326.96	905.86	107.41	165.40	-176.94	-155.16	-547.85	-601.13	-67.97	152.22	-265.57	11.32	-681.26	306.39	-97.22	-204.75	222.97	16.33	844.63	453.26	440.75	-372.05	140.53	-316.82	70.15	97.20	194.06	-490.52	-5.42	558.42	-82.83	253.76	400.36	915.83	-787.14	-393.14	-306.88	269.98	817.88	-101.48	51.39	366.29	-401.82	42.10	-102.89	-273.21	-157.14	595.99	-115.96	-46.66	864.62	-223.89	453.82	-420.85	-429.48	567.17	56.53	556.00	704.34	-613.30	-242.69	1255.64	1.83	-124.99	954.79	-429.53	53.19	-402.46	547.60	406.68	-364.07	-203.65	768.53	-64.15	118.48	798.74	218.65	-426.40	766.97	-509.63	-609.50	433.08	101.27	251.89	-174.84	705.64	-189.29	-486.87	-68.76	30.68	-1055.90	-9.29	496.26	-753.53	1615.99	641.95	447.28	-737.38	-266.81	-157.07	-75.63	855.57	180.22	-11.18	530.05	291.65	-406.11	463.92	212.63	1051.86	46.64	311.67	-0.37	-101.12	
403.32	-233.77	196.98	-799.29	443.22	-328.97	66.79	775.34	646.14	-93.90	532.46	449.66	37.72	-639.66	-238.65	373.87	-96.85	-645.98	783.11	189.90	641.72	-376.81	-17.42	-156.18	107.97	181.16	145.08	432.41	-573.62	355.62	318.98	395.40	-251.73	543.67	-301.27	-39.73	388.19	561.72	-115.87	586.80	-107.38	599.39	-353.42	-150.52	-338.34	409.73	-222.88	885.21	268.49	40.28	136.65	-277.55	-386.23	-71.99	932.59	-267.05	553.74	-16.57	692.07	-367.59	-213.44	-390.34	-791.11	-550.89	-24.46	-165.26	-184.56	13.16	-1092.74	391.83	-249.32	227.78	2.38	173.88	-166.45	-237.23	-33.10	-1010.17	82.21	784.74	-770.44	229.78	684.39	457.70	84.53	261.67	-326.31	164.59	-491.52	485.01	-568.11	629.70	-199.66	190.05	-581.85	-149.63	-269.61	-58.79	-287.26	-191.02	534.61	450.13	-160.57	-373.06	-45.42	-547.93	-337.51	65.36	-286.47	-1481.84	-131.61	-50.84	-173.89	-147.57	151.04	-309.97	547.36	40.17	-570.65	144.30	-593.25	174.92	209.41	-17.49	-579.96	-445.46	1086.88	519.49	96.21	-329.88	341.76	-721.74	647.88	219.76	281.74	826.86	-512.60	231.54	1097.02	-781.42	-890.18	-512.17	325.43	-172.68	-646.45	1144.24	153.58	-332.81	287.46	-300.39	296.03	-93.77	-486.41	-156.18	-5.32	237.43	-867.01	68.43	-732.02	298.92	-190.71	134.34	181.41	395.22	978.88	-213.90	-598.96	-334.95	-229.76	48.20	475.32	435.97	708.93	-58.55	-349.57	-324.63	-571.72	158.71	59.04	-3.97	-623.64	-127.93	295.00	470.33	311.93	-577.17	193.93	255.13	387.53	-154.64	648.66	257.00	-407.56	-259.50	-326.19	-1319.93	619.36	563.21	-503.02	-429.18	
-332.52	715.66	503.83	171.19	-42.64	44.31	395.02	-478.83	-567.45	-293.01	-518.82	-366.42	366.08	178.53	-43.83	-169.88	-101.34	-297.27	-309.25	246.59	165.05	387.11	131.92	120.79	-110.47	-17.68	867.04	1111.87	649.57	12.44	-4.36	-600.20	115.35	722.06	197.59	-1038.37	235.01	699.15	388.43	-95.37	84.95	50.53	-68.30	624.72	44.84	-647.57	470.36	537.69	41.14	-552.32	-461.37	-269.29	-722.04	-354.96	138.68	322.75	91.18	414.40	293.01	39.17	263.58	-235.68	329.73	-339.38	696.54	824.22	53.73	-58.94	-605.00	143.02	56.65	121.06	-595.92	-116.78	-204.27	-929.99	-856.66	-319.04	-112.20	561.80	-259.00	-291.43	-476.13	-234.81	673.52	400.29	-34.35	143.15	-291.39	-567.03	16.43	-320.21	628.47	-653.09	-705.27	109.00	132.07	508.60	511.52	-256.95	-516.51	152.87	68.99	152.33	-250.32	905.23	623.24	-385.76	-967.94	406.86	-833.21	47.26	954.16	-286.62	-682.46	17.41	-543.35	879.58	698.34	320.90	-234.11	-186.47	22.72	269.03	-245.01	146.10	131.54	-338.26	-593.28	388.83	-502.69	-287.20	-249.82	158.95	-891.77	117.84	-382.14	-56.91	188.71	528.09	585.63	-310.36	-204.98	854.43	121.04	-189.41	-9.55	-190.19	-31.92	151.18	564.95	-478.93	-379.67	507.41	177.70	1215.36	518.98	325.13	-185.90	-675.47	209.82	212.57	70.14	43.02	-223.00	-468.79	-395.44	-1101.87	206.02	56.16	-975.50	-188.39	729.24	385.20	-51.59	-402.72	102.30	-79.67	-543.27	509.35	410.99	306.30	-799.96	394.10	-148.22	489.88	-599.96	191.92	1126.12	-118.06	-646.69	331.99	-98.37	296.43	-369.32	92.55	-458.32	-403.47	-795.44	322.62	
231.71	-447.55	497.62	42.55	414.62	-313.86	455.18	771.43	223.81	299.73	814.82	-61.33	382.65	405.08	-649.51	122.46	-7.68	420.93	402.85	-210.44	-289.72	-129.95	244.75	20.53	192.29	-322.50	-209.68	-665.42	673.43	-4.87	737.60	60.91	-1125.05	275.21	635.95	-730.81	-315.64	-383.00	-84.28	-143.54	-143.48	-545.87	286.69	-591.47	389.95	160.51	-6.51	-504.36	283.80	611.34	-360.55	-79.26	-702.47	623.32	-717.78	-117.13	388.56	283.03	413.20	328.30	-32.30	-144.01	-126.34	-486.75	-569.39	-197.57	151.85	-278.60	-285.71	-693.09	-383.61	-520.25	197.13	249.85	-794.37	-288.93	-495.30	-447.41	-165.04	127.14	-57.18	480.81	9.31	-619.97	-517.46	-356.96	-234.45	66.38	655.73	244.54	-131.81	480.71	-818.00	-490.56	114.94	-722.09	-789.93	519.84	103.25	-545.75	79.01	450.05	-1230.60	-167.95	112.63	-631.44	-763.05	-25.13	21.41	-365.51	-158.29	-192.51	-80.57	852.12	1271.01	143.10	479.34	-781.90	-169.22	32.38	-342.48	-107.33	-253.82	-634.09	564.84	168.62	-434.83	198.31	84.32	-618.90	507.17	-504.45	-248.05	1109.66	824.58	-129.30	219.63	-329.29	682.50	-164.58	126.70	-658.81	1275.00	745.41	-47.38	186.35	-95.98	-117.58	146.27	-78.97	208.70	21.84	-53.30	-351.06	-1029.66	169.11	105.98	-121.70	592.32	7.96	-41.19	-269.79	662.98	108.10	-206.79	-272.76	739.33	340.03	-95.45	102.33	-785.46	-225.54	604.84	-466.89	616.79	-29.75	1.56	-727.88	-281.70	93.30	-272.42	232.15	-168.10	-553.93	171.41	121.98	-139.68	-556.20	529.78	795.22	125.51	-338.20	94.59	174.42	-432.51	-1160.83	279.78	12.69	586.63	-161.14	
772.26	434.67	45.19	180.53	667.19	-212.30	-259.69	199.04	264.10	48.97	-346.17	-130.06	579.38	570.64	122.71	-225.25	531.28	-160.53	695.67	168.60	-701.59	44.55	-249.26	-201.14	395.48	-13.67	-372.96	268.70	1.81	-512.55	-126.35	-286.96	61.56	557.75	-343.85	-238.95	516.70	30.23	530.82	-420.74	4.01	-912.36	-201.56	-1198.12	-449.59	-576.86	-305.17	-144.64	133.03	681.49	130.62	-88.16	640.85	-479.84	-604.35	27.86	180.15	440.45	-307.20	-361.87	268.27	823.80	31.63	-166.23	10.52	-547.02	246.08	989.24	-269.79	-15.36	-500.03	-391.47	-61.88	247.64	-387.91	-113.00	-319.04	-207.88	-336.17	378.02	-77.84	-633.61	-360.58	300.83	-363.50	-59.40	-652.90	40.20	-1752.49	337.78	-377.03	-278.19	50.01	-255.67	194.61	262.60	-185.16	382.76	-450.26	-250.19	-520.08	151.51	-767.03	558.13	-701.60	158.40	-5.87	450.15	237.41	547.76	-800.25	260.80	-346.30	-381.05	448.05	-37.79	159.34	140.78	-269.67	-128.92	-938.67	249.02	-372.21	34.23	795.29	112.83	-90.67	-535.85	2.02	743.36	-305.44	736.37	-847.60	-276.44	-211.45	-108.57	372.18	-253.06	-712.01	313.30	-374.37	-180.20	-248.77	468.12	599.09	-105.17	575.04	81.67	39.08	1343.33	-227.67	122.23	-645.16	90.16	-183.22	50.89	521.88	391.63	-15.84	349.39	281.74	366.14	-465.26	435.65	-321.27	-309.43	488.93	626.02	-574.28	400.33	-492.72	-499.79	-367.87	138.62	473.12	-1463.65	-35.75	-535.24	458.12	-268.51	-242.50	620.65	-464.79	372.62	-501.87	1357.28	-59.15	-581.48	40.36	49.44	482.70	-531.27	444.56	-415.81	723.58	-428.58	-152.38	-365.32	-111.26	-338.79	
121.46	592.68	-829.42	-214.01	-536.18	-56.28	-119.62	-58.39	146.87	-21.08	350.20	-761.49	-352.08	1.22	273.45	-57.36	242.58	305.82	179.78	-710.29	-148.41	542.75	257.64	-225.07	-440.87	-96.29	-14.76	193.19	-169.69	-280.73	653.36	241.73	-303.91	-200.64	163.97	382.39	-356.61	128.19	-355.32	-728.78	903.48	-90.54	87.62	-783.23	-18.02	84.27	189.86	762.79	167.81	727.60	-1033.91	-121.20	440.92	565.83	932.98	-177.91	-709.98	-3.74	-288.51	112.84	568.89	339.63	476.72	210.95	169.30	-303.71	76.43	132.40	370.44	-664.55	129.35	-142.51	152.04	-404.86	14.43	6.19	363.48	-183.26	288.76	467.43	-899.10	-618.93	100.26	51.11	686.42	269.67	-334.70	-456.92	132.22	1132.15	26.28	-511.33	-579.80	604.34	921.40	-725.52	295.88	155.02	-394.51	725.70	-227.43	-636.98	9.04	-602.25	413.92	162.69	-1255.95	474.66	155.89	-1108.48	659.27	711.98	456.04	11.06	474.81	-337.73	-13.68	181.21	-328.34	-561.93	-300.26	-149.32	220.31	-791.66	-746.04	-274.25	-414.87	-185.41	798.11	212.52	137.35	-301.78	949.74	970.61	-7.73	228.88	706.42	16.36	-268.15	590.45	-372.87	620.28	-284.28	-276.48	163.84	388.59	174.04	-264.05	768.48	651.73	-798.05	-242.28	39.23	-563.70	-546.95	-506.23	-385.13	653.58	-235.93	-750.53	360.45	-495.04	-400.68	-506.56	-493.19	34.56	-107.59	-209.38	-427.17	405.93	416.73	488.33	-135.70	-966.99	-170.46	782.12	441.66	-123.17	456.55	-220.73	74.01	-614.30	-86.40	1034.21	620.57	-405.99	4.05	204.49	-278.60	94.22	561.94	-739.38	-488.80	157.83	700.93	-314.44	102.69	340.12	-299.80	705.52	
-31.78	-902.14	546.52	42.32	-369.51	46.61	-512.05	338.24	266.04	153.39	-592.27	16.55	-9.35	51.36	518.32	-215.02	565.46	-40.37	794.59	-122.48	131.99	-389.34	-14.79	-789.19	84.49	-1112.33	96.75	90.17	-498.34	-117.91	475.51	951.85	134.43	-217.53	-318.08	706.93	-93.78	-775.74	-110.72	247.15	63.06	-106.52	256.26	453.17	117.16	25.19	-292.78	-11.36	-171.09	-448.26	674.95	-491.51	-108.89	-173.34	625.59	416.33	-403.09	202.18	624.58	259.18	568.05	-203.25	380.31	-450.42	514.08	-1120.34	152.07	-647.64	-108.39	600.87	-209.97	264.17	-362.99	-489.13	387.04	-807.59	381.57	-293.72	-426.81	661.87	-663.01	1237.03	746.01	-356.29	1.20	-482.43	-147.87	401.53	-90.50	-423.01	-503.48	180.01	-542.99	480.04	801.64	129.55	-313.93	-67.07	349.97	-132.57	119.40	0.70	-999.20	163.53	-683.34	-256.06	-117.73	-124.19	27.35	38.10	-123.33	758.84	-459.04	-614.53	217.99	-401.77	-513.43	117.40	-1375.96	-339.10	-383.91	5.31	506.34	312.46	-439.75	-106.26	292.61	721.39	626.83	294.79	-839.05	-321.56	-1145.52	-588.00	-558.17	658.14	-520.97	1000.94	145.49	91.91	-871.41	-897.08	-536.25	347.79	-225.73	672.77	722.83	625.45	-165.92	-166.95	-421.99	190.67	133.01	350.70	-759.99	79.59	192.36	-150.91	274.61	283.95	54.43	-112.64	173.34	202.44	-794.15	122.65	286.69	84.79	-252.38	-1573.72	192.84	533.09	335.30	321.49	669.54	-446.47	231.33	-202.78	-581.17	-208.56	-1061.46	-995.77	17.42	100.67	387.17	425.33	-347.78	930.02	-310.78	-30.47	667.39	159.12	-518.47	414.62	-241.27	-1498.45	15.83	-47.06	-645.65	654.28	
169.62	-829.24	-266.22	-77.33	-174.21	269.19	-868.61	108.75	-221.83	-355.54	-841.45	-37.96	-371.03	468.05	-432.69	-325.18	-282.77	33.97	366.98	-15.10	-82.40	295.87	-373.22	-3.91	770.59	-335.83	-263.26	-226.39	-729.82	818.20	60.88	-157.05	-908.96	-394.88	-265.37	230.23	-595.45	806.44	370.09	159.61	399.12	-71.47	-268.82	-150.73	-199.04	-902.84	-499.08	-1216.13	-213.16	123.69	-382.36	1142.03	734.20	-493.54	-957.72	630.56	621.27	250.16	-231.94	582.24	-438.22	-25.73	-51.38	325.26	210.88	-178.74	273.10	-845.01	-185.68	132.13	356.31	1099.88	157.40	679.15	1200.87	-226.38	-421.42	595.06	609.91	-176.77	-322.67	599.11	582.21	-641.12	99.14	-78.25	-537.38	-524.05	-823.31	-412.83	213.72	268.92	6.81	52.30	481.54	100.90	285.77	126.59	292.07	127.11	-66.06	-180.41	-327.65	367.56	232.22	814.46	-200.62	-423.56	-465.32	-71.47	-778.30	796.69	587.02	-532.39	736.95	34.14	70.93	-28.65	-588.83	130.60	-197.99	-153.37	349.84	-363.90	576.42	214.13	211.91	602.56	106.05	206.95	461.75	-226.09	-535.19	1041.71	239.57	-321.03	-503.13	328.48	-253.67	-391.94	205.41	-491.94	297.79	766.74	392.22	177.95	-768.15	-685.59	455.79	369.56	713.96	195.76	123.28	260.23	191.65	-640.51	22.69	-209.19	-55.86	247.50	-73.36	-483.37	-553.68	-416.10	-12.65	161.69	916.10	325.10	687.91	-555.84	-502.78	81.17	59.97	-588.05	483.76	-771.28	831.33	533.38	181.67	-177.18	-788.42	39.81	74.18	-880.88	-540.64	-219.22	-127.67	-878.24	252.73	-187.55	-88.58	-26.59	-613.91	194.34	-307.40	-80.26	-142.97	96.53	-502.64	-621.97	
-25.97	721.26	-1129.52	-55.33	-241.61	-344.66	1296.22	271.03	-356.00	44.83	-872.66	-179.84	119.11	705.49	-361.40	680.98	256.73	-244.17	379.45	-134.37	656.79	452.22	277.01	-749.10	-168.76	-782.75	174.46	-435.41	80.78	41.74	-734.25	-179.50	-240.38	-321.24	-715.63	869.03	-626.54	230.45	176.15	-388.92	538.80	404.63	-262.56	370.14	-713.36	677.48	46.17	158.48	-5.82	-602.09	-227.20	302.86	-551.65	-293.57	-228.92	102.51	-138.91	43.14	-423.17	-601.29	-531.06	-482.86	478.97	-22.04	383.21	243.46	15.09	-114.37	-368.56	-156.96	220.21	522.10	-190.75	-356.76	-669.15	588.40	-336.20	-382.42	590.69	-370.90	-331.18	-223.44	306.87	288.19	272.64	687.10	21.34	-20.00	357.45	476.95	-180.53	-61.04	-295.34	-597.02	546.77	-434.67	-854.94	407.76	-7.27	-399.10	-115.37	-64.37	-685.55	-186.70	357.92	251.35	765.12	-735.33	238.00	858.28	81.13	-996.19	6.29	-239.13	-608.73	-1.49	330.69	213.50	635.65	31.91	-511.50	-1061.39	445.06	-343.88	810.47	103.42	214.59	68.94	-733.39	438.31	-154.97	-848.79	-452.09	208.33	199.69	939.24	-368.40	-630.95	516.18	-699.07	-338.14	-333.29	281.43	996.51	575.18	-273.99	-104.79	-755.97	371.68	-397.29	-229.81	-208.15	-548.60	230.07	471.63	324.95	129.06	-738.00	40.50	415.66	-501.08	317.41	-283.85	-115.21	65.30	-1178.49	197.46	-546.81	-675.99	153.10	-638.76	1000.57	-389.12	591.07	-426.71	545.75	111.98	-140.35	-397.40	-1229.86	676.64	929.58	-47.97	22.40	-452.69	92.26	-978.98	-1053.55	455.88	209.84	-514.72	-464.84	-80.99	172.25	268.95	321.59	342.54	-207.99	-298.45	-2.70	
119.85	758.10	823.44	-651.57	-546.52	-142.50	502.65	-244.57	317.32	54.51	760.23	173.00	352.41	277.26	209.03	-1013.24	-241.48	-1079.00	-26.48	402.57	603.23	73.62	639.77	2.15	-273.33	68.87	433.60	1137.86	-2.07	-194.34	-321.86	-216.34	248.31	64.18	-566.70	170.54	980.68	573.32	-16.57	-563.20	-90.71	85.94	401.24	731.25	76.88	-1082.27	-71.44	542.08	-80.23	349.15	374.25	520.84	35.08	281.92	458.94	81.81	-180.07	105.32	113.27	194.88	-10.28	98.70	101.28	-174.08	133.66	256.70	304.27	-158.47	-352.52	903.29	-284.89	-29.37	720.99	780.62	-336.14	-378.61	-44.10	38.35	-499.35	16.07	31.29	350.87	410.05	573.60	679.39	-318.95	-255.16	537.50	-505.92	636.77	-316.71	-303.20	372.60	-126.57	631.23	718.18	731.00	-384.63	-420.92	-222.46	-10.03	-795.95	67.48	-566.72	-165.19	894.90	-254.13	282.33	30.31	350.53	37.53	846.07	464.67	-836.92	-502.35	-50.75	-113.47	460.80	-405.73	-1.48	-115.27	-199.27	-298.14	-184.52	408.46	-220.14	182.95	-118.07	517.19	169.20	-610.87	-428.59	381.32	-320.97	1146.64	245.32	-7.71	-358.23	-735.34	262.03	783.49	604.51	180.35	574.78	779.58	-1138.29	200.60	-20.95	322.56	270.20	473.06	-81.51	-203.31	104.31	-72.88	-317.98	80.60	197.37	-333.39	-449.02	-60.73	392.77	-137.08	-122.34	-582.96	1048.46	-901.28	277.74	-466.64	-216.36	-397.35	-978.21	-349.39	39.48	-1048.36	-294.83	116.38	430.50	611.19	-194.28	245.38	148.20	-816.69	170.14	250.48	-11.45	-100.61	3.26	274.94	-281.96	-857.17	80.50	-0.33	945.73	-486.10	123.06	-408.89	-1.68	-492.48	-64.01	
253.33	51.32	454.90	843.03	181.22	-284.69	-233.29	132.75	364.07	182.50	87.23	-1119.68	291.51	576.64	-545.83	-46.94	-456.95	630.32	-200.39	647.71	-1269.61	-108.65	-124.21	112.08	507.33	-137.81	-2.22	-868.28	43.24	672.99	-291.00	287.27	-120.43	549.60	643.43	178.96	-732.17	22.44	-37.87	334.05	106.59	-475.29	10.17	277.67	447.11	-44.16	596.13	-105.84	739.88	262.60	-166.65	-344.99	7.06	197.49	-109.38	29.58	-827.40	-188.68	-568.48	-98.61	-119.60	239.16	52.98	93.26	-135.03	128.64	-355.13	-287.09	297.60	229.53	21.06	-88.25	-442.19	454.12	-640.19	1044.98	228.49	255.90	-208.84	-232.27	346.21	-223.85	23.48	155.30	-142.08	704.37	-85.68	-189.23	-363.48	-230.68	-113.21	396.96	-123.24	481.09	189.89	-299.10	-317.16	-600.78	-195.63	46.99	-131.23	-285.90	-647.02	930.08	495.94	168.85	29.43	59.36	501.82	625.75	-425.97	-229.70	-366.53	877.51	153.32	-308.48	534.63	-580.50	105.55	-937.45	215.56	637.26	-112.48	157.33	-145.88	-897.59	-146.77	55.86	61.76	-477.23	-487.49	-454.78	-104.02	189.81	-111.95	537.37	640.36	-111.85	-701.13	-461.26	-242.78	640.17	-841.75	155.00	-756.91	672.34	561.55	586.35	-576.41	97.10	-360.82	1235.64	-357.23	-618.82	362.36	242.52	84.89	-738.10	577.42	264.82	420.09	317.24	1074.57	428.32	258.23	-119.53	-398.28	-333.90	-191.70	473.59	408.75	671.29	-461.23	857.63	310.62	-78.22	418.58	-449.89	210.57	-163.72	30.65	519.57	-731.42	-130.26	254.28	424.37	4.19	123.97	-333.20	230.98	784.40	286.08	-214.28	-162.34	656.51	-15.46	-307.51	-506.25	-68.48	-285.79	
-277.63	963.04	-470.69	-625.36	691.94	590.27	963.13	582.61	1098.27	41.70	348.91	101.71	-1053.20	-208.27	-374.20	721.91	-214.14	220.70	134.13	-688.63	45.09	-427.78	-233.89	-186.24	-42.78	682.56	-497.05	-139.48	-41.28	218.95	-74.60	284.66	863.64	-262.35	-366.22	522.73	-481.78	-464.18	230.54	-638.83	-122.88	-218.57	-47.86	1124.99	581.20	183.65	437.12	727.56	-592.53	-162.13	181.80	-628.82	144.54	153.86	1315.37	-211.71	475.63	257.45	-116.55	-591.09	-315.35	-111.80	928.20	-200.93	-722.33	201.06	183.60	-364.42	-398.30	-953.16	-80.28	-648.36	388.69	-255.71	-811.33	-76.04	177.70	-269.08	389.56	-181.82	-475.00	-593.91	-286.36	-284.42	452.10	8.69	-625.31	505.78	998.69	379.85	-278.87	-422.94	-379.07	-673.16	215.26	-167.05	-151.10	373.74	70.59	-59.33	-3.99	-709.01	-483.20	718.79	433.13	307.64	461.88	294.01	-469.04	-584.33	366.83	821.48	-264.80	-424.29	535.72	-60.40	-710.14	693.12	-597.86	-591.96	-124.65	453.38	-676.16	-122.10	-1140.92	-410.77	-66.57	-427.47	-19.32	513.63	-116.33	662.97	-424.16	-246.01	-48.33	64.84	541.15	-260.15	874.21	71.72	-481.37	-53.65	86.97	-37.96	-110.27	62.90	-648.35	254.65	-158.24	519.36	135.86	-13.71	201.34	-596.74	27.33	-587.06	-25.69	691.05	1067.53	-517.35	794.51	-20.89	-441.67	522.55	94.59	-437.71	431.60	-736.58	-203.19	-386.80	556.13	953.67	241.61	-271.08	136.52	-341.25	627.37	-353.33	191.42	-359.04	-728.60	230.07	370.34	966.26	471.13	-257.72	-304.62	208.88	-150.29	-617.32	-77.16	-770.80	-859.20	-416.39	234.54	433.48	-48.61	276.30	115.68	-505.50	
-11.50	586.09	687.65	-435.59	-37.50	234.35	588.12	326.97	-17.31	199.47	117.43	-707.38	223.65	759.78	-680.31	-276.62	7.22	-208.10	977.81	-205.65	697.43	416.42	-265.11	-439.57	612.39	-948.84	-43.64	-385.80	-93.97	-360.68	298.03	345.81	-242.25	356.07	-252.78	-174.19	-274.35	-421.43	-744.20	-925.60	-501.24	-449.59	-844.33	32.53	-195.55	-175.85	-488.27	-346.86	-22.18	8.43	533.75	624.21	-125.98	80.31	180.35	391.12	-559.83	-118.80	-104.74	-639.26	-854.73	-115.77	385.95	602.10	121.03	432.34	-50.48	-254.03	342.97	418.79	332.66	950.54	347.31	-309.99	168.92	-525.48	424.89	666.38	-444.10	-322.77	10.00	865.02	-411.43	475.27	-252.54	8.49	-254.76	-52.09	275.85	126.88	-142.26	548.76	665.23	78.52	439.66	-921.25	-361.07	-459.41	279.63	575.87	-147.63	909.63	-505.72	182.29	-39.13	-189.33	-666.47	115.08	290.20	117.34	301.14	-509.61	-249.57	-209.92	425.72	126.39	-47.95	991.18	389.38	-565.26	-455.79	-685.29	653.11	-355.27	683.14	-1044.45	-407.17	-1018.92	-215.04	630.88	488.73	460.69	-215.91	-575.43	-67.89	620.02	-291.77	573.62	-475.57	-721.20	-899.45	53.75	691.48	48.67	-822.14	-36.83	-105.67	375.85	282.50	279.24	-549.18	471.38	732.31	-127.10	-427.32	480.21	-113.11	-310.79	453.13	163.87	500.71	1236.28	-46.43	-172.03	152.77	-932.84	79.56	87.83	-142.86	251.88	355.67	216.01	-354.22	-477.32	-196.01	511.68	492.10	355.14	72.86	266.44	455.90	1179.94	574.93	27.01	343.47	26.29	-502.25	717.21	-205.84	131.39	-330.16	-983.08	-137.67	948.77	-17.63	821.63	-486.48	-543.19	-67.41	1195.12	
-959.66	22.28	-106.67	-198.66	389.03	650.64	641.97	230.62	264.28	-231.45	210.64	-277.54	226.78	-186.23	66.79	295.87	-923.09	161.22	-851.03	-100.20	-157.99	-1144.86	-502.84	38.28	700.24	1011.42	250.52	-362.35	3.42	258.07	-506.66	-367.81	422.42	830.35	356.53	-235.98	-65.27	-180.40	287.82	451.97	-516.21	86.20	144.45	129.73	171.84	-139.08	564.66	237.93	-452.01	-501.13	904.68	-744.75	377.29	-678.68	-99.55	-141.66	-24.32	-176.24	274.56	520.71	490.09	-722.88	-562.35	-786.53	-227.51	-171.31	-725.07	304.45	-219.06	342.15	-124.58	-387.35	196.45	22.01	378.56	-77.35	-64.77	-244.10	-92.83	59.75	-601.61	-607.44	-179.92	-168.71	-830.09	-361.62	-365.84	-108.66	240.16	-515.20	-352.33	-242.64	-37.02	560.67	192.69	610.32	43.05	165.40	1233.03	-910.17	-234.35	-275.96	-148.55	289.37	-1194.96	-248.94	-426.46	295.28	429.91	414.16	4.09	122.79	609.76	-196.66	210.09	-576.98	108.08	-321.12	-716.74	-36.03	925.22	1141.89	-1143.65	448.95	-271.88	729.09	-343.47	391.22	-580.49	503.73	-598.19	645.63	312.29	170.91	-173.90	-581.56	-419.49	106.11	191.50	-312.67	-652.53	-194.73	-250.41	-1326.52	-386.73	38.91	687.54	-89.34	-537.75	1125.23	-490.41	-170.25	634.29	-480.35	-492.59	29.34	504.18	582.76	722.65	-255.66	76.57	-395.46	645.43	233.98	505.52	-244.89	845.33	70.66	-43.66	-466.88	210.68	755.52	-91.13	680.99	252.23	48.82	635.10	-229.78	-435.45	47.12	4.41	-617.22	525.43	-582.58	474.92	-120.03	553.22	-88.18	80.80	174.78	-414.50	1298.53	-181.95	-579.49	224.39	65.28	347.73	212.95	789.92	-347.74	
-1064.51	-590.52	120.71	435.58	-204.34	327.71	308.09	349.18	234.24	-335.83	752.64	-157.82	57.13	-89.50	-619.81	-476.00	-95.56	310.68	646.13	26.88	-350.61	-383.46	234.38	250.95	-108.69	-298.30	-225.46	-42.48	-409.16	-138.89	1160.34	190.45	-350.30	523.52	905.82	718.38	-22.45	154.23	297.34	2.06	-633.51	77.98	284.47	380.53	194.95	876.02	-472.30	-245.08	-692.39	-86.46	150.09	110.41	294.91	-507.80	620.35	-867.00	-610.49	-832.75	334.43	-186.99	82.65	-888.36	-624.90	-845.64	91.69	-370.41	-452.69	879.34	126.75	-107.30	312.34	670.64	396.80	-284.68	-432.20	-194.97	-29.15	-385.19	245.09	349.24	-144.97	31.00	60.31	-360.40	-33.82	-56.01	93.51	-68.24	236.98	655.49	-17.33	-419.19	2.14	129.68	-162.68	-55.23	45.22	4.11	306.19	1003.28	-356.30	-174.19	560.83	-574.91	231.76	-202.28	180.87	-838.92	-402.43	401.76	97.50	-885.20	-94.63	-108.08	-119.41	346.71	-115.61	-262.98	92.33	542.68	-601.11	-430.68	887.58	-275.47	-12.33	417.97	-231.62	-459.25	-54.69	421.24	-62.10	-84.39	-221.85	-301.12	-367.51	-581.51	243.80	867.70	-674.77	-540.32	-428.14	-345.70	187.00	69.26	-604.39	135.01	-97.26	156.29	-292.08	-573.47	-205.29	-815.05	-77.46	-516.85	816.65	-205.02	-734.17	320.99	-422.82	-515.85	65.41	180.22	-320.22	-190.83	83.48	-339.28	153.70	239.27	-11.31	633.44	137.70	-1268.56	-39.79	-225.82	403.13	-202.56	-260.24	-46.97	-927.94	323.80	183.34	55.93	336.67	-70.19	-456.58	-81.35	230.87	-205.09	613.11	-297.56	233.76	31.44	109.24	-343.07	-532.54	-642.72	-158.54	-95.77	659.71	-1092.66	
-356.15	1223.63	493.98	0.77	-646.65	-592.62	29.34	380.39	-357.17	812.18	-528.45	-415.30	792.87	37.28	93.13	58.08	-117.15	517.21	-25.64	-440.57	-174.91	-462.41	323.16	229.29	-355.86	-269.42	280.92	-346.33	-492.35	-234.09	-382.29	85.74	-46.22	-469.84	80.28	-1546.31	-39.87	315.69	692.52	222.05	71.17	-617.61	-352.76	-544.08	-426.74	-460.44	16.71	178.71	145.64	691.71	742.78	263.40	211.46	254.71	-120.04	209.75	-321.03	720.51	156.34	661.08	532.26	746.35	-341.28	253.68	374.96	-296.76	-104.80	478.49	448.00	336.86	74.60	147.81	379.56	320.56	-714.85	17.75	208.50	702.74	483.01	259.85	330.21	-141.76	904.20	-319.21	653.17	90.65	-134.51	801.28	-304.73	-267.30	-275.50	547.18	16.13	456.57	699.00	305.76	459.68	-176.56	1118.04	715.87	-185.07	1035.36	31.55	573.08	199.94	-161.22	258.55	-43.37	379.34	520.32	98.40	-340.73	-532.80	-32.68	376.59	376.32	-43.19	-705.41	-352.60	-300.59	-528.76	151.91	-8.44	797.75	-14.24	-97.06	166.67	321.62	384.94	41.08	575.00	110.88	171.29	180.35	581.18	128.43	142.54	16.66	-535.04	-236.83	277.88	217.70	104.58	306.73	-431.35	-972.70	836.90	-86.62	10.17	-150.87	153.25	26.27	341.58	212.25	-371.49	-157.48	676.01	189.10	-125.45	145.87	385.59	470.91	-248.90	-95.28	137.80	-305.42	-252.63	-179.79	393.99	297.56	861.21	360.68	-63.30	337.03	120.53	313.58	-39.00	-59.25	674.58	302.53	589.26	712.60	519.17	31.13	713.12	-14.17	188.89	427.28	-316.39	71.29	1032.86	-115.31	-314.03	540.82	616.49	-79.31	316.21	-584.77	-387.67	213.15	
-1129.58	154.60	25.54	433.17	-475.58	236.14	-146.94	728.21	1.17	-812.77	243.33	-218.91	257.90	332.12	144.30	-3.72	746.23	-114.66	-631.97	395.11	-509.28	-223.26	79.92	142.22	53.50	189.65	-126.42	608.23	-447.97	-396.48	170.75	-378.18	94.69	-489.79	-152.69	-245.20	-558.05	-114.55	94.56	798.83	106.03	-111.03	270.47	571.72	-252.27	283.58	509.83	-402.22	-97.66	110.52	-544.66	-404.87	462.03	-99.81	348.19	-713.23	-381.26	-460.54	969.16	114.77	-1084.21	495.58	-39.63	435.23	504.40	511.45	113.70	-335.07	-647.91	245.50	-173.53	-203.85	518.98	116.62	103.38	-456.46	-353.53	-216.26	-699.49	600.56	241.72	793.50	-677.71	534.53	365.85	307.07	-632.95	692.33	-592.45	704.28	-259.06	-169.61	-585.42	423.83	-88.49	259.17	-111.13	270.75	63.74	297.43	51.57	-57.10	-16.89	491.90	33.59	1124.31	3.35	153.73	-157.45	-537.17	-34.04	195.83	279.02	-615.39	279.93	167.44	-340.60	-105.19	109.51	352.90	216.78	255.40	-58.45	13.27	-519.99	86.85	-768.52	173.73	124.85	-114.68	92.77	-527.38	51.90	751.73	714.18	-26.99	418.87	-10.68	-822.74	557.90	-633.84	-156.23	-355.49	252.44	1108.35	116.26	293.44	57.62	599.20	462.25	46.13	153.87	286.42	-222.36	145.93	601.25	321.58	519.34	-97.85	-689.32	-74.51	112.49	-80.52	-695.37	-150.81	-22.03	-451.51	202.39	303.60	-143.86	-230.30	-704.78	-658.43	-88.75	381.30	-198.69	883.66	-107.14	-2.66	-113.20	569.01	-381.27	826.77	-53.78	-231.22	157.40	508.85	104.86	309.13	-608.94	108.57	-124.98	-378.28	1083.33	437.32	-594.30	610.33	567.10	233.08	-268.98	
406.03	660.16	317.14	-69.37	106.21	727.12	89.28	17.05	213.09	-314.49	788.76	-391.19	568.77	26.79	395.06	708.89	-735.81	-74.71	564.12	-441.60	218.36	-83.41	-430.75	245.38	196.75	125.03	140.39	141.69	-210.14	1129.44	350.85	161.82	137.98	53.22	179.59	363.83	-118.85	155.17	113.12	351.02	-238.34	363.08	-120.52	200.16	410.81	442.08	-489.51	1099.24	243.67	-557.61	146.87	-207.52	-691.72	503.57	-275.15	5.48	292.57	174.78	347.93	7.66	67.38	186.17	355.16	-369.98	-376.62	252.60	574.39	-314.81	-360.37	146.95	-264.94	-435.24	568.84	-350.07	-500.81	-323.60	426.76	-375.46	-724.25	-1152.52	602.48	-126.56	-256.81	-198.48	14.99	201.10	-367.47	-431.55	91.00	-211.42	-582.17	650.06	-814.28	772.67	-9.88	751.00	67.82	1014.42	-414.50	395.53	592.62	134.86	267.62	449.49	199.19	-212.74	-615.93	-264.74	-51.94	-1410.28	88.24	-447.41	23.79	366.39	352.89	253.61	-43.05	269.24	379.91	-516.56	-188.04	138.56	-562.55	-449.78	842.82	132.32	339.52	456.87	-200.69	-565.37	857.71	-369.86	198.68	510.73	673.35	-209.68	424.47	373.30	-309.86	-208.08	-241.35	-691.65	227.08	-44.09	114.04	-414.04	-281.38	160.95	678.67	462.93	400.78	428.87	-236.02	-751.28	224.78	437.90	24.43	45.44	-200.90	-955.06	-7.58	452.04	-303.34	495.82	781.76	264.55	-159.91	-187.33	234.20	68.35	156.32	976.44	202.53	674.07	227.65	-112.90	-808.15	54.38	-107.76	-107.62	-483.73	859.65	319.54	-856.34	-446.61	-1080.19	-304.14	21.71	-60.77	89.67	-502.11	287.94	-105.91	-181.72	235.92	1139.33	-818.03	-332.65	-369.39	304.42	
-133.85	-1181.01	-320.86	-159.44	373.25	-288.97	-227.46	298.30	-312.10	-116.42	681.54	-226.94	-166.96	-364.83	-360.85	97.34	426.13	722.88	-567.74	-557.73	-560.70	-262.57	172.00	273.08	-220.49	387.29	-196.10	283.27	361.66	-696.62	-347.46	208.33	506.74	-414.23	-149.64	-180.14	196.33	33.01	-126.03	674.19	369.85	94.85	-170.76	-151.40	413.92	780.66	16.87	331.24	27.85	530.38	-221.63	-395.05	587.46	-82.79	-61.95	492.93	-1291.35	-214.88	31.67	775.71	204.65	595.91	361.87	-137.15	-188.92	-344.48	-514.66	-79.20	39.63	-18.02	334.28	-394.00	601.59	304.50	-121.59	-459.21	536.61	-407.29	838.50	203.62	49.29	-521.39	-1211.39	-211.87	162.24	-88.91	11.61	453.45	-221.10	180.92	-349.00	-480.75	-783.14	770.25	119.62	120.21	176.70	-63.35	542.65	190.49	-581.67	431.76	790.34	-183.81	397.98	-156.62	635.97	1340.41	411.20	-281.69	-482.44	-135.94	-555.45	631.97	756.71	32.92	88.91	834.76	-292.18	-66.81	-123.17	-45.86	-255.45	207.86	-548.40	280.95	-220.81	507.48	674.76	-263.62	552.19	48.20	74.04	742.00	116.45	-528.51	229.48	715.58	127.12	377.49	-911.52	235.93	422.79	-213.38	132.42	-107.13	-697.68	-199.90	98.18	459.43	22.83	-361.72	1139.30	-85.16	-309.83	319.95	318.04	-275.33	208.02	-76.30	-222.03	-883.16	-766.94	-24.37	-615.79	-252.81	840.70	645.68	527.06	-789.44	182.31	39.77	369.80	413.37	531.72	312.19	-577.59	-734.43	-604.80	739.28	262.61	424.06	-172.92	731.61	212.47	-634.78	716.58	-522.53	-683.79	-977.35	1241.82	-29.77	-328.32	-801.89	150.66	-339.24	-190.81	363.21	624.16	-608.17	
329.51	-110.65	173.98	-484.03	712.77	680.00	46.61	-1064.44	-23.72	292.95	-97.29	817.88	-244.89	334.48	-306.27	295.11	-640.37	-774.58	-715.02	409.17	-553.59	-315.56	-177.51	-443.81	-917.72	418.46	132.60	-109.30	569.45	-315.34	-145.70	934.97	256.63	40.63	-15.39	-48.53	215.76	543.84	952.89	-183.71	305.42	612.33	-243.88	200.42	740.88	502.16	-522.44	462.37	-819.54	-135.72	-175.43	78.48	-29.28	-508.25	515.25	348.32	61.61	-68.02	223.80	-251.78	1012.95	-458.28	-437.95	-221.64	1102.65	85.10	352.63	-69.77	636.52	-51.63	635.82	-754.09	-464.04	16.95	436.23	34.53	-43.05	-88.94	-1038.27	24.44	-110.30	-851.52	-338.94	13.81	-212.41	131.76	-65.99	-269.95	85.62	755.01	-913.52	67.54	726.72	448.77	-441.65	-257.21	-580.91	-198.62	626.35	-283.30	437.65	-169.72	-10.54	121.19	5.98	194.48	-1229.14	-644.34	79.43	-1281.02	-431.49	-736.22	127.51	285.23	-212.35	380.37	379.37	-626.86	437.46	754.41	733.29	129.94	211.54	665.53	-1321.94	-32.50	-398.71	183.60	-307.32	274.43	224.58	672.89	278.87	238.15	-397.84	-440.66	764.07	118.06	601.67	-135.98	46.64	-543.45	-38.94	-283.07	102.80	-249.88	580.60	-1.28	-474.31	-50.71	-98.19	199.98	-380.58	-338.97	65.58	-49.06	-35.99	133.58	-789.65	-161.18	-429.91	-780.04	386.24	426.96	-147.77	-1326.54	-133.33	382.45	64.74	237.04	216.72	-892.45	658.44	230.29	-309.61	147.91	-482.09	-1059.76	-111.48	105.63	-213.91	-385.80	-299.50	465.97	-173.16	63.34	455.55	756.80	-387.92	185.45	208.93	511.48	-239.14	161.37	-4.21	-47.89	404.32	-157.92	263.76	-678.50	
-20.98	227.91	769.46	-19.66	337.16	116.90	-605.18	-515.68	448.74	-356.04	98.52	66.79	200.32	180.75	322.87	-142.27	255.32	-564.52	829.93	213.86	78.80	-161.74	250.50	196.08	-419.11	-401.44	335.37	-536.23	390.41	-173.03	-5.57	357.33	-515.96	-965.37	-147.71	-353.35	36.74	-437.61	475.56	225.46	-182.98	-172.26	-803.61	-319.70	-286.71	274.53	58.95	-466.97	-688.83	104.22	96.87	-746.77	-405.53	165.30	40.64	29.43	254.25	734.14	-465.55	-309.09	806.05	-131.24	442.28	621.68	76.00	175.82	-31.24	-725.78	311.23	310.98	-124.97	-327.26	669.97	137.39	-768.02	-1029.41	-590.14	221.09	-349.57	-270.97	-394.50	366.11	668.18	-555.57	-552.69	237.14	-430.21	192.00	333.30	60.67	936.26	-117.03	350.58	-356.13	-448.46	-2.42	327.43	907.96	-32.86	632.58	306.81	-433.96	495.93	257.05	-271.30	-148.52	1126.89	345.98	-17.23	-192.84	-117.26	444.95	-964.51	-293.37	-171.85	291.38	-229.27	-184.42	-219.98	-575.90	-983.32	-367.58	219.59	273.66	-823.97	-1.12	-228.59	299.84	-84.87	-13.59	515.62	-371.31	198.34	-504.13	-7.45	-204.73	515.73	-107.96	-270.40	712.23	-362.64	62.51	698.06	-164.57	-754.46	-421.33	7.67	-566.78	-318.50	-806.59	839.00	322.98	-58.84	330.25	-263.14	763.59	-59.69	143.62	368.64	556.65	155.99	-55.13	-633.59	322.51	50.61	489.97	297.09	28.45	725.01	-657.98	373.63	212.65	22.48	859.14	27.71	-153.42	-19.18	-127.13	69.23	203.75	-178.20	-96.73	507.67	745.86	71.96	886.72	-350.79	941.49	9.76	66.84	585.55	-328.05	-356.70	-552.38	138.67	430.37	-1133.86	177.42	355.91	229.92	
102.27	-292.40	505.58	27.41	-812.47	71.15	-85.90	284.57	594.01	36.20	352.44	69.95	277.60	126.03	-299.79	-282.50	-449.08	-631.21	330.51	-57.32	-675.31	-323.15	604.34	-404.28	7.03	-706.60	275.94	401.87	442.40	95.56	19.45	-678.13	-597.25	-311.39	-338.30	-433.83	332.19	16.66	125.82	110.25	1144.16	-350.08	629.92	77.87	-407.14	-217.04	-156.11	-174.53	-33.84	135.81	-1625.30	506.34	82.98	58.03	-312.18	10.32	67.34	-660.15	-590.69	-108.39	193.45	265.37	-117.30	-229.93	641.35	501.19	-925.25	151.62	-316.65	470.50	374.66	-607.51	571.72	98.21	-208.90	165.21	-76.98	131.09	105.69	-40.18	77.28	-279.43	1166.09	-208.38	-92.68	-312.20	40.84	-8.48	237.17	182.47	12.80	-584.30	-789.15	-351.38	-133.56	-257.10	251.91	45.20	-52.73	639.94	475.07	-233.05	421.94	220.74	-109.50	-184.83	43.06	-36.26	37.92	-310.17	-303.47	-187.79	965.88	-779.31	831.08	312.56	159.90	347.32	-44.05	140.26	411.09	-319.16	-365.80	-613.91	431.23	-271.65	-312.45	-53.44	719.27	686.42	-587.54	-230.36	100.58	-452.09	288.39	59.03	356.78	403.06	-817.45	-141.95	880.23	-40.17	-46.40	879.39	170.79	-548.54	-17.20	241.07	121.13	-358.34	-233.35	374.51	75.52	-59.51	-212.59	153.65	684.12	133.82	-53.90	514.22	-438.38	81.16	280.15	-50.54	-1003.68	-272.30	254.19	662.11	-302.39	-828.10	-1204.52	-164.59	28.38	-134.25	77.37	-673.12	47.44	-279.43	-78.63	-60.80	7.86	-378.85	-205.82	-54.82	900.78	-608.27	100.69	-552.37	-159.74	-427.65	-458.56	-451.45	347.06	-529.55	-339.41	-402.62	267.88	-307.57	-927.33	-398.45	
162.53	-89.94	-564.26	-277.71	-370.19	-766.27	200.96	207.26	754.07	145.34	-263.29	-820.69	544.94	239.09	-592.49	-22.74	-266.90	-326.81	-898.73	15.32	-521.93	-103.48	94.35	-287.19	232.21	263.76	337.13	91.21	198.94	-870.09	-29.88	-369.03	530.63	-343.09	359.22	169.72	-320.79	359.23	392.40	489.65	541.35	-8.91	-745.62	654.79	563.59	833.79	413.98	727.73	178.33	345.03	-869.56	612.23	1022.41	-223.26	-302.44	485.14	33.36	256.46	-542.38	652.68	-1698.23	-418.55	82.28	242.25	-570.04	-275.63	-211.51	783.96	-172.12	262.43	-497.32	636.50	611.63	-203.96	-17.19	898.69	401.06	67.76	97.21	-879.31	460.68	-436.40	35.88	-267.42	-99.64	-60.07	118.31	206.44	-416.69	596.13	-317.23	-513.65	562.42	-26.27	-72.18	3.05	602.61	8.61	-514.22	-298.79	-168.46	289.73	72.30	-335.38	-35.31	-337.81	-269.76	320.03	198.04	308.88	-42.31	-189.26	-211.22	-304.32	507.71	-303.01	-64.01	-0.22	892.64	-409.07	314.76	73.32	-893.68	-332.02	-374.67	-537.44	-352.31	-1193.03	-147.25	427.51	-116.34	349.18	-170.78	-556.84	188.05	132.11	421.02	65.12	-682.63	-35.09	160.34	1022.80	689.31	-590.67	1006.57	71.63	216.62	-542.31	-122.21	-149.25	247.52	-142.55	-117.09	197.72	1074.32	-262.94	-820.56	-252.35	465.33	-349.65	33.34	-135.77	-87.08	-447.03	-409.67	760.79	870.58	-9.87	408.58	-707.53	11.18	-112.52	381.09	316.45	89.02	-81.14	-459.72	-335.68	-54.80	-278.00	200.37	108.86	-382.85	402.29	-139.59	-383.77	-363.09	-837.90	-598.50	-145.38	34.44	-434.91	-263.12	-583.10	444.20	607.87	-385.78	474.42	515.66	-324.37	
4.95	-258.58	727.94	-498.17	9.55	-284.27	229.58	-341.42	-158.88	-268.35	282.95	356.26	351.60	-365.92	311.91	433.13	-181.27	-237.56	-198.57	-26.16	-344.94	-24.55	-685.79	-114.86	422.39	-43.73	148.21	458.67	417.61	-649.82	626.53	501.95	-276.54	506.29	-246.60	-745.64	87.83	300.95	251.00	-336.53	123.90	-264.11	491.66	-643.41	166.01	320.07	-161.31	-7.17	-711.43	262.67	-601.57	285.98	188.05	-555.20	-393.42	192.25	-648.34	250.88	503.63	-162.14	-37.99	-457.42	-193.68	-721.44	23.16	822.02	-360.88	791.83	-328.08	565.46	-350.72	-355.43	116.26	332.84	660.61	-602.78	-258.34	16.64	549.08	31.10	443.15	110.33	-415.18	-567.69	497.39	-74.32	-9.88	-195.18	-708.55	224.36	79.01	282.26	-866.79	-378.53	-5.20	612.78	-784.54	29.53	30.13	823.64	-583.21	-444.60	314.43	605.99	-871.43	-42.17	-535.57	-134.09	-386.96	-207.46	-530.06	-35.48	195.70	-192.56	85.48	-481.12	-205.15	-193.95	845.90	-386.15	530.07	70.39	-675.50	-633.48	-10.35	-223.88	-577.65	-372.61	-100.80	15.51	260.42	285.16	-444.28	480.75	-199.93	-229.48	90.51	259.60	-247.82	433.65	-700.37	185.69	-64.02	-351.78	537.65	-1669.67	245.80	-795.07	480.77	120.78	701.61	547.64	218.93	-419.89	-20.81	344.74	-44.84	599.67	228.17	213.70	396.87	-293.54	232.94	-612.13	-663.96	-239.24	-3.11	530.81	-173.28	96.47	-520.94	-245.72	-389.50	373.36	-343.35	496.86	-696.74	39.37	248.97	326.15	418.30	667.48	625.77	-379.11	-134.75	33.35	-89.43	319.37	-379.93	197.83	-48.73	248.72	-191.48	336.43	207.84	2.12	-560.89	-224.30	463.68	493.55	
-265.73	416.55	430.35	150.88	354.01	171.00	293.59	130.96	-199.06	314.41	910.83	602.77	257.91	-184.29	16.23	-760.19	-928.21	84.53	-135.06	576.66	-948.45	533.04	216.64	128.74	-416.02	57.29	163.67	169.09	-136.45	-415.77	-502.58	-141.93	-309.07	-554.32	-534.54	325.56	19.49	354.35	63.25	779.17	615.53	-381.93	-364.01	-96.70	90.92	255.70	328.39	558.47	-153.76	489.83	718.93	-35.24	273.97	-99.16	99.19	303.42	128.31	108.75	73.53	-65.65	205.42	90.17	547.20	-346.48	465.85	160.18	-629.72	-154.92	984.18	597.99	12.57	-495.95	336.26	211.26	-100.16	614.89	335.82	136.36	46.35	-48.50	67.13	142.39	628.67	-23.69	-539.98	-622.61	287.34	406.86	33.71	319.86	-473.54	-172.76	92.15	578.33	-421.26	-503.73	728.61	-914.52	-579.88	500.13	-621.20	322.28	705.42	-75.21	42.97	-237.39	-1095.00	-37.13	393.52	-384.63	457.65	-423.12	-400.99	-170.36	489.37	-24.55	-69.69	310.16	-28.00	-1201.03	-243.47	162.00	-91.23	-9.42	-473.79	-187.68	996.21	-466.11	794.13	388.02	-150.37	107.64	-28.96	-132.00	391.29	256.04	-791.30	171.47	239.86	-524.96	418.28	551.55	-60.38	-321.96	-527.44	149.54	-95.18	238.68	682.02	-308.01	-234.66	-560.06	-217.73	-627.02	757.65	-509.27	-241.13	320.89	420.04	-357.97	-230.77	17.78	-640.38	353.82	-282.75	54.69	-83.85	-315.41	555.98	-32.95	980.97	-266.95	1074.35	272.96	-772.14	297.16	-855.42	-37.26	87.26	-505.99	191.10	-471.30	38.49	691.31	-18.35	-811.45	256.04	130.78	-483.80	146.29	371.64	456.71	13.90	-119.41	-320.84	-109.17	-450.94	-393.33	-1140.95	179.71	
-0.66	-794.71	41.11	270.79	-317.30	-1155.48	-603.66	-468.12	141.42	-656.31	793.66	-570.91	716.51	310.72	17.88	352.48	-655.58	-322.67	-189.70	-299.67	48.22	-156.59	353.96	-507.50	-560.39	-561.32	-256.36	272.66	106.74	298.33	-183.77	-623.33	162.26	380.97	-325.50	294.46	-607.26	3.34	822.35	-492.88	614.54	-451.68	306.47	706.34	469.97	-565.32	-365.41	-551.17	701.41	321.99	102.03	-204.83	-392.96	288.22	-1363.86	-609.87	-217.69	176.86	62.06	565.59	-540.84	486.53	756.46	222.53	641.26	-19.32	311.75	469.27	-601.17	-445.44	-645.91	-84.36	-299.92	-90.37	-306.77	-517.72	1021.87	-396.33	-748.39	76.65	-172.73	-677.16	648.99	-316.23	21.43	196.58	540.80	-58.59	-69.49	615.12	279.55	316.61	-239.97	-359.04	65.56	704.18	258.56	276.32	-465.16	-610.98	686.97	-367.25	-59.86	545.10	-446.72	765.05	21.38	-561.27	417.25	-850.06	-395.43	371.52	-666.22	-253.11	152.56	853.44	-326.66	-97.78	554.97	-172.37	-623.91	-645.44	-818.37	-799.97	157.80	-618.76	-178.98	-103.34	-71.35	354.08	-206.44	-153.64	92.54	49.54	-610.07	-633.64	362.18	3.22	207.70	328.83	8.25	-449.37	-425.46	16.78	142.41	6.74	391.10	477.65	-357.69	142.55	-36.23	615.99	1076.37	-1233.00	-951.85	587.76	-432.83	28.27	1.55	754.15	-283.00	-150.83	681.06	426.64	-295.39	118.87	266.36	434.45	-661.85	172.43	-520.61	452.75	-422.36	407.00	-522.86	-450.03	-957.39	294.99	-168.21	461.12	31.23	841.47	75.90	-307.94	415.68	986.69	106.33	443.72	-151.16	-678.73	-11.69	167.61	567.70	-142.69	-548.08	1067.53	-526.56	202.14	175.68	373.15	
574.72	-254.88	-232.04	325.09	124.54	-272.29	30.18	104.37	257.55	541.94	83.55	200.54	39.83	173.64	-267.73	-10.74	-572.52	-43.52	777.80	-932.78	241.92	76.68	56.43	481.82	99.12	31.67	-210.91	153.32	-750.80	-4.55	357.56	374.58	318.98	-197.73	204.92	1032.01	214.83	-241.60	-311.75	-1125.36	436.98	129.46	293.58	243.66	1025.23	-1637.67	-461.15	-240.38	250.30	634.57	840.75	650.32	445.73	110.27	-747.82	-809.26	194.66	215.37	-686.25	614.20	-478.52	977.83	620.12	251.31	-145.45	250.68	423.34	459.47	277.36	336.34	183.25	277.08	458.62	-387.70	209.27	-644.55	1081.81	-949.94	-84.92	-60.47	129.37	-383.01	1463.81	-820.47	344.06	-230.69	-308.86	146.63	273.41	688.78	197.62	369.10	-125.37	91.50	181.44	641.26	1033.34	-303.35	49.20	201.30	634.70	-362.98	10.80	-438.04	88.90	158.84	1154.46	781.77	-15.44	-125.21	283.46	-313.93	233.03	-346.26	-110.31	618.91	187.19	420.81	476.39	-168.85	-508.89	-1131.45	269.73	-13.49	231.13	-348.42	-54.85	437.03	152.04	62.80	893.47	445.91	455.36	-816.41	200.32	169.91	309.26	673.86	-424.90	-1110.66	273.84	317.87	-69.92	559.60	-361.39	-137.84	627.22	-449.73	-391.08	257.22	-442.11	345.08	594.53	-565.27	-1059.49	-612.79	-734.55	122.71	-506.51	-96.03	-104.29	514.88	-897.21	-43.80	96.98	1275.72	-289.52	877.70	-453.34	650.32	-170.86	686.80	59.46	251.78	-344.11	91.06	352.50	683.63	398.47	459.28	436.49	52.97	-869.68	518.24	417.30	-26.07	-444.90	146.29	-1809.88	48.13	278.69	-555.01	478.59	87.11	247.59	408.15	-491.16	448.60	-534.42	1084.00	
442.00	-439.94	-409.85	168.77	396.15	-455.78	-638.60	429.11	988.62	-420.61	-44.92	226.29	8.54	232.20	-226.69	-431.01	331.31	443.28	-16.45	335.59	-307.96	-812.08	176.65	-183.17	-525.34	-23.56	-263.65	-52.87	-6.69	76.72	781.24	1140.04	124.76	74.06	102.08	267.58	502.63	585.39	557.79	-547.36	-191.18	-96.38	164.35	378.47	229.41	-74.53	-923.57	-225.01	229.05	198.64	-350.02	-561.31	241.47	-25.65	-164.17	-585.98	93.18	665.78	-246.38	-454.20	561.20	62.99	-774.67	-687.82	234.29	-42.57	335.47	328.47	-204.44	164.97	-212.88	189.64	-765.32	406.64	295.70	473.30	-327.43	-735.96	-194.49	-502.91	-41.37	-762.55	-19.64	-571.77	177.87	-1132.64	686.63	80.83	-44.37	132.96	-236.22	-227.11	-361.06	358.31	-484.83	549.14	-172.80	-988.72	326.04	-6.53	376.04	450.39	35.36	-63.99	940.83	-252.33	-354.01	401.97	115.63	-156.50	100.60	250.95	266.72	200.19	361.76	394.99	-153.89	-581.68	-407.40	205.54	-586.43	-46.45	-243.87	-857.12	405.54	934.21	136.97	745.39	5.26	-927.69	137.16	-645.00	-219.54	114.19	-376.68	-463.84	-271.00	-201.15	-645.97	-119.15	172.85	-931.28	-461.11	331.70	1253.87	610.83	745.64	467.70	-806.25	-601.70	759.62	399.32	-1014.22	376.83	-547.82	-69.37	-387.29	261.59	-125.12	13.96	-30.27	-349.52	719.12	466.44	-676.56	456.64	1024.87	176.02	159.65	-670.06	168.34	-664.15	-14.13	224.94	-655.26	177.50	-506.29	1099.01	134.04	-764.10	-351.43	-867.65	-324.22	-954.06	-246.62	328.22	-790.49	-689.07	-383.92	-283.63	311.05	-353.64	247.79	-1488.85	99.88	-545.18	231.08	92.44	167.29	66.33	
223.09	623.14	419.95	265.39	64.67	-287.89	628.30	-220.30	-152.21	680.93	398.59	-431.61	-39.02	372.10	97.60	1000.97	315.03	-461.11	818.66	-95.04	936.38	-64.64	175.02	286.08	-17.26	-124.63	-165.70	-642.04	-546.86	-656.09	-205.17	398.83	346.52	-322.65	-219.65	151.11	-525.68	-237.64	-398.65	64.92	-130.19	-225.18	-61.86	70.31	960.53	-583.06	107.57	420.88	360.03	748.79	-212.33	56.34	-773.00	-29.68	140.20	42.61	98.60	899.31	-252.59	-279.68	-175.04	-22.95	-233.61	-534.86	650.63	-54.09	-812.92	31.73	-745.59	-195.89	-344.63	-6.31	-72.98	-702.14	163.98	-741.31	324.18	411.43	238.65	-814.56	-604.50	363.96	-65.68	617.11	-330.37	540.38	213.38	260.42	-631.19	148.48	-350.71	-117.89	102.17	19.23	-576.30	-54.24	549.90	142.25	-95.19	288.71	-298.93	137.61	52.93	211.88	-98.41	90.59	483.56	-79.40	-701.97	-216.48	-75.19	-75.20	-509.48	-392.21	-571.05	460.57	-194.87	-229.90	412.47	-659.27	96.39	499.82	1095.46	-438.44	773.37	-293.74	-44.48	-512.09	-110.66	541.13	-411.34	85.11	-104.96	-827.00	102.81	72.33	-162.50	-4.73	-70.59	-312.71	606.27	617.84	245.95	283.51	26.54	-594.55	-51.63	302.81	446.45	-116.44	-659.41	13.02	820.41	617.51	-259.94	376.49	-203.43	-204.66	286.04	-940.40	650.35	677.63	-77.78	-493.59	-142.78	42.19	-125.42	-524.48	-355.90	358.49	94.83	770.18	25.90	-280.48	-80.10	-883.82	-439.04	-407.05	202.26	-966.88	690.99	-676.63	338.81	720.12	-345.72	-73.45	-858.60	-458.08	-214.13	425.48	127.18	-727.49	-251.35	-95.46	-582.14	-229.54	-794.96	-390.52	-110.60	1388.54	
-683.39	393.33	-378.86	137.40	-126.73	521.05	338.42	603.58	-162.77	-553.97	-802.06	59.58	-229.23	-119.02	-347.00	562.10	-99.92	694.33	677.22	-303.89	-21.27	-648.84	44.03	1015.68	465.62	155.49	-306.57	761.02	-329.31	346.48	-477.41	508.76	787.61	233.22	373.92	96.75	-87.28	766.09	233.09	156.88	135.39	560.31	-210.49	645.68	-300.93	621.83	-646.33	-138.93	-1030.04	-242.05	256.78	-61.13	-265.30	-980.39	288.28	658.33	-410.76	-1304.90	-70.33	497.59	839.90	-412.55	51.00	-302.41	274.92	-698.95	81.25	16.99	-363.47	-742.03	468.24	-30.92	633.87	229.48	-169.43	1467.54	-93.49	-472.48	693.78	653.20	-172.71	-604.09	-530.49	935.29	-699.06	385.76	176.13	1101.49	232.97	-391.58	-285.05	-1097.96	9.17	341.55	-160.87	425.94	540.36	-232.05	-398.89	33.95	-206.84	-256.43	-136.61	638.77	72.36	544.77	980.88	-148.87	-376.20	-170.39	314.01	605.50	-98.77	321.70	-135.74	-352.85	-180.37	233.76	606.20	919.35	504.41	-434.38	441.42	81.96	8.87	321.13	-872.45	-45.45	-44.68	-940.84	-660.44	961.61	-503.50	78.61	-514.55	50.40	-554.34	417.94	-32.52	-520.54	206.24	26.32	-531.81	-592.41	295.30	-728.89	-190.41	65.06	-188.88	-585.69	-544.50	-658.79	45.34	520.06	35.23	-362.23	-689.68	62.71	90.69	10.91	444.35	453.02	-849.63	122.05	-20.64	-289.23	69.99	-436.67	283.09	-375.21	328.63	-403.84	224.04	394.95	-371.67	185.13	-467.15	137.74	-245.79	44.08	696.37	-288.83	370.88	237.34	435.50	-105.30	-268.28	90.95	-175.45	-234.94	204.84	-404.55	-696.42	122.97	-447.83	-230.25	815.13	308.27	124.42	-606.51	
-392.47	238.39	-204.50	-557.50	-134.46	511.04	739.29	219.20	192.54	-412.27	-406.74	179.12	69.21	302.15	65.49	455.44	125.67	-324.26	290.14	860.94	-263.55	820.90	-385.94	-1.75	46.71	-103.41	422.08	-719.70	-843.88	282.14	-484.84	100.89	-163.30	-212.97	-33.75	968.00	-399.47	-178.62	285.16	99.95	-115.19	-355.29	23.96	451.88	794.90	-384.08	-367.32	706.47	9.51	792.10	-146.33	527.72	765.79	-9.54	-24.18	65.71	-299.78	324.39	566.29	-462.08	175.14	329.12	744.10	-217.97	1313.12	-97.16	51.39	393.24	205.83	-76.98	361.10	248.63	-497.76	-281.91	514.94	163.81	-283.91	142.92	87.80	47.18	687.12	-339.20	-99.97	5.40	-18.37	-432.12	-193.87	-133.00	-809.79	81.66	-189.59	-524.55	-343.09	-293.46	-65.47	865.34	913.58	-49.45	-7.34	-355.08	-819.77	1048.50	75.22	-47.31	410.71	-360.19	86.91	133.68	40.31	-183.22	-369.93	496.98	-357.77	-255.12	768.77	-61.01	-90.98	-1253.88	-278.15	207.43	180.65	171.80	1108.48	-715.67	328.57	-1031.46	-582.13	345.37	2.73	621.83	-835.20	-427.67	-260.03	-308.69	257.60	-372.28	-157.43	-226.89	-405.88	-127.78	581.72	69.36	356.27	-123.59	979.95	62.18	-242.28	695.89	591.80	23.82	-934.44	20.28	28.11	432.81	-588.13	-651.46	-342.43	67.74	177.58	105.65	780.42	472.56	-85.21	-351.47	-861.97	58.66	434.67	109.27	-466.19	-36.75	219.83	-130.25	361.21	-319.42	723.32	-739.19	-441.76	123.41	86.73	-136.17	210.67	-16.96	772.36	399.08	521.02	-2.69	-245.21	-357.16	518.04	-453.31	-140.07	-200.70	400.53	-81.38	154.35	-66.56	63.02	-972.41	-507.23	337.75	
-465.67	-1000.86	426.29	-219.76	-363.68	41.93	8.36	-605.53	426.97	-226.14	17.91	-895.26	436.02	-350.28	266.94	-490.90	5.85	-130.67	-200.63	-421.25	308.06	-448.30	-128.18	478.97	-307.92	-260.81	3.29	970.45	250.51	-135.94	-200.96	430.35	-601.91	371.41	217.36	-383.02	451.00	-400.03	86.46	-254.99	317.73	243.33	-504.29	-474.02	-470.92	914.18	236.89	315.47	-572.78	-689.51	176.11	667.51	-1068.42	-143.09	371.73	226.57	142.81	-224.22	781.74	-404.33	725.67	-303.23	-427.57	283.50	230.81	-323.75	764.06	-157.08	796.04	34.99	-202.70	-195.07	238.40	869.67	-114.44	41.73	60.17	-121.96	-251.02	1389.89	-12.99	637.34	344.87	958.37	-44.03	673.14	-467.84	13.50	-400.56	-950.01	-119.87	321.80	373.07	1140.67	225.72	-581.91	-860.61	925.09	677.32	-60.22	-20.56	301.74	320.62	244.42	-417.49	664.15	-1315.42	-372.22	-472.66	-186.49	-813.46	348.30	529.41	243.96	-257.75	-154.05	782.02	118.22	886.73	154.50	259.67	-51.82	-707.22	-206.44	-866.61	493.62	101.95	-599.91	59.47	-705.83	108.80	-71.00	-308.41	-732.66	-249.88	-381.04	430.37	687.98	96.69	466.78	-323.94	571.51	-507.54	-87.81	-389.98	289.15	-319.32	-272.43	338.20	-46.38	582.41	-700.22	-1249.57	201.01	-0.84	-710.26	126.78	-280.22	-419.62	-154.50	1061.47	190.49	1151.92	368.48	762.65	2.21	-566.97	251.26	226.91	705.08	-150.30	-1400.78	359.64	-140.70	245.59	-793.64	241.39	66.47	550.90	-114.22	-69.83	-298.27	-348.55	349.34	-293.99	384.82	-48.82	712.74	532.52	675.10	-274.81	137.06	-775.24	142.89	490.08	-703.41	-270.86	1005.71	-273.17	-385.79	
238.59	161.34	-273.47	-418.01	274.55	755.14	-41.09	409.35	-102.13	1047.20	1018.51	243.58	277.40	-294.37	-813.36	-257.89	133.31	-135.08	-393.89	195.78	11.76	-524.79	-614.37	157.81	215.14	592.31	579.38	400.66	-182.92	-132.86	-492.39	-57.64	-95.42	126.02	128.17	-610.92	781.34	198.76	572.53	-195.37	-12.17	-194.89	219.90	460.65	585.52	-315.59	-110.95	483.98	219.48	651.41	-211.71	-130.63	-686.21	-220.45	445.44	-531.30	260.45	-288.91	397.48	276.95	224.86	211.15	-398.42	-427.33	319.25	344.23	-503.92	-182.55	360.51	210.92	564.48	-840.90	-141.17	-6.68	-317.93	-48.42	-70.58	-292.83	38.07	63.17	459.83	-286.14	-60.61	26.43	2.66	-511.30	361.07	25.62	1109.70	-216.63	-12.81	-517.35	709.91	-39.66	-516.12	876.19	-215.67	-288.03	32.04	-655.51	-3.53	133.43	1152.88	86.23	-137.67	530.79	-389.91	-49.67	-41.74	103.29	578.35	-747.13	56.74	-592.75	-166.53	-303.89	-423.44	-574.14	-101.55	519.40	499.97	119.08	-147.02	-198.95	-821.28	369.71	-538.52	592.98	96.44	201.61	463.88	87.46	107.03	358.42	295.10	-967.53	654.64	514.76	580.72	404.09	688.77	314.74	621.05	-905.57	662.10	-731.83	123.31	-183.18	80.70	112.25	256.12	-207.08	94.20	-37.59	-88.31	-481.99	29.40	474.92	-451.68	-363.44	-642.51	-746.56	-187.74	-280.87	-335.66	392.06	320.08	367.66	-291.91	-83.40	-235.76	-334.31	440.05	-263.85	-517.75	565.21	229.90	433.93	-459.91	-215.28	448.62	-274.25	-420.28	160.88	952.55	-288.82	-30.67	-283.08	-778.06	-723.46	-681.56	802.61	-128.78	-701.47	-431.02	119.60	67.61	404.67	-400.90	254.88	
261.15	-117.33	52.21	578.08	-176.66	1076.71	-39.58	-46.17	-20.91	430.60	-314.35	-1417.86	295.10	786.93	339.32	58.99	-130.28	2.56	1140.96	128.74	94.22	413.52	541.83	-206.75	-308.38	-315.47	570.07	-294.24	-408.83	87.41	-520.92	102.92	-328.38	-592.55	286.54	-186.46	603.36	703.01	-481.36	-217.01	765.80	147.85	-513.17	-246.85	-576.14	-749.83	114.95	469.03	92.87	-199.33	-617.78	1362.01	-299.63	-580.86	-643.29	313.32	-632.62	693.23	-83.32	-432.91	846.10	387.95	253.94	-193.08	563.35	760.41	356.76	-285.30	-683.64	505.76	800.76	251.36	845.56	-499.83	1165.48	-979.74	537.32	48.14	-411.94	-330.15	-436.23	-86.92	382.20	-13.58	-63.66	40.44	-871.96	12.93	-727.91	45.31	159.75	-662.81	734.37	-66.97	369.86	30.79	284.18	-131.54	546.56	-742.50	-17.21	518.17	-261.07	147.12	-79.88	-377.76	-116.63	-84.73	-591.81	366.72	-1207.74	343.54	1011.29	-665.61	263.31	1161.21	-276.63	641.99	482.79	37.36	-795.47	-490.35	-151.61	-376.40	390.92	-857.48	128.12	-116.63	160.53	429.27	280.57	-432.42	22.25	-731.74	575.67	315.30	-345.70	44.34	-490.69	279.70	283.56	-184.25	293.51	196.44	1258.72	513.11	577.75	174.36	1250.39	222.55	-44.12	-79.17	259.61	491.43	-643.89	-22.03	551.98	484.20	11.61	-65.42	-134.76	596.94	-243.27	270.92	-312.81	160.08	-162.37	399.94	673.97	-258.95	-1145.12	1089.70	1044.19	77.12	298.66	-708.66	44.09	281.96	695.98	-668.28	992.72	2.70	95.82	457.70	-466.14	242.25	-512.12	-426.85	-172.26	201.67	269.12	-828.40	396.09	304.32	-57.99	-842.26	87.87	213.67	-1154.01	865.65	
964.29	-433.36	-41.23	147.37	94.47	703.04	91.09	-222.47	309.74	-651.50	875.74	-220.77	721.25	-387.88	-119.86	-356.17	-102.11	781.54	226.54	43.83	-310.99	302.32	1152.36	-568.18	-356.86	-90.59	-131.25	347.78	-283.00	-435.36	-272.52	194.26	1515.35	-457.61	-365.39	638.08	114.60	-1150.31	-740.57	551.44	-2.49	-220.79	444.76	282.16	78.76	-197.73	-31.77	-892.07	-898.93	206.38	-48.50	71.80	419.32	-1250.73	-121.56	45.13	439.24	-575.72	636.49	-239.29	537.94	162.51	-75.49	140.84	-47.53	-225.78	200.65	317.25	370.56	-33.52	-556.23	-144.23	149.48	-660.70	73.92	-567.25	250.24	-709.79	-130.75	464.79	138.96	-385.45	-534.56	171.36	19.25	4.13	-341.16	-225.53	-262.06	-402.18	573.92	425.17	-152.96	-853.84	203.01	599.73	73.09	-146.34	277.86	-76.81	209.11	181.95	-478.66	845.50	841.76	-255.82	-303.20	299.25	-86.27	-267.77	163.20	306.46	112.68	22.89	-357.84	635.14	-281.60	605.60	680.94	57.98	25.45	762.77	-129.86	558.35	-330.46	-167.12	310.41	-50.78	23.64	-413.97	163.60	-180.00	-75.29	-889.20	-587.95	24.08	-700.77	580.39	-178.77	453.17	298.00	-311.71	327.38	-30.74	16.48	-145.21	-523.68	301.61	-833.71	153.32	395.76	-440.24	655.28	190.51	54.34	-920.27	-120.51	-828.34	894.59	-798.26	68.02	-250.32	490.50	36.81	-63.53	15.98	876.53	216.12	-547.36	325.56	90.59	-664.01	504.24	-452.77	123.87	-232.75	581.17	-65.33	596.40	-872.09	-635.17	64.21	-101.20	101.80	-231.98	250.72	850.72	-439.46	99.42	65.22	312.36	232.15	88.71	505.35	-41.46	263.89	436.73	-71.32	-87.67	-229.45	
-994.16	567.68	-464.60	20.88	242.78	-384.07	63.51	893.61	455.67	175.88	207.20	642.46	367.19	838.41	-695.54	-116.97	60.51	373.33	-370.20	-190.46	-558.21	883.54	261.13	499.15	-98.33	347.28	-153.99	-19.99	-312.33	-393.50	-808.88	316.68	-485.60	-333.12	-426.18	293.03	-307.16	-32.96	242.38	-174.73	326.43	-225.23	-283.78	132.69	-280.81	-159.94	-662.18	-719.72	-214.31	-197.02	395.08	-176.87	42.93	-364.61	-803.39	458.13	38.81	499.50	127.77	65.63	-414.48	-11.81	-689.80	-940.31	722.11	-104.21	742.14	-886.39	693.18	-653.74	46.72	-632.43	470.55	1059.83	-560.41	-327.57	111.35	-196.52	184.97	292.16	-8.24	-313.08	-307.48	531.44	-10.10	-148.06	-196.04	-591.71	468.91	-5.72	-285.77	354.72	308.62	67.43	514.48	-312.30	-107.71	-134.01	889.65	395.92	-134.12	-36.12	200.78	-457.84	58.54	53.33	174.15	214.50	236.22	118.96	359.17	-1012.07	574.46	547.61	-344.28	-188.11	-325.77	831.70	83.93	-191.96	706.04	-425.97	689.84	-714.33	-73.91	259.98	404.88	47.18	277.81	-370.81	226.26	-55.52	-733.25	478.20	-252.50	-696.97	-206.96	41.02	202.60	-777.39	-901.05	-212.96	601.87	220.81	9.77	463.19	74.64	330.50	204.76	92.45	-911.18	-1002.74	-389.91	15.92	-242.19	-332.62	-23.31	305.54	-6.37	199.22	-82.85	272.11	5.38	283.80	-327.35	-677.73	944.41	176.51	-109.49	-352.28	339.46	-68.08	-59.49	37.97	457.26	-345.24	246.54	-501.73	-344.86	-13.99	278.22	592.46	-474.96	324.85	-316.25	27.53	-497.72	-232.47	-41.58	404.36	356.25	60.39	-547.23	808.33	656.91	665.30	601.05	194.52	134.65	597.45	
245.15	679.48	280.38	-286.78	-326.18	82.82	437.17	921.03	81.96	-531.82	-54.46	-70.04	884.17	-563.52	-410.90	-95.23	-13.97	-880.87	-264.94	-73.46	-534.15	505.45	-124.10	342.22	-414.23	231.04	-783.84	9.30	247.68	-343.87	170.64	694.49	248.15	259.36	-824.35	-518.05	62.50	-254.84	142.33	214.52	265.98	-17.23	17.78	-137.99	-745.90	-252.26	-554.77	-7.55	288.28	435.92	-330.70	-319.87	332.55	92.62	565.87	537.01	737.64	675.18	-892.63	-114.13	-44.13	-42.00	166.72	53.23	538.44	431.68	21.91	621.54	-5.34	-401.08	-592.16	-417.14	-128.22	-771.40	145.52	-347.54	85.06	-565.76	147.52	82.52	94.15	209.54	35.00	-90.09	-464.16	-278.45	39.83	-275.53	31.66	201.14	-81.65	-550.25	-267.22	-1317.62	-1030.42	-305.12	-840.43	-56.37	-91.06	485.09	22.15	284.56	201.28	-323.29	102.86	-1146.78	-604.22	-68.51	-322.26	-616.59	-179.60	-261.34	-78.25	-563.96	57.51	170.47	-910.46	-1104.40	24.84	-398.29	21.91	184.34	-910.95	53.02	-41.61	-46.25	657.88	461.90	872.34	661.64	-471.06	-614.64	-220.34	-874.87	22.52	-496.45	336.78	281.84	584.87	-292.54	201.89	-815.09	941.28	-824.17	460.59	-360.59	-164.46	-3.96	178.91	768.02	523.86	353.04	-783.84	696.77	-138.54	-293.11	-430.49	91.05	679.17	399.33	365.86	-66.66	465.68	-56.72	-1489.81	68.54	798.85	394.56	-635.79	-160.83	450.00	353.50	-420.21	160.06	-798.55	493.22	-524.73	342.19	791.58	-632.81	213.49	512.85	129.65	-150.64	787.07	482.19	-53.28	-674.80	-589.02	295.80	-107.52	-328.53	561.33	-33.47	211.77	-76.57	745.98	416.21	-529.11	15.17	
199.18	622.83	-356.18	-275.68	-194.97	277.36	684.21	234.62	-826.73	415.91	-662.48	-679.98	-110.10	120.37	280.32	-361.04	437.10	768.93	352.25	595.06	-63.75	-345.62	-162.73	418.71	1001.90	-235.88	901.43	-47.05	-322.75	-175.97	-555.52	-753.91	-147.15	184.18	-150.13	-433.79	453.33	1370.60	-395.89	657.48	-493.44	194.42	-229.42	251.34	129.51	-368.81	-1084.05	534.30	-851.69	-687.58	712.05	-501.31	-67.78	-40.33	333.10	-342.82	-266.07	-278.45	277.60	749.02	-598.32	345.30	-21.36	-793.44	834.82	470.20	347.27	86.50	80.80	-237.96	-324.57	167.16	-65.59	-138.02	-409.54	-424.08	-75.17	130.58	561.12	124.09	46.44	102.92	-14.29	78.23	774.82	-38.55	-141.85	722.05	839.28	-340.75	99.16	650.98	-258.97	50.48	172.66	-435.30	92.23	-128.35	380.45	409.61	40.67	238.67	-41.53	327.26	-977.81	-114.05	1188.72	152.65	-99.52	322.95	-718.76	-623.37	-1006.09	205.57	323.35	-65.72	-404.62	1066.77	-243.54	-503.30	55.84	-454.94	-306.18	597.21	67.53	137.80	531.11	-520.03	-63.02	-394.60	-100.75	-153.21	-335.57	-623.74	-17.61	-96.81	-282.32	737.12	-104.99	-375.59	667.44	222.48	283.25	932.76	-330.52	-206.38	-413.51	479.67	-255.72	383.56	-533.12	662.91	466.70	-638.19	-7.38	1369.59	496.02	246.22	-835.53	-176.46	916.01	-247.01	-767.32	307.06	-469.21	-81.92	-701.42	-63.24	23.58	-870.14	-658.59	93.85	-224.53	-242.15	-147.83	42.08	-917.71	146.57	-109.12	-187.27	701.21	844.13	-105.67	-115.80	911.23	39.80	-126.91	-213.36	-794.47	-364.40	270.87	-200.17	-406.45	371.04	-486.68	-727.99	268.54	-583.19	-581.83	372.65	
-21.23	489.03	-790.31	12.23	-454.12	391.50	130.93	-677.89	15.08	-190.04	-267.19	814.00	363.94	-782.76	-120.28	-1349.03	1014.46	-686.73	-277.96	195.81	363.54	-387.70	313.54	-444.50	-65.82	187.86	262.60	333.10	145.23	364.50	220.78	27.32	465.47	148.96	-696.07	417.98	296.40	-145.08	-228.66	-500.68	22.05	384.54	-580.22	113.58	11.54	260.09	299.49	230.66	654.25	-329.59	-86.32	-258.25	22.09	-251.00	262.62	-27.17	-161.27	-619.00	184.27	162.23	-225.38	-343.89	1175.48	138.55	-47.95	-24.98	53.80	115.28	170.31	495.60	-389.67	-182.34	-440.00	-81.83	285.41	-856.11	55.23	-878.28	-422.16	-377.97	299.92	-78.32	-267.35	455.59	815.91	-165.20	221.07	-807.94	-221.62	-173.64	-43.45	-1331.87	149.38	-239.19	-542.41	570.89	166.09	-467.44	64.27	-122.24	-21.29	-140.87	452.58	504.79	462.27	9.82	74.39	178.46	717.80	-869.13	-56.22	342.19	-576.46	-119.51	183.65	-391.49	-449.99	166.60	-538.46	724.95	489.66	-325.60	-1432.36	-773.78	246.03	-147.68	173.94	241.58	375.01	-455.55	173.18	-566.59	-667.71	562.42	-631.04	212.80	-483.05	-219.59	-237.60	311.62	-235.88	-519.33	-194.76	253.50	663.07	314.94	-218.52	-15.88	-215.36	759.61	520.35	55.87	213.69	-554.50	-135.45	3.08	289.89	-40.06	-297.68	-273.26	-93.62	4.73	-20.36	-428.56	-1523.20	525.50	-61.99	574.18	256.23	-957.64	1250.57	-462.25	936.63	408.77	442.24	529.61	871.69	208.40	-45.63	-723.76	12.83	-384.29	-36.57	43.84	342.89	-204.71	108.85	198.71	-467.29	-727.27	-459.21	629.64	-35.10	65.94	582.54	312.12	-96.46	-511.85	-902.69	853.00	
687.51	-216.52	1069.41	-548.69	216.32	403.47	-792.08	-253.83	-815.16	-677.07	417.94	426.89	168.91	-575.79	-17.99	-293.80	-838.28	-1059.54	938.16	-372.77	470.73	695.17	-17.96	-875.40	-629.90	-27.32	-106.98	-819.95	-364.85	1102.37	-60.93	353.00	-618.18	-629.74	-355.25	-60.93	351.07	849.16	213.53	-609.06	-144.43	-223.91	-58.79	-314.92	234.46	85.08	-928.72	818.74	-6.99	-193.67	412.22	-360.78	-534.08	-121.00	-49.50	256.58	365.96	-320.82	0.07	-232.04	303.87	-498.33	-275.90	-601.81	-293.90	-481.89	580.60	-306.34	177.00	138.56	-330.67	286.87	-480.38	34.77	-102.38	-63.30	-293.38	-1012.30	-651.45	514.80	3.98	-474.11	27.30	-981.04	172.93	673.41	79.94	-728.41	-177.56	33.29	1087.67	37.31	463.77	628.73	90.62	-849.16	-527.62	-450.32	-522.23	420.67	432.50	-192.89	-439.87	28.77	1015.79	81.94	-385.16	27.89	475.78	-836.75	-1128.20	-63.21	-182.61	453.85	388.69	87.90	458.98	-678.50	478.01	-412.82	215.26	-180.93	204.42	-215.24	-308.73	253.51	-441.35	-53.68	722.98	-700.17	29.11	-284.35	582.84	-215.71	-38.25	-469.35	182.82	118.12	78.02	288.84	-1111.53	-698.50	-80.53	364.14	-565.69	-291.55	388.08	120.34	-357.31	-112.97	255.38	312.31	-623.86	-179.29	308.34	37.85	-780.09	-919.01	-764.96	247.13	67.82	321.58	-233.39	775.23	731.84	-488.60	198.98	469.72	488.73	-156.44	655.30	-717.98	-1172.35	300.71	-422.16	1180.12	-363.35	-73.03	-209.05	755.49	-412.01	514.81	0.07	-834.94	-804.15	807.76	-115.03	-651.76	493.89	575.56	63.62	234.45	736.90	327.14	-328.43	899.43	-137.13	-290.29	-175.66	363.37	
81.77	382.38	175.02	552.57	382.08	125.75	-540.87	-303.86	-56.57	-502.62	705.82	-445.95	664.78	567.09	-24.99	-458.95	-569.80	750.90	500.70	762.16	35.94	751.50	16.97	-492.70	543.50	-417.47	-260.39	371.34	488.81	-116.90	274.63	303.91	541.73	595.67	-618.78	-568.33	427.94	1018.88	-329.50	-294.19	-154.27	-159.94	-141.73	-528.28	-335.79	-869.70	-20.66	-460.40	26.16	672.35	423.03	208.16	-19.09	-271.82	167.24	-409.46	-566.46	259.55	585.46	240.69	819.20	1044.98	-94.29	45.52	614.86	34.93	784.25	-141.63	673.62	188.76	-198.13	302.31	-134.88	183.32	240.64	-217.95	-377.37	769.25	-546.96	809.96	863.26	217.08	187.02	525.95	141.12	276.10	237.10	-508.14	-790.21	359.93	-126.88	294.59	508.13	-221.53	849.90	1298.83	-258.55	958.87	-516.15	17.17	103.16	-211.78	-662.00	736.13	-208.20	182.42	-972.94	-664.35	-177.52	-58.67	-337.87	-20.40	328.41	-449.86	-458.77	218.67	68.78	-521.05	528.35	511.32	-453.84	618.53	374.23	598.62	229.43	-62.82	-142.10	-489.18	-398.84	-476.74	-115.24	388.47	544.22	-259.07	553.02	254.24	328.99	-36.34	-59.81	479.05	887.72	-373.99	-552.05	-146.27	901.71	-440.32	357.09	1019.50	-383.36	-42.28	73.42	-220.76	-154.22	-306.83	-240.27	17.94	760.38	907.18	-54.77	-416.23	-598.40	271.24	559.82	-243.94	-134.08	-69.68	-592.82	16.87	-392.51	1452.74	-388.80	-182.04	-75.12	292.66	-50.51	-612.42	-545.87	-266.57	-152.07	262.37	-54.81	-165.50	207.43	652.88	-706.86	-71.89	-277.47	519.39	665.79	153.30	301.48	758.36	91.04	588.32	99.15	235.72	128.23	-36.45	-443.82	-203.75	
-286.51	122.43	-500.00	310.12	81.59	-186.64	-35.27	160.37	132.00	-165.28	-1006.59	-700.78	136.31	22.80	-443.01	436.45	-129.32	1035.73	117.89	59.67	-272.09	-897.17	187.52	54.02	-774.78	258.90	-282.65	1105.35	-551.38	-288.45	466.17	-21.77	965.76	-458.74	-75.47	493.62	21.31	429.40	-43.38	498.86	-508.10	-171.62	-13.09	-125.02	-1166.96	831.48	90.70	566.50	-620.74	-292.81	-48.00	-183.26	-428.28	-694.01	-334.05	524.25	-90.03	-604.86	-57.61	400.89	1000.42	177.95	-343.15	-373.67	-774.86	-580.96	-124.40	345.24	125.43	-356.46	278.27	-900.60	326.34	91.07	129.29	283.39	-836.98	-449.25	61.83	346.85	-365.51	-34.79	336.81	326.26	425.72	382.84	-234.63	-272.62	-184.70	299.41	-72.05	-291.73	507.60	-579.19	274.17	-114.51	-295.60	516.89	340.95	-11.50	-37.99	-328.42	-1162.94	-395.55	-395.35	203.71	-215.84	-485.15	627.16	57.22	-941.85	-116.66	61.00	795.62	-204.70	828.01	113.55	-17.79	-691.87	676.27	-23.50	-377.66	108.50	804.06	-745.01	246.17	-137.10	-338.23	-206.48	687.54	-661.25	63.25	26.35	-652.06	454.24	273.41	368.72	467.04	840.79	22.19	-216.03	-721.28	-538.98	345.39	356.60	364.13	-29.10	-450.86	-575.39	285.02	40.32	-889.36	-241.18	-260.54	277.98	203.71	-626.67	238.69	395.18	-205.44	222.90	-1200.91	21.66	417.31	498.28	-55.27	-525.08	-362.35	27.65	-555.50	-481.73	299.45	314.43	-407.23	226.31	182.41	-232.34	-125.66	-410.68	-478.45	135.04	-525.14	-250.07	234.63	155.67	-397.83	250.53	236.99	-36.80	-323.81	87.16	363.43	392.54	-266.00	276.13	-259.87	-192.96	614.83	-387.86	155.53	
627.19	-193.54	434.28	-376.41	-708.47	-231.55	-318.03	413.03	-265.26	-92.51	-746.98	-448.33	-351.24	-961.96	-337.36	-7.85	-228.09	937.46	-30.39	-422.60	271.92	-74.45	-30.83	-315.61	57.36	-138.32	-559.76	443.90	-265.86	521.59	-417.18	-192.50	102.24	155.71	-38.06	266.80	347.87	234.06	263.56	-67.78	-267.40	331.99	-568.03	-187.35	-0.91	-884.50	320.08	-60.54	-102.18	533.64	642.63	434.89	-961.57	3.29	-112.18	433.00	616.53	487.43	-358.21	-362.34	510.60	-250.60	-130.06	736.67	-114.97	825.14	282.21	-171.67	577.77	122.00	-161.65	460.46	-11.99	516.60	-583.66	365.01	61.00	-58.36	256.30	292.85	74.26	315.94	15.52	-385.21	765.21	488.34	667.85	-508.95	-555.47	-176.11	687.82	738.74	-755.93	108.69	-78.26	-201.36	281.67	-151.10	90.76	723.07	-160.37	476.92	-143.69	232.88	573.24	-284.97	535.84	-1065.12	228.52	434.09	-59.42	523.84	-526.64	874.33	358.24	-150.67	1.41	-67.61	451.38	232.78	-226.42	-268.08	452.63	-786.42	-461.84	-364.58	450.32	316.97	-561.85	-295.37	35.71	-403.61	267.85	81.48	47.49	-476.70	192.44	-326.78	-320.51	232.23	-434.93	674.71	-189.35	74.97	284.27	199.99	-419.29	-628.88	281.25	178.79	627.35	-393.95	-149.92	-211.41	-26.98	-102.58	44.50	-241.85	-377.04	395.00	489.36	203.88	450.89	699.59	-307.50	-392.91	117.18	226.09	-284.33	441.89	-44.82	806.71	-425.76	628.88	60.75	-254.14	424.94	91.43	160.78	-552.91	252.44	141.40	-73.20	-119.10	97.68	382.09	-393.56	-566.06	616.93	-691.60	968.46	-210.82	-796.18	93.59	156.19	239.48	-129.87	406.55	-95.94	480.51	
-53.65	-94.75	-570.19	263.90	-809.04	361.79	456.21	-357.61	706.28	63.04	-684.34	-224.04	228.59	262.24	219.56	175.49	28.19	347.21	741.56	-417.05	-389.68	-586.96	337.52	344.26	403.46	-659.76	-89.53	603.99	926.22	547.69	293.33	1063.09	-217.89	-305.97	269.06	23.00	430.23	38.03	280.82	-115.59	529.67	287.02	-282.96	-73.43	205.42	-296.09	400.38	-200.48	-39.21	-615.07	-70.00	933.12	-25.73	-33.85	-346.73	545.89	1086.67	-367.80	676.95	-727.76	-150.46	476.67	-525.48	123.69	182.47	-3.40	-225.82	-565.73	-57.02	38.84	-269.91	-328.48	140.62	-446.90	-108.63	-37.85	475.85	45.42	10.39	-712.93	409.85	-429.89	1058.74	-378.78	-119.83	-92.75	-688.16	-173.31	440.18	-915.70	84.45	-219.77	800.70	-867.02	-75.48	26.68	-302.42	344.59	143.48	-115.43	-19.50	-42.71	-149.88	10.21	-109.58	-111.76	602.14	-792.54	-454.47	474.52	187.98	-53.70	-45.94	-647.67	147.51	-243.24	60.47	368.69	646.61	-110.12	-375.19	-437.08	-434.47	-67.68	-429.89	-139.69	155.79	103.01	-256.84	-1369.47	340.92	365.77	-5.98	-562.17	127.57	35.35	-206.53	-65.13	-863.74	-170.63	-430.13	-162.48	468.60	-156.66	-458.73	293.99	88.94	-773.75	-193.59	-498.63	575.40	-213.37	-591.53	782.43	-120.69	-443.16	-45.75	160.63	-622.90	-227.16	-149.68	-6.50	329.90	95.72	-39.00	457.22	261.71	-537.58	-26.43	-51.95	-726.35	-737.30	908.00	17.65	686.18	-550.30	369.28	-205.21	415.72	140.18	-423.74	-49.56	-449.89	793.32	-350.94	-158.48	100.10	-1322.74	994.88	603.25	-89.48	-79.53	604.23	306.85	-39.20	638.80	-549.19	-142.20	-275.27	189.98	
560.39	-201.76	1096.79	-32.26	881.56	183.42	-651.01	328.38	1415.68	-1195.41	551.54	442.16	432.85	-86.67	84.92	585.76	-69.60	-963.81	-69.16	470.05	-451.77	807.96	109.72	-1149.22	-188.32	432.27	1221.30	-784.70	-500.35	-242.73	-352.87	-587.67	89.46	-513.17	-306.65	-960.09	-350.39	265.42	287.25	35.47	394.34	-784.19	-299.54	-519.04	322.75	-87.62	-271.46	-469.14	-328.02	395.35	-224.07	-19.34	-58.47	-110.90	-27.71	-661.06	-734.92	-54.60	512.97	27.92	-167.04	147.65	-742.98	716.12	-284.88	-17.03	-164.30	-46.52	174.19	-255.10	235.28	84.11	-177.96	10.57	-802.18	-34.07	-375.70	201.34	-469.05	748.99	324.79	-514.06	586.75	320.35	-232.55	748.53	6.01	-67.43	-606.69	987.92	593.42	-67.70	488.41	594.03	-743.80	-335.52	644.96	791.45	-692.62	327.59	-794.73	679.30	149.63	-26.01	-183.11	493.60	-613.06	319.90	394.10	-652.80	62.09	-182.31	1000.90	-672.58	-398.17	469.44	669.14	329.19	542.73	17.16	539.42	342.04	-344.31	157.46	-191.69	468.77	-314.94	102.87	463.75	-329.03	686.40	-135.15	378.51	-307.62	-1013.82	-147.11	409.10	-202.03	-47.59	392.88	669.63	481.83	0.32	-217.60	50.32	-22.94	536.19	574.22	-217.68	-712.05	-518.00	-31.73	-616.53	442.07	-571.00	-601.81	36.23	-65.96	505.26	99.22	195.92	816.72	580.33	211.74	-477.20	-371.57	-59.23	-630.19	-126.38	611.84	-645.06	-268.30	134.16	-123.43	-59.65	-1032.67	-612.47	-449.34	325.40	756.22	144.08	191.58	-478.70	1258.93	310.82	-22.00	348.77	385.38	104.10	585.31	284.53	-335.26	-407.33	-507.05	-789.12	406.08	68.61	-203.02	-401.80	259.64	
661.67	409.45	-575.53	-1345.41	-815.76	206.59	219.13	-96.85	-460.55	208.09	336.76	374.74	127.35	-76.99	146.98	1329.67	221.81	-153.19	446.76	-466.32	1024.31	-72.43	107.21	439.97	-642.88	525.56	-461.23	-602.78	89.40	673.95	-505.48	386.35	1066.76	-899.62	178.49	259.82	-515.39	623.77	656.16	289.46	27.70	368.20	-231.06	304.88	-586.55	-613.39	104.95	63.53	-595.23	24.30	391.56	774.76	-310.30	255.98	141.26	-119.72	-178.35	310.22	602.59	299.71	-136.10	481.42	-349.98	-319.42	392.97	-260.97	113.81	-20.92	-203.83	-88.55	-112.06	-662.64	212.45	75.34	298.41	-1728.67	1288.79	-428.69	-259.64	365.34	-284.91	214.58	-92.88	710.54	-477.81	-218.69	86.08	611.43	-415.26	-124.73	-8.35	-289.61	252.14	-45.52	-374.58	-341.00	168.34	-212.25	-200.52	-410.63	-464.07	-672.07	-52.73	5.88	474.57	469.70	155.84	-635.27	161.98	-22.18	177.95	154.72	-577.88	-240.94	-750.98	189.82	254.23	-356.30	-459.89	-371.35	-755.41	-119.85	-243.52	-379.08	1035.76	371.48	1019.92	489.45	364.79	534.63	1180.97	-109.37	-972.22	314.80	-606.26	-797.12	252.67	-0.95	343.64	126.42	174.81	-745.54	-471.78	-112.93	496.29	-703.74	429.98	-237.89	408.69	-16.66	122.71	83.79	-619.34	240.17	886.10	-321.29	-980.89	-1041.05	-724.95	-1096.70	339.00	158.29	-354.94	523.71	501.28	-16.39	-397.82	81.74	-47.08	803.58	-6.32	749.36	-300.78	275.32	726.74	316.60	-292.24	-213.62	-132.39	-416.46	419.62	188.85	550.79	80.94	-563.89	-655.05	-208.02	85.43	-168.48	173.79	332.70	-655.26	309.48	139.71	-34.46	584.95	794.56	-295.72	-428.38	161.51	
147.13	489.39	-709.03	234.59	644.98	-613.54	-758.58	593.79	-531.77	55.90	28.40	369.19	-22.94	72.21	437.40	-281.66	-21.79	-339.27	-501.32	-538.27	-243.63	-179.68	-29.06	703.97	276.25	359.51	-830.94	-455.61	-607.25	277.79	-89.28	-899.04	390.44	62.09	352.25	-711.36	-256.53	-460.91	849.32	144.56	-176.29	-737.93	-259.91	-527.21	-338.50	-412.24	188.25	-106.52	-209.67	402.65	684.60	507.17	422.62	217.54	-148.44	399.59	734.04	879.09	137.68	654.72	-1001.23	385.24	-368.92	1028.10	-215.17	289.79	-114.45	-167.86	-119.28	-684.65	282.73	-33.39	554.71	181.87	-511.69	280.70	-20.80	95.25	257.61	258.86	200.54	-515.37	343.27	-521.86	603.93	-1.82	-547.95	-616.05	761.59	706.00	-33.96	199.64	-592.72	-391.34	-432.62	367.40	1244.09	-559.72	-352.03	210.36	262.17	105.14	-293.35	-290.49	-137.39	372.43	243.83	-411.21	549.53	165.99	457.01	-899.34	508.36	-199.49	1037.26	-234.66	-96.06	163.32	-197.94	-126.71	-163.22	-659.03	-674.19	-580.62	-172.73	200.77	-216.70	-481.94	-422.22	-40.00	-37.35	458.90	287.41	221.00	126.42	-385.64	-79.10	-255.73	171.13	266.63	4.20	-226.85	93.86	506.04	204.19	-552.69	329.61	-197.39	-707.69	137.69	347.47	-120.84	-803.53	105.44	1103.71	420.71	-568.48	398.77	-422.47	676.98	-73.23	-707.37	-197.85	262.38	-437.76	140.37	548.64	190.97	77.03	-215.61	-430.62	-615.65	726.15	88.83	35.75	-131.27	274.30	-267.64	-1078.83	594.93	-93.34	767.57	-229.33	-317.79	837.12	-24.28	944.98	-453.94	1062.19	-393.49	-610.68	-316.01	-211.17	-58.13	243.81	-100.54	-140.67	118.07	-420.11	-1204.67	
-439.77	-272.40	-127.30	40.91	972.15	-228.62	-559.28	163.52	408.18	-48.28	-159.93	980.55	500.69	-10.27	72.65	289.79	-165.16	-534.83	-470.98	-76.95	914.36	-431.47	-235.14	-127.98	15.27	173.40	-271.58	324.06	-515.77	-656.31	-329.42	399.29	72.77	672.86	-371.01	-967.24	-339.74	183.21	246.02	-491.77	66.67	-186.83	-29.14	-50.49	72.63	767.23	-504.23	-108.23	429.75	-316.61	139.78	-213.60	-590.33	-650.34	435.47	951.51	442.80	-156.62	366.06	-381.11	-782.08	169.68	290.71	-698.10	217.57	335.50	-482.07	-562.79	108.38	-548.09	134.51	-507.04	-97.65	463.86	94.91	-563.18	-219.98	132.95	5.77	945.77	-364.63	-836.21	283.24	883.45	21.61	-179.39	784.79	-738.91	260.21	-1074.64	-419.14	494.96	247.41	-60.01	-339.64	193.72	-242.12	283.39	16.92	-836.32	-284.15	-37.74	-325.76	-116.53	-36.18	283.86	492.43	236.99	-949.99	-93.31	-213.13	-1086.55	76.89	14.27	190.98	-127.66	196.35	-97.53	-429.21	-583.05	443.18	673.17	-500.09	-284.72	-369.23	164.85	12.93	-27.85	-304.39	-369.21	83.85	-94.62	-663.03	145.49	-501.77	-60.55	-187.84	266.09	1163.15	1026.97	115.99	200.53	800.01	257.16	-869.49	-331.72	-70.14	149.84	958.72	-41.32	208.55	-337.71	-286.50	832.81	684.37	335.54	-699.60	527.60	-33.70	17.09	581.73	-356.87	116.12	-147.85	63.01	21.44	800.29	446.71	666.17	-22.30	-369.54	14.22	1459.57	-74.86	610.25	-32.78	416.45	-814.81	-470.91	178.56	-568.87	-612.53	1.19	-218.00	-552.58	-493.45	-63.71	505.91	367.02	102.45	-429.05	197.81	322.60	98.52	-374.57	-120.63	-1124.58	-16.17	23.75	-85.74	
188.91	173.73	-10.06	680.92	516.48	447.86	-296.15	694.24	1045.90	-6.42	349.24	387.22	641.66	-172.06	-597.93	395.89	-404.77	1401.48	-695.43	-858.87	-199.80	526.47	-234.55	-494.04	-341.21	-42.80	744.50	-516.08	-764.32	-345.88	-727.49	-840.87	116.03	230.55	-112.90	-715.43	82.31	-127.02	284.79	531.27	-128.71	-351.70	267.99	17.83	-35.65	-629.05	589.18	353.13	92.87	95.22	54.43	597.82	127.42	52.32	219.08	-799.31	-350.95	660.77	340.13	467.75	-134.14	-310.46	-374.94	616.02	283.91	356.29	78.16	-39.71	-24.24	999.79	332.63	-659.61	27.82	293.45	103.11	-960.06	155.75	100.53	259.64	348.74	-944.74	-441.37	668.31	225.84	21.56	452.75	-96.51	231.07	766.22	-203.75	-370.94	25.86	-395.17	-206.22	-569.94	-183.49	458.32	-567.33	19.27	-549.56	273.24	794.46	473.25	337.00	-8.31	130.76	-506.90	-64.73	37.69	-281.14	253.18	-524.50	-776.95	-27.58	172.42	-195.67	-74.25	-657.17	80.57	-20.85	1085.27	266.31	-54.15	746.72	191.09	-695.97	272.73	808.96	559.70	222.22	-6.05	-1061.37	-123.66	-379.77	138.44	501.16	331.52	510.90	726.73	-671.50	-102.62	41.40	362.49	-218.24	62.07	-881.12	-53.04	432.78	109.96	-369.29	-1275.34	480.38	-594.73	34.88	-363.34	-393.37	-276.86	1360.24	121.82	163.05	-107.93	-627.94	759.67	-71.90	373.17	1.35	691.73	540.07	112.78	412.21	-346.53	-612.04	281.32	-317.52	615.12	361.84	-658.34	351.28	663.60	406.42	145.55	-329.20	320.21	-241.16	-244.28	339.99	-379.88	-0.31	-468.42	-66.01	-12.22	574.20	163.07	-379.23	-635.92	-273.30	786.61	-564.89	-66.54	-488.13	
117.40	55.16	353.85	254.47	-1234.93	118.43	253.87	-110.32	-200.19	-687.08	-655.92	-697.44	2.35	295.28	891.89	543.78	71.89	-166.70	249.39	-18.83	337.67	-115.04	-158.76	144.50	238.59	225.20	125.32	-213.29	445.73	368.69	-440.93	37.88	-10.60	-756.29	-100.44	205.61	-710.71	-199.85	677.68	986.54	-195.24	-249.80	-289.03	-503.05	-182.27	520.22	144.56	155.32	283.45	377.92	-135.99	-368.86	102.31	428.41	-676.99	1137.18	388.29	649.20	98.16	-210.77	294.84	-537.14	274.74	149.07	181.90	90.24	-922.42	-576.51	-269.77	517.73	615.02	193.63	-686.18	196.20	1018.24	143.88	-58.36	510.84	50.48	-778.33	653.19	-140.42	-333.41	-43.13	160.82	364.55	1078.49	201.29	0.75	-115.48	-146.36	-995.46	430.63	-549.24	415.75	-467.69	-562.95	91.47	-151.64	-968.23	-411.30	147.69	-215.88	378.49	-358.07	-279.77	-556.34	-239.07	201.22	403.50	-810.57	652.99	149.88	-299.03	498.38	756.57	4.07	284.98	409.01	-556.85	45.09	-795.67	1093.94	303.96	245.15	-322.04	-237.65	-571.76	-661.41	-108.75	-1280.15	-336.79	-538.45	-27.03	1078.31	870.74	-63.06	154.76	-638.97	-197.14	-503.33	5.31	-545.87	-542.72	-119.40	-32.57	231.66	534.27	-139.91	-416.24	385.00	-258.93	171.28	-433.89	-387.03	651.19	35.88	-780.17	487.30	-470.16	505.70	-581.74	363.30	-32.41	-530.18	-589.50	54.22	-199.12	477.18	9.51	-100.23	523.16	-382.38	376.01	-23.83	197.39	40.08	130.66	-236.86	-1156.36	144.50	478.62	-541.56	-201.52	-126.63	-542.95	-514.19	-336.92	330.41	692.45	308.32	-316.71	483.68	-253.23	-116.76	970.95	-99.01	-353.14	29.16	536.06	
-92.89	115.47	365.67	-206.38	279.41	137.38	292.27	-97.28	-429.89	537.76	331.37	-424.71	692.10	1205.15	-264.10	-329.62	421.56	179.18	-72.25	698.11	-175.70	-1207.09	235.16	-373.60	-736.61	373.18	-385.21	-64.92	440.56	-193.63	146.41	-122.27	836.48	-358.27	-1299.91	-376.34	551.16	554.81	-810.22	-480.96	-844.60	157.03	-330.65	-91.45	-118.24	-1549.13	-160.42	-60.16	324.39	914.46	-437.73	286.60	-311.42	-156.99	-195.20	-289.45	-889.07	146.84	-95.56	327.80	-252.10	455.19	419.96	-152.68	-148.53	917.66	-170.05	-302.21	-919.50	-239.09	196.43	75.30	-372.45	534.95	-408.71	-537.67	526.14	-937.24	-767.31	1192.76	-395.67	85.07	135.62	-9.25	504.70	-26.38	141.44	333.15	209.98	644.96	-178.97	-18.15	-1.59	156.23	-570.93	267.40	-347.55	-134.89	-612.34	267.11	324.78	1656.72	617.92	2.91	-30.73	162.26	-353.70	545.05	1345.80	-25.12	-351.08	-766.99	-465.09	544.86	631.64	-105.60	788.53	434.39	195.65	-435.86	-548.87	-80.76	-908.26	-708.99	210.69	-533.97	-178.03	101.60	-68.51	203.28	602.07	-66.17	-48.19	-248.44	-505.53	195.84	-484.81	-313.52	20.13	402.91	438.28	-804.46	-259.67	879.04	83.85	24.05	768.06	596.70	593.19	-854.29	341.56	278.88	-179.38	48.25	-215.25	-376.16	937.33	471.09	5.70	-405.22	-76.31	748.84	328.74	347.20	-510.43	-928.12	-616.39	228.10	309.35	-71.00	377.51	495.83	248.30	135.54	53.61	-710.88	-408.76	80.79	78.37	-688.07	787.36	674.74	232.38	272.33	-629.59	684.48	-90.34	-42.07	-616.38	347.71	395.14	211.06	131.90	527.06	-55.90	-50.62	-212.54	-531.82	-786.30	758.43	
84.45	-175.30	-671.98	302.22	-294.25	449.03	634.48	-66.20	-883.24	416.87	715.45	-473.33	-497.34	366.03	259.40	61.06	646.14	337.07	94.58	-698.85	138.13	-495.62	1199.37	-397.24	-738.91	1167.99	-154.98	283.44	-866.97	119.10	-254.11	-639.09	-235.14	-238.63	-424.42	4.45	257.03	-910.76	-84.34	-903.98	-372.15	313.56	-3.65	53.14	434.46	-438.17	537.24	139.77	230.96	-713.88	304.31	378.89	-157.14	-566.91	-428.98	746.82	360.26	-679.25	280.71	625.31	-228.86	415.03	593.70	934.95	219.14	-375.39	-136.48	688.87	-350.19	12.25	1074.65	-11.99	595.32	-525.30	167.46	191.76	575.47	-845.10	-264.41	-385.09	-28.59	125.13	115.41	-532.70	812.16	-374.84	511.86	266.23	-252.26	-195.07	54.92	-1208.10	-139.20	379.07	-317.02	-79.01	420.65	-531.17	-537.84	-266.14	896.46	328.88	-382.90	67.49	693.22	-252.69	-68.83	590.82	1206.39	-18.43	347.89	149.23	-873.61	277.22	254.69	105.88	435.78	34.50	395.30	-193.07	66.66	202.32	777.80	138.85	-1021.98	-289.06	-25.52	44.13	-301.58	45.26	-472.80	507.51	1025.28	9.68	1178.80	-832.15	611.85	425.44	707.75	511.07	578.58	-586.55	-202.48	-208.16	343.54	1070.36	201.86	-269.04	-83.56	-235.75	438.77	-422.70	276.71	837.46	-303.14	-44.42	-386.56	803.07	-5.53	-386.30	-149.64	-312.10	-177.04	43.36	497.67	57.88	-326.67	-252.74	725.59	-575.52	-249.64	1076.18	1008.42	-861.73	482.94	115.77	70.70	-269.63	116.69	-360.45	63.40	-603.81	1087.61	-258.99	-100.76	398.52	-147.39	-200.35	-1131.11	70.34	399.82	-106.89	-133.15	-146.37	109.73	86.22	-67.57	-92.30	-192.76	-68.74	
757.59	461.78	360.02	423.62	-306.40	45.03	-246.74	-167.85	-422.22	-412.54	-666.20	-750.17	-48.00	-765.94	-215.35	170.31	434.05	1183.33	-941.08	579.60	84.30	-624.60	-255.07	-52.24	153.92	809.60	689.44	530.27	589.46	613.43	289.83	-373.65	476.99	727.36	797.42	-500.66	241.59	299.16	-745.78	82.25	231.97	628.73	-246.87	16.13	-378.28	726.50	537.47	186.23	-103.36	-671.18	185.65	-917.32	-443.65	132.14	211.14	666.93	-996.54	183.56	274.28	821.65	1033.98	-444.97	-1393.17	-60.09	-723.49	-220.52	-764.29	-65.19	-49.23	760.47	755.03	-142.73	-134.09	738.79	-580.28	-294.60	-602.86	-346.16	-184.63	-69.53	436.06	-104.97	-515.16	697.49	761.67	-556.53	181.54	406.57	-447.18	-433.03	-377.18	48.60	631.86	-438.02	-31.39	-973.34	134.07	623.64	744.38	165.62	-374.70	-28.58	-261.74	191.55	-405.04	352.24	481.00	366.61	-51.70	213.19	172.25	154.65	213.28	279.05	394.11	60.62	-153.03	-524.58	-599.68	524.91	445.97	445.05	-548.52	41.35	223.70	862.35	-504.37	-936.57	-717.99	-111.17	-487.52	-317.62	1014.21	165.06	112.57	-3.13	348.40	-235.98	-705.69	-290.15	567.50	-241.98	-299.29	-202.57	-314.47	-253.83	818.75	-110.68	-561.63	1096.57	212.93	240.11	-56.26	194.50	-427.20	965.77	124.09	467.36	116.59	-223.58	15.59	-485.10	795.37	-123.90	76.28	21.25	-109.12	-550.54	-213.35	-275.93	-496.76	248.91	-255.47	-191.09	296.06	450.74	525.16	714.71	-435.56	98.11	25.31	-826.60	666.39	269.75	428.91	454.55	93.76	402.83	1051.97	-148.18	392.16	243.05	-225.74	136.54	-164.57	-134.16	397.31	-850.92	-150.70	-284.91	
269.44	-338.43	-416.68	-83.38	-587.53	98.89	841.20	-1002.44	-1004.12	444.92	-174.50	317.97	-441.99	488.74	-676.60	-263.61	-505.09	321.79	-468.89	-754.31	240.06	59.49	-314.27	555.25	388.82	-602.82	-771.54	-49.68	-389.44	-210.00	225.73	-260.42	97.86	-158.06	871.53	-128.94	387.59	-284.98	151.13	-63.02	628.28	1022.34	-856.07	-702.49	-46.94	699.44	-522.56	-137.89	174.85	159.87	-336.77	763.22	265.05	-91.55	-88.84	551.13	-205.83	262.62	1228.27	236.91	-51.98	138.48	-599.73	-440.57	-182.07	-237.93	-81.32	643.47	-148.93	-250.06	-352.65	-248.21	-403.35	410.39	-189.03	115.76	242.58	610.10	-129.69	-93.69	752.17	-350.95	729.86	396.02	-378.70	-518.55	231.57	-275.76	560.72	-181.47	369.54	451.05	423.74	-139.60	317.39	214.55	398.40	159.60	-445.72	188.49	224.10	417.45	290.83	-511.58	-511.52	254.63	160.76	-524.42	-83.19	1013.47	-1356.91	-598.54	1715.52	-259.64	-324.93	-681.30	-153.45	55.74	145.73	-4.10	304.12	-257.40	-4.78	-684.62	-355.46	239.09	379.91	-509.85	-316.09	-718.71	-111.83	-79.31	946.45	536.89	-110.44	-226.62	-107.42	436.76	-220.88	-632.27	1067.87	399.39	214.02	671.82	-400.55	-99.28	616.95	-437.32	59.87	117.97	882.62	-4.07	218.30	400.21	440.35	-698.44	-436.01	275.37	-152.64	615.64	273.90	495.91	537.52	-660.66	427.88	223.14	-599.32	-119.96	-570.70	781.14	-421.58	-55.34	-503.33	-789.53	1235.68	-482.52	-259.39	-42.97	-188.38	215.75	675.15	-142.77	142.42	-629.74	674.19	-815.04	-145.20	-239.51	96.60	422.34	-467.72	324.75	433.72	1012.01	-189.28	199.67	151.35	209.92	-52.89	-136.40	
-176.62	-1157.34	434.69	353.39	25.89	190.81	-374.39	139.60	-167.44	-576.71	574.27	435.14	170.58	120.67	75.24	105.91	-510.60	-553.09	-600.89	-928.92	-7.35	-295.17	-725.48	-75.65	-36.60	689.21	-519.13	-154.56	-757.32	544.89	-191.38	251.04	-218.49	307.42	203.44	19.02	217.22	-498.43	979.45	-479.90	30.67	248.92	-129.00	-250.53	-224.02	-286.23	-126.76	-1010.00	117.49	-180.36	-155.37	-138.83	68.63	-923.15	447.65	165.88	640.03	34.05	-136.89	-157.34	393.54	-87.40	-842.04	1063.35	447.25	33.44	189.31	138.71	9.09	-1.87	-84.45	-124.51	-425.98	291.85	486.98	109.70	62.54	-538.21	-78.58	245.45	189.47	-300.18	-775.31	-696.92	148.51	665.75	-804.20	-866.17	-199.61	-163.38	-277.63	-479.84	1040.47	301.97	686.11	769.56	-342.40	-660.90	-585.51	-509.73	171.31	56.60	-61.55	-55.35	36.03	350.88	-735.64	310.84	79.41	-116.28	123.77	158.53	524.12	59.85	-502.64	-101.81	848.56	-165.42	226.54	-657.97	573.03	-118.75	-514.42	109.00	-348.11	251.80	523.95	946.28	-647.15	-443.55	-482.85	249.58	-747.05	-20.48	-332.88	200.26	515.86	-228.83	496.86	-195.21	-411.90	540.38	-353.04	253.58	200.59	686.38	106.18	-563.89	-716.47	500.92	199.10	-304.23	-408.64	732.06	-170.91	44.64	-5.44	411.04	-71.57	-61.44	-45.52	664.97	41.45	-92.78	-218.68	-1117.81	324.32	-418.34	152.06	139.76	84.81	-536.96	-252.05	565.59	634.56	-158.83	477.80	58.13	-448.18	189.87	305.50	319.81	-279.63	-626.35	-567.95	175.44	-196.05	-1236.24	303.91	743.56	343.62	228.41	783.73	58.25	-29.83	147.20	-202.38	249.36	7.42	622.12	
572.58	-822.34	618.48	-212.72	375.02	-604.45	-185.65	-143.00	-300.93	536.88	147.15	27.38	-339.63	-556.58	19.90	-293.31	-534.88	62.89	667.32	39.15	-817.94	26.58	-852.91	-305.92	-302.21	-870.49	-464.11	262.20	232.76	109.91	-75.44	121.79	-869.71	552.15	576.94	-269.24	736.59	233.85	-703.18	-182.12	63.26	166.06	964.43	-256.60	34.74	-36.28	-209.56	-540.95	-292.72	-402.59	198.74	848.26	-577.42	788.58	-378.56	-320.13	381.10	-48.68	101.65	40.72	441.64	-255.02	-902.69	-73.56	-447.20	400.90	363.19	311.12	-2174.96	60.28	308.01	-128.13	618.21	-28.87	509.47	-278.85	293.53	-676.77	453.68	-139.77	139.77	330.05	-272.45	-615.79	-321.93	-105.66	-277.12	389.30	303.53	-171.41	-165.54	592.83	-1007.95	610.27	-566.46	-485.02	-179.23	-229.30	445.30	-621.39	-658.47	709.38	14.45	284.75	-167.92	422.16	-187.22	252.47	312.31	166.39	-455.25	405.87	19.39	-205.15	524.18	-764.36	340.54	588.23	699.25	-339.03	-274.39	-477.23	-234.04	-332.76	273.46	23.54	-28.65	708.53	539.22	-639.89	-203.61	-126.87	-688.30	558.67	-220.78	382.75	-287.68	-127.38	-1198.92	-360.59	571.11	-23.32	400.08	-51.30	423.66	-382.90	281.46	-560.98	257.40	280.85	427.82	89.39	52.95	278.52	562.22	-524.96	-97.66	220.23	-446.06	-81.81	172.18	372.27	169.67	-349.84	74.25	-181.60	-693.43	949.23	834.88	291.25	-931.19	-370.69	-450.11	-62.02	1018.30	-409.93	66.56	1408.18	415.96	31.21	225.19	-556.27	-453.54	-326.91	-58.54	-72.56	133.15	-487.58	315.53	822.16	137.39	460.55	680.41	-404.03	-90.43	-843.57	985.74	-260.59	-484.86	-300.44	
434.36	-475.69	-161.13	-168.09	-281.69	-263.34	-394.28	174.47	-31.60	161.41	-190.05	472.22	228.73	-647.21	57.98	593.57	-516.91	-237.63	-22.90	143.23	194.14	665.47	100.77	-98.51	-4.96	300.38	-138.98	221.66	100.65	-63.10	-190.23	-102.85	-47.77	541.79	-37.07	-559.68	-175.68	17.08	-65.74	-150.03	-62.17	500.25	-230.36	250.36	-661.38	481.13	275.30	-335.94	525.78	147.73	332.67	513.74	62.23	199.20	-601.22	-52.89	858.63	541.88	378.22	-263.95	-873.32	-587.07	-23.03	-203.95	-276.93	214.70	-197.02	1002.67	-296.24	427.98	61.90	-1.37	-578.39	-345.90	424.21	-106.35	54.44	13.53	-173.69	-757.05	908.43	634.21	-160.94	-457.02	411.34	-744.31	-211.26	110.69	-501.61	64.23	231.67	-345.03	444.38	-1099.23	-983.04	111.58	-310.61	291.67	-9.82	-886.38	-690.86	207.10	-212.17	18.57	-84.70	-282.93	-185.05	-469.66	485.46	-380.13	-432.31	-299.42	-953.16	-544.29	357.01	-42.92	-83.57	47.42	145.80	360.90	-101.35	-5.23	-534.18	477.64	58.89	-162.80	174.85	-629.01	-448.45	423.40	-716.17	-451.56	-469.64	978.36	896.32	394.58	647.09	-88.50	633.05	-350.13	906.81	-757.79	562.40	-149.18	179.64	-639.32	330.15	-429.32	-249.43	91.95	289.60	-356.99	-728.69	413.87	578.27	550.82	-398.11	-243.26	1007.89	276.90	-55.14	-403.53	231.72	77.85	-592.76	941.73	371.70	-632.65	5.10	426.89	-496.97	252.42	491.21	-485.21	75.90	272.00	-851.27	-130.49	514.73	-765.99	-336.86	-27.32	464.00	-400.93	-287.01	-998.34	-385.93	611.09	369.90	-290.76	234.10	302.60	662.82	-758.42	-502.56	646.86	105.02	-514.63	-1097.16	-179.98	
-148.40	-238.48	-201.04	91.63	225.10	397.52	300.26	89.80	81.82	-2.00	-301.90	851.78	514.60	-448.41	110.22	81.50	-76.65	-88.87	-658.68	-384.09	654.60	201.01	766.68	-640.79	497.21	-275.17	615.40	638.49	71.20	511.42	-794.16	-348.36	184.70	-812.10	-781.67	569.54	24.21	44.47	280.57	483.53	111.97	169.11	-78.32	485.73	58.80	117.53	596.32	-475.32	39.87	-1098.80	242.50	-467.28	828.91	-7.49	-845.97	175.75	318.46	139.59	-137.81	-121.88	-1077.73	-530.58	1073.82	-318.72	-589.57	28.32	-634.03	-13.26	275.21	-150.66	-490.40	332.93	89.76	-486.67	864.61	360.42	-34.06	-78.95	710.88	5.99	-435.11	-742.60	-1112.93	-433.70	191.98	763.93	1225.27	-281.79	626.95	336.00	177.79	701.34	223.86	-30.00	375.67	-250.82	177.08	-10.55	411.20	-247.05	-376.13	-683.16	-729.97	140.62	-186.17	18.21	597.34	594.63	236.59	153.51	-527.86	-677.87	-129.04	-31.35	552.72	-191.69	-254.61	1320.68	912.23	-97.49	473.21	94.10	216.27	42.26	2.43	712.02	628.11	-324.17	-172.17	433.03	-839.02	63.72	-778.40	-351.47	184.48	264.39	-853.97	592.06	609.17	41.80	-504.32	68.09	-828.01	-393.31	654.57	-14.71	-544.64	317.57	273.28	-888.34	-156.45	-312.87	252.39	245.62	93.16	298.52	-80.24	-521.00	998.58	-66.56	-819.93	459.40	127.86	-92.24	637.64	-579.54	-173.26	-43.94	232.95	382.54	-1101.05	507.40	548.45	-293.13	121.98	81.25	-963.51	-193.95	272.68	-294.40	-169.73	-85.76	114.82	876.00	-130.72	-740.79	-795.16	-52.22	274.34	304.37	-732.45	-149.19	304.96	-501.80	369.30	685.55	437.29	487.71	38.69	-320.56	
36.51	285.55	-669.65	215.38	41.59	-99.94	525.34	724.96	524.49	279.65	-21.60	26.22	-231.45	-204.77	-154.81	774.39	-544.32	-37.21	287.55	63.48	-271.39	631.89	378.77	-10.14	404.82	-427.89	-924.87	551.26	-369.86	-452.43	-54.42	-162.97	486.78	873.81	-211.47	807.08	-241.80	-463.60	-1055.21	-964.14	23.91	174.39	-44.17	-800.49	-191.97	-26.03	-1.67	200.03	-2.32	-15.56	-612.00	828.62	-202.61	-127.52	562.01	-602.03	79.13	-534.60	283.75	-1010.45	-476.34	594.18	-300.93	364.90	-151.29	102.18	-56.36	317.82	-122.27	-177.05	578.38	-382.22	1246.14	407.83	424.76	-834.45	205.93	-172.88	-235.78	-24.91	384.16	1020.74	147.26	277.45	683.16	48.76	-176.70	-164.05	144.69	116.12	-250.64	-112.54	-223.14	-23.99	187.34	315.14	-147.22	423.48	-362.36	404.74	-47.29	22.42	-82.40	18.04	690.33	-548.59	-381.21	365.91	741.65	-357.71	717.92	275.01	-232.72	294.83	168.54	-674.14	341.05	321.83	-285.90	491.74	560.99	265.16	853.27	-762.91	342.46	-162.08	100.95	-696.33	-375.10	-374.97	-608.04	-254.09	141.15	311.10	489.94	471.03	89.04	373.67	194.57	-71.66	-16.19	259.79	153.55	292.37	-772.76	-38.65	-118.45	-473.60	56.48	154.39	-7.20	-82.24	-675.25	-729.85	163.16	-439.27	-414.70	-771.46	-462.96	307.14	-264.61	-1317.83	-355.82	-291.15	-316.98	116.07	-315.65	-206.02	-179.44	-1.06	-137.17	-346.75	0.60	-771.71	338.38	-611.72	511.04	668.42	662.54	-55.33	698.46	-497.49	311.05	877.36	-145.45	-656.76	329.65	-389.79	582.43	148.34	-275.87	-678.08	366.25	-49.16	1070.23	48.38	-125.71	290.57	578.07	-108.41	
-338.50	101.05	472.54	91.28	-100.95	317.54	-67.66	211.64	707.80	-807.37	396.76	-145.96	1103.21	300.19	-599.50	96.41	-969.56	-687.25	-87.57	-632.02	-144.25	770.09	363.39	-10.53	-548.17	539.18	57.76	656.46	-42.24	-224.51	301.65	1074.12	-834.45	486.39	-514.38	-693.17	-261.70	344.93	551.87	-15.85	156.92	-1104.11	112.57	-252.45	-213.25	14.21	-28.16	-454.91	-362.84	774.60	-559.05	838.47	1008.77	-644.45	-204.38	77.37	1061.06	930.68	134.32	-745.49	24.48	535.20	-270.70	514.12	-82.96	-275.25	20.76	447.41	-623.46	163.01	128.09	-171.38	244.09	-859.38	180.77	-211.59	108.87	207.76	-180.04	196.23	-827.11	64.96	-504.36	83.93	-233.81	-245.55	-107.47	-544.15	-121.14	-141.92	831.15	-290.98	111.50	-697.88	-695.47	-544.59	614.86	-673.55	717.98	-611.36	212.36	495.83	-52.45	35.40	60.60	-591.30	-1060.96	-215.52	-461.61	625.00	-13.21	373.28	19.45	-796.45	573.05	886.92	324.26	-1112.37	20.78	346.90	-400.64	-608.23	574.60	155.54	170.93	237.06	141.20	181.93	-804.29	430.53	607.07	205.07	528.38	-133.92	22.12	36.36	109.59	-120.62	75.12	187.65	111.72	-1078.81	807.15	-974.57	-528.78	-108.76	197.88	279.77	-383.91	30.93	-132.36	-777.89	516.60	668.36	-422.38	-142.31	113.61	-12.82	210.46	103.17	426.35	-62.84	-1045.26	784.52	-428.34	-193.54	819.07	-574.18	418.61	552.26	-3.27	224.55	951.78	-165.12	-485.01	232.86	-38.49	-446.37	-258.49	369.88	120.15	1092.10	-98.75	-181.97	328.03	394.98	103.59	8.44	219.64	402.11	538.26	-588.97	-129.37	-610.78	-403.37	650.44	297.26	555.00	-446.32	228.03	
-45.57	-755.10	354.21	-390.58	-445.80	-525.91	-364.36	220.54	-6.94	-295.68	823.78	-310.70	482.17	-670.64	688.23	-404.15	450.11	-64.09	133.63	-495.00	-329.34	-143.94	699.39	-9.04	308.83	804.94	-789.37	-142.82	-255.03	285.51	113.35	241.24	-750.23	-161.24	-166.09	-109.81	-43.59	462.93	157.22	259.00	-313.26	-62.16	16.62	-214.36	303.51	-334.49	-1087.25	-908.20	-653.12	152.00	180.74	644.64	-146.45	-190.02	-743.83	-404.33	82.27	22.56	-377.85	-62.37	51.82	345.34	174.13	-390.19	609.61	224.86	-357.05	232.36	-419.70	644.08	397.91	726.49	-6.20	139.20	7.67	-97.26	402.70	-940.49	-142.98	-771.40	-34.01	183.48	205.45	-1030.45	-275.68	-290.82	273.08	-396.11	-812.62	-344.53	995.30	-91.33	-668.59	48.46	-482.68	-13.15	-386.48	202.88	-165.52	262.83	368.18	-965.54	-7.64	794.02	-81.70	424.28	-806.69	-58.73	-253.71	-1.98	-61.40	556.87	-241.27	-818.33	55.40	-297.74	345.18	190.88	638.47	-202.05	-14.17	299.64	77.79	310.68	-44.72	293.15	67.93	94.87	53.90	-505.11	505.63	-89.40	211.18	224.09	101.39	-98.69	729.34	1329.76	-87.05	312.97	781.76	-134.53	156.22	-789.89	657.31	-444.14	902.28	-463.34	526.07	-521.92	84.71	-745.32	-106.04	144.58	-196.42	148.30	-88.97	-466.04	-78.00	-527.08	237.78	-182.95	-155.95	-278.54	140.90	71.18	249.38	943.16	111.49	706.84	-405.66	437.49	-26.57	527.77	743.58	-555.71	-340.53	61.06	-95.50	-87.60	-120.76	-380.12	396.27	180.92	-304.18	-457.65	447.29	-586.87	-500.28	-180.53	484.36	15.68	375.02	344.02	-489.32	-207.44	-61.03	-36.19	-405.31	127.60	
485.40	-303.17	273.28	-411.42	377.58	-392.23	116.54	-538.45	-320.63	-241.79	-516.55	479.64	287.50	-117.29	-262.07	580.66	232.54	-470.78	-583.10	-468.14	436.02	185.67	49.82	-239.80	-287.47	660.15	350.91	4.98	-162.83	-99.75	-738.22	602.16	1204.28	-43.18	-732.76	-177.54	-831.13	888.98	-87.38	14.53	-42.13	-79.23	166.50	550.27	728.91	-229.76	-475.14	595.99	51.52	-137.99	-543.54	-176.60	-233.29	-204.52	-389.01	-30.42	295.55	-92.60	-420.38	-312.02	261.87	-479.68	598.80	686.70	528.11	424.47	931.21	-339.24	-521.04	-336.47	533.11	-204.03	78.20	248.04	-300.74	-368.15	688.62	686.01	-190.29	279.68	-413.76	-167.90	519.85	355.46	213.18	-481.52	86.17	-215.78	-605.90	-206.76	213.68	-210.07	-346.21	-1247.29	-913.93	120.23	374.81	-770.96	-156.87	-402.20	-623.22	-130.03	-332.96	-48.35	399.46	-721.68	-63.25	-28.17	-208.06	-92.72	-65.49	-92.28	-17.71	-757.33	-575.98	210.65	533.34	1165.28	201.73	-41.96	-512.66	-169.09	-102.19	-611.07	613.79	-509.01	-870.83	-361.64	-486.32	138.63	1241.52	115.72	149.14	199.09	548.79	-448.74	437.05	-131.94	515.37	-221.19	41.79	-531.50	902.75	1154.24	885.67	-131.94	458.53	173.15	787.19	219.24	-225.77	-400.74	-5.84	-138.28	602.95	481.89	5.12	383.01	1128.80	17.89	408.18	-556.56	-425.39	857.43	-397.52	-320.54	1231.96	-370.82	413.43	-290.56	508.60	262.26	833.89	20.13	-559.01	-74.44	-368.93	470.22	-477.33	224.51	-655.12	378.39	238.36	-337.45	-963.88	-190.48	-559.69	233.86	854.78	616.61	-535.57	298.95	418.43	-490.96	-37.20	4.41	-602.27	-851.69	-574.42	53.97	
39.68	475.41	649.09	-391.18	268.59	188.33	282.63	-585.12	615.21	638.73	294.73	-250.33	53.27	-42.20	-440.05	-628.06	197.83	17.78	-346.81	574.49	-274.25	93.19	-224.43	508.02	132.52	35.40	1015.07	-85.10	300.21	-216.38	-69.41	368.85	123.29	-440.11	704.72	-127.42	357.36	-1138.22	-636.96	207.03	-48.99	-182.26	-184.46	362.25	-80.54	124.46	-556.75	-381.92	-816.31	262.15	-301.02	-677.08	-158.38	503.02	-119.16	-73.42	248.03	234.08	-124.35	-205.19	-573.82	126.34	368.23	-686.69	318.20	-683.96	-304.65	-488.73	499.12	-107.70	-352.21	-707.53	278.31	598.13	-377.76	75.69	518.71	339.91	-194.13	-86.87	482.03	-98.28	-326.45	493.14	-171.97	-35.68	-128.55	-330.67	353.01	144.42	536.03	248.05	-346.08	-273.13	-178.72	458.13	904.63	231.04	-267.65	378.73	359.52	-635.11	-258.45	61.61	415.44	-361.51	-596.86	676.16	-307.53	-488.46	290.29	164.35	170.16	-87.97	-206.62	576.70	423.72	-427.07	-458.08	818.98	371.95	339.72	112.43	79.82	131.12	-167.78	36.71	502.83	-209.17	-116.25	529.80	-333.68	498.88	-646.70	-241.99	-607.23	586.20	584.11	-260.87	8.77	164.66	771.04	194.51	-334.60	121.41	-1308.90	-797.58	848.01	-42.31	-581.73	-705.89	-95.82	1119.34	-792.47	52.16	-84.96	108.61	-269.00	132.41	-121.00	-313.17	534.30	271.08	-396.90	-24.23	163.17	-210.76	1124.17	-94.32	175.65	369.15	-303.18	-566.47	617.51	311.23	-10.99	-166.60	-305.80	693.80	195.31	-297.56	451.04	-33.67	243.72	696.10	45.54	866.35	-625.32	-196.66	296.69	-84.67	179.49	-299.48	-240.59	242.85	-300.67	-676.37	366.99	1199.14	-21.72	
-862.83	-67.39	-203.30	-209.39	-556.50	-351.96	847.19	16.43	410.30	-452.35	-256.11	59.35	515.27	-628.15	-318.09	-280.58	838.30	-847.59	449.85	247.36	449.59	-178.86	831.90	-37.63	631.90	408.42	-163.53	-444.27	440.56	-358.87	-644.95	43.68	-245.52	505.09	-1070.56	-500.03	-77.69	133.89	29.07	-478.44	-173.84	-354.16	-326.41	-339.03	92.51	312.45	-464.23	691.54	-359.86	540.83	-418.19	-199.32	-312.60	255.21	-142.61	-178.34	-93.95	945.01	430.37	-55.22	-533.34	-507.35	-236.36	-172.37	-313.03	160.95	399.44	-153.15	302.46	699.81	316.83	731.32	-69.78	121.89	-191.85	350.27	-522.83	500.10	-239.62	7.85	32.19	256.61	96.41	363.21	264.48	-315.18	17.06	204.99	26.82	627.61	-54.37	-562.30	619.97	90.64	70.39	149.84	-858.13	165.66	-522.53	-416.56	367.61	-568.24	-20.70	-340.92	-511.31	-317.56	-17.10	-315.39	348.66	-382.83	-126.07	-233.95	548.99	-103.59	122.38	-592.45	-736.95	152.37	657.75	350.26	711.17	665.39	-196.75	192.04	-562.72	-18.15	-790.43	-565.27	-530.51	-12.35	-456.32	325.31	-212.60	-602.79	615.69	416.86	47.50	506.20	700.69	-31.74	-312.99	-555.12	377.58	216.48	601.53	74.03	130.07	603.34	239.55	-284.08	-13.75	704.30	-589.06	918.11	482.38	-244.71	234.44	290.60	795.05	378.28	-639.01	434.80	200.06	-221.15	-444.91	530.68	-26.64	123.10	-728.79	-244.93	-957.78	-319.82	-387.32	604.53	-348.42	259.92	454.04	-397.14	-754.08	-352.47	-220.32	-450.25	406.39	146.33	-89.86	392.93	-781.33	-473.19	518.23	390.76	-88.92	-312.04	-472.84	41.78	783.04	722.42	544.07	76.28	147.09	-563.93	
767.37	335.48	540.29	34.36	336.21	872.89	522.16	10.12	-500.20	-276.24	-362.72	-575.51	-290.06	-36.36	668.97	64.75	79.75	10.13	146.32	119.18	114.97	402.26	-355.70	-31.14	-101.55	-856.32	509.99	-1082.02	-607.60	317.12	252.50	-82.22	17.03	-714.63	-726.23	-132.23	-195.27	-561.32	-277.03	452.42	-323.83	88.86	-141.13	-503.39	-591.41	254.06	-340.49	47.90	-230.58	442.24	467.40	151.94	-357.36	396.85	79.27	329.74	-107.26	-220.44	81.08	-370.42	1087.75	471.58	47.81	229.00	-800.53	-338.92	280.18	-530.08	585.73	-758.23	343.60	306.44	-260.78	-715.01	-401.38	1076.89	-568.27	537.59	-454.46	307.72	-154.77	221.47	253.42	-454.06	-471.99	836.82	-677.86	592.51	-555.34	-947.57	355.14	478.79	984.24	-13.52	349.02	-26.68	-1017.70	320.14	9.63	-323.02	-66.05	726.13	-280.97	-40.90	570.14	-171.91	-11.45	-728.06	559.18	382.47	24.26	-35.86	-18.50	-81.53	33.26	323.74	538.67	-525.41	-372.56	378.04	-1316.84	-250.23	379.42	1257.18	517.86	165.50	261.69	674.50	-598.39	-225.87	944.57	-476.23	154.16	698.12	3.63	729.22	-276.07	-410.65	-601.76	-733.33	-68.04	17.39	-170.55	-152.88	-725.02	445.93	492.22	123.50	367.75	-874.74	679.74	-129.81	149.81	-152.08	604.31	428.65	74.65	-355.61	468.65	533.99	-168.05	17.10	29.99	553.79	1181.61	-702.94	-362.75	705.22	-143.54	226.00	133.33	-78.10	414.17	459.52	-55.12	-37.59	-431.38	-468.47	734.50	386.13	-278.44	37.08	95.37	87.53	-425.18	-293.19	-65.77	143.47	135.36	51.95	-234.28	-109.17	1019.91	-77.15	459.35	-57.94	-19.95	-132.54	43.88	272.60	
428.57	338.55	-191.35	544.09	188.12	-460.40	865.62	-52.46	-387.60	-129.75	-380.66	-228.08	1501.26	145.40	-110.61	-554.96	-535.97	-220.11	-440.00	-57.70	219.46	-96.75	295.23	411.64	158.14	-106.13	223.06	-387.65	-499.43	550.93	-626.99	-124.50	-546.22	211.64	-535.62	-621.79	478.88	-332.16	-395.26	158.76	789.82	-671.96	192.05	-646.46	-491.76	460.37	625.71	-345.35	158.32	493.55	-228.80	324.82	-904.83	-237.67	122.26	-264.82	-395.53	-267.75	-188.35	-866.00	-162.93	-1144.51	-181.47	124.20	-763.86	107.31	-712.46	426.59	-363.74	274.12	222.43	-32.69	-138.51	154.61	753.12	699.64	217.62	54.16	-626.94	474.29	537.17	-228.42	-178.82	-191.38	666.26	171.14	359.70	-391.83	407.50	-844.57	416.93	-157.10	-754.95	865.49	-28.68	-684.70	-1001.35	-711.59	-338.40	-183.73	121.23	99.48	1087.35	-737.95	273.24	494.63	149.85	263.84	873.29	-130.60	-507.55	-454.99	448.33	-192.24	348.95	502.06	337.19	-400.94	1311.08	-656.51	304.48	-3.80	326.55	-134.03	-238.94	62.29	-128.01	-456.33	-674.47	395.04	186.87	104.91	271.24	576.92	-393.35	270.52	-477.68	-533.62	-113.35	-313.67	-4.93	-95.47	61.11	535.44	439.58	-113.83	771.31	794.67	430.13	-577.34	72.45	-319.15	118.35	109.34	1454.34	-540.74	-55.06	-96.25	1433.83	-475.33	359.29	-488.21	393.57	-90.02	586.10	-728.95	-1253.02	-395.47	768.64	73.69	-225.57	745.92	222.55	700.46	211.26	-240.44	-92.78	-398.31	104.15	101.46	1764.20	149.57	263.50	-771.25	-36.54	-1011.53	-553.92	175.22	456.33	553.99	137.09	266.42	211.21	-420.41	515.54	710.67	37.10	273.80	137.33	299.69	
24.05	664.58	-498.34	-143.63	-625.37	384.32	30.07	-311.96	-432.55	178.38	692.62	49.36	-504.49	-737.34	42.70	201.07	354.99	-200.90	-125.81	-558.46	-246.99	-131.63	923.46	265.29	-714.93	542.62	761.22	-546.75	557.68	-173.78	147.45	-1221.99	-36.14	-762.43	-324.36	162.71	-405.26	507.72	831.55	526.46	-1152.12	-323.24	-306.13	-706.48	-710.31	-281.48	86.45	1004.54	-481.44	13.16	188.69	1041.92	819.58	278.99	435.48	-170.65	-1007.55	117.86	-458.43	400.68	624.24	642.69	468.65	-433.22	194.87	-66.94	-319.89	-159.22	659.69	798.32	578.01	85.57	789.46	652.74	-481.97	-48.53	677.03	481.25	168.15	167.26	588.25	1087.75	565.05	256.88	29.06	-256.88	416.17	32.88	-917.95	355.75	909.13	-257.97	122.30	185.19	114.64	-819.24	555.38	-55.42	-705.00	-122.86	-247.34	-552.47	-306.24	-78.43	-73.52	454.72	589.19	279.50	-281.10	119.54	329.77	516.83	76.61	760.41	-295.77	517.86	-69.10	-497.04	-208.93	295.12	426.16	-359.95	928.30	540.99	250.03	-101.41	1061.99	-7.10	480.71	85.14	319.65	-271.12	-119.28	121.34	-148.50	-43.80	98.88	661.46	-274.08	569.04	985.16	775.19	-872.00	-923.13	524.13	506.68	211.85	-152.86	-292.56	319.61	498.11	300.77	422.23	-418.43	418.11	157.77	-521.06	-179.42	-935.91	-184.55	-625.28	-374.51	45.40	-312.58	-41.83	1155.77	80.80	311.13	-397.28	626.89	284.43	-273.74	-294.49	-88.81	-990.98	800.71	304.88	-65.47	7.82	489.91	814.34	48.92	132.10	-13.17	-613.94	163.86	434.14	212.82	81.98	-748.32	760.54	-710.81	-188.04	784.46	271.33	514.97	394.96	537.30	231.63	-800.43	
278.32	325.83	-137.47	-506.48	117.13	327.23	605.41	-341.26	139.01	523.45	-642.79	-476.64	575.97	-331.97	-75.32	246.73	272.33	-93.38	54.84	126.30	562.23	-324.17	343.08	303.51	660.79	-79.02	-127.58	-762.44	178.17	279.93	-181.68	-314.11	-19.21	-353.36	-210.75	481.58	627.62	-208.66	1149.34	287.91	-271.62	-30.63	-295.97	-353.47	259.85	1141.88	-264.92	-65.90	-905.08	-93.65	607.78	-289.21	-667.63	-475.42	618.48	137.97	1074.20	8.99	812.00	-373.28	950.41	195.76	-326.63	-346.71	337.62	-1013.18	-48.75	-351.04	640.74	-688.83	338.87	-228.13	26.80	-731.80	-493.42	-66.48	-173.62	-200.17	-351.42	-615.88	629.52	-281.60	-1029.42	132.35	-562.74	229.23	-116.86	-583.73	-35.65	-287.19	271.70	201.21	-248.93	-55.47	208.20	-163.53	328.50	187.47	-267.45	-743.68	467.99	-380.28	-824.61	403.64	-12.75	291.63	155.57	-225.22	111.44	-57.82	556.11	556.23	305.64	-874.49	355.61	243.26	-978.34	-1013.29	-457.93	484.94	-739.11	-26.66	-146.97	606.75	-294.18	829.23	-408.84	-309.71	153.86	-79.32	1157.79	-108.68	341.77	547.69	121.34	-828.11	-551.33	675.20	-1210.71	617.79	-325.13	-889.26	-96.87	-728.62	758.15	-10.40	639.70	-124.75	215.90	565.10	281.40	540.49	325.17	-316.85	-369.49	-144.80	-275.06	-1019.90	-146.27	-96.76	-361.54	138.17	297.42	107.97	1079.72	146.53	-207.65	837.43	-882.33	-44.45	38.97	-887.37	-396.97	561.10	428.31	-453.90	572.44	27.81	-257.03	373.40	-174.61	132.39	347.47	-117.53	433.98	-366.29	274.87	-67.78	58.32	108.30	-478.05	385.11	-557.27	614.74	81.59	-131.46	483.29	-48.12	520.07	-131.86	
-129.08	-503.60	-490.11	-301.25	-151.87	104.60	-427.72	492.31	785.35	-277.39	-635.58	60.52	433.12	-642.24	720.34	849.86	498.93	128.05	286.91	-442.14	66.64	-236.08	-385.74	-633.84	-331.04	-4.40	-39.91	14.07	-203.08	-215.02	-779.68	-34.41	-432.94	-302.10	-540.55	277.17	138.04	-36.50	274.76	535.18	-197.99	242.02	559.63	441.51	138.80	-28.91	-263.78	424.17	-9.61	302.14	-215.07	89.29	124.81	-847.08	-89.30	153.71	1030.02	-321.06	324.24	41.34	-349.96	451.94	443.17	-571.18	24.02	172.21	-176.16	-2.08	40.81	-279.34	134.84	518.41	189.22	-46.13	136.66	-353.59	-50.44	203.08	451.17	816.17	-622.06	-282.36	386.40	74.57	402.92	425.93	-680.73	635.32	439.89	283.45	-335.67	-491.79	192.21	-1149.92	242.70	-754.99	-148.98	113.80	48.49	-485.24	185.38	71.30	-182.73	152.27	-174.78	509.63	294.62	-102.44	969.49	16.16	-307.27	373.54	-265.47	127.99	521.84	856.76	71.91	-257.88	-193.35	137.70	-539.65	-541.41	-220.46	-134.87	378.97	-122.04	-406.98	16.63	-66.07	-129.66	-91.64	-710.11	-304.89	-29.33	855.46	-201.64	-263.88	52.03	-101.37	291.56	460.01	-50.91	276.95	510.33	-569.01	-345.71	-590.63	-651.49	-162.71	-364.15	171.05	218.82	683.00	410.06	522.34	-255.52	318.93	193.45	-245.19	353.26	-205.85	-569.22	-677.08	-14.85	-207.05	-429.77	-110.87	1250.84	138.77	-1047.21	-426.97	-762.09	-354.08	21.16	617.97	386.93	-62.98	-352.81	544.17	-616.75	-500.34	187.05	-247.87	130.74	-735.27	697.99	-660.49	-633.14	82.50	246.64	-502.85	-665.43	1122.79	485.19	-528.60	-468.35	-189.49	191.68	703.94	515.83	
750.20	222.72	-141.04	397.97	294.58	-355.16	639.25	70.31	504.98	416.24	174.13	321.50	471.44	43.91	-227.86	28.80	-404.45	-520.84	-161.03	198.19	-86.07	-75.00	148.26	408.85	380.41	-297.70	256.95	-370.98	910.49	269.08	-221.30	-371.69	-279.45	800.22	370.36	-23.66	530.22	-412.55	137.37	-572.67	376.03	-169.00	331.44	425.31	-833.18	-52.93	327.75	-854.08	433.14	-50.07	98.26	-173.38	622.82	-301.22	395.22	31.67	276.94	408.01	-634.23	687.72	-330.43	249.73	-16.36	-254.88	312.06	83.55	-240.14	127.35	-630.43	-38.26	336.27	-324.32	-204.01	-292.02	-662.54	372.94	-271.21	493.30	-114.86	215.50	-250.46	138.26	386.37	-298.88	-586.95	-492.48	579.64	59.03	493.84	-593.33	-101.00	-125.23	-337.42	-597.73	-705.21	200.18	589.45	-439.82	-901.01	968.66	925.44	251.94	-187.05	112.51	-318.54	-580.85	232.78	-727.91	-113.60	-487.46	625.37	737.50	-956.86	-480.99	-240.07	210.04	-480.06	-66.74	-515.74	-76.56	16.21	-32.37	-617.68	408.03	176.44	351.66	49.14	-131.46	-109.64	287.79	-26.78	-46.47	70.35	-58.57	-85.49	-206.10	553.90	-378.00	-223.16	60.67	644.30	504.20	572.56	-34.43	-960.69	282.51	-377.38	954.94	-599.63	-62.96	20.76	-341.00	17.16	303.28	352.03	-116.22	-497.30	-114.26	502.75	-107.45	390.61	518.94	637.48	212.44	297.37	220.84	543.00	14.41	-816.74	-402.46	46.30	251.14	258.95	470.09	-231.93	457.36	-248.23	-805.48	139.29	-121.10	118.54	276.60	330.68	-198.11	207.94	50.89	-86.32	5.78	-107.07	10.22	-109.28	272.48	-415.94	161.26	-174.80	352.85	-226.52	754.75	67.11	-462.54	
-565.69	-468.80	-645.64	-445.78	271.92	247.69	-87.10	-673.95	31.17	-757.90	-1361.95	55.01	-395.34	-294.57	180.68	-82.97	-147.45	-93.90	56.16	-815.46	-50.45	-63.44	338.65	-64.59	165.48	81.91	172.37	116.05	69.34	-228.85	-316.98	-556.50	530.41	298.81	-33.71	-95.66	164.89	553.30	215.09	-492.65	-10.24	-713.27	-276.25	305.53	296.96	298.43	-891.44	214.97	-733.61	-390.25	-296.07	873.24	221.13	58.70	-314.91	205.93	-439.57	617.05	123.31	433.80	339.68	160.74	477.36	268.07	-129.85	184.93	-294.58	195.11	-372.43	-162.75	267.06	246.69	-240.47	569.86	-83.17	-442.78	185.03	390.91	-393.55	200.55	513.49	-307.48	722.38	123.30	332.33	857.72	-24.79	-369.45	-259.48	-168.91	-81.21	-437.51	-185.25	-428.94	272.26	314.30	803.57	-53.94	427.12	-451.68	460.72	817.90	-711.75	-508.51	-198.27	449.72	368.70	357.72	-370.77	522.62	-243.96	-430.87	168.33	-447.73	247.86	387.48	457.30	796.96	432.99	-258.23	-148.06	-323.74	-197.44	196.85	-343.99	-592.20	124.74	297.58	90.72	130.06	771.27	120.43	157.54	-669.31	-1047.91	-199.85	311.74	717.85	-748.76	314.48	86.47	-42.87	401.12	238.91	965.95	313.32	-394.70	-467.68	192.46	512.11	-321.32	-65.27	307.75	994.97	1215.10	162.55	-556.43	-233.19	-205.72	588.14	907.02	534.35	460.37	715.82	-440.46	-24.72	180.80	86.57	-14.06	-209.19	299.02	-38.52	434.90	147.31	367.12	-478.84	772.51	-155.25	-245.39	648.39	533.90	564.91	109.09	-84.92	313.40	543.79	439.11	613.44	300.87	1084.29	-384.23	-184.42	64.93	-118.92	-508.65	421.36	-837.36	-293.41	-173.01	-159.68	
708.43	223.54	492.60	-675.29	426.10	75.43	510.43	-78.12	281.72	459.38	-443.52	190.65	-3.53	-426.67	-876.46	203.22	-397.56	239.55	-374.27	-652.62	584.64	-537.17	-65.47	371.02	-1011.25	266.36	1257.29	49.84	-258.50	-50.62	-435.87	-291.30	340.43	-178.68	-342.98	488.21	-148.87	170.03	819.31	659.47	-60.13	321.84	-452.08	832.08	591.83	267.38	62.09	-54.95	-614.03	216.47	736.85	555.50	-788.01	-559.94	57.06	89.44	-125.05	279.28	-180.94	369.44	364.14	-1182.79	-408.22	406.98	-283.76	-222.49	165.53	-77.02	-97.16	639.44	-303.86	270.49	-120.83	527.67	-148.42	-28.41	-578.15	-44.47	-550.96	-819.31	266.22	265.11	566.26	-226.54	-282.43	53.01	-5.78	-206.41	418.12	-357.58	202.06	-741.29	99.83	-577.97	-935.74	-145.96	385.34	-47.39	-78.71	-206.19	-660.88	575.69	107.97	-214.71	336.71	91.22	73.55	-608.76	428.55	357.53	-415.67	-40.30	-152.82	-201.55	-9.58	359.26	391.25	206.29	-234.43	584.52	139.58	-286.25	313.73	335.26	-732.45	-114.08	142.94	795.82	-107.79	-212.80	-121.69	-183.82	458.86	292.50	502.36	429.52	-259.33	-844.11	289.63	195.76	240.53	87.56	-19.43	154.62	-61.29	957.00	19.36	695.46	127.56	793.46	574.76	-302.86	275.75	809.12	-359.12	-469.74	-133.03	178.85	-407.06	-344.55	-300.51	-216.22	312.73	309.65	194.22	10.14	939.30	-174.81	-79.41	-136.49	612.04	388.22	116.99	-490.32	-310.22	-308.48	-388.89	-716.88	-36.91	480.57	242.00	940.72	-191.31	34.16	-305.39	195.92	-460.90	-59.87	723.53	-357.37	-94.53	269.57	161.93	-10.39	-815.45	-316.94	91.01	-572.85	-59.75	-627.75	
-377.55	225.56	-866.40	818.07	-497.04	-61.05	-411.51	428.03	557.36	-336.29	-564.26	91.03	553.74	275.03	795.71	146.33	117.67	676.22	-322.30	-754.58	154.12	-209.20	53.90	4.72	387.54	201.13	441.06	-158.76	-658.90	-109.01	-462.59	-253.97	203.86	-77.43	26.52	441.08	-590.02	-43.35	705.51	-18.57	289.32	305.82	-19.95	-111.57	-45.10	-477.95	269.01	-749.96	204.62	-620.77	201.11	129.14	-412.59	416.73	-586.25	141.27	51.23	493.31	30.05	390.00	-399.35	-166.41	155.20	337.13	-176.35	1384.42	319.21	-578.65	267.00	-63.40	962.19	-94.93	-267.06	-423.18	-311.65	-379.80	47.21	1117.41	-191.45	-381.07	-736.67	122.00	564.37	582.40	-569.09	-558.48	-193.39	-490.74	1088.78	52.32	342.98	-863.37	-661.31	-44.54	101.53	249.66	247.33	426.73	-501.72	470.59	348.53	-796.93	1311.04	-1061.57	406.20	727.07	739.66	140.66	-93.17	816.59	1043.76	-550.58	625.49	113.67	-264.18	-52.91	-214.92	299.62	-464.08	-127.48	-297.38	-693.74	-430.86	-1243.89	770.31	417.90	-129.38	743.31	-260.02	114.77	550.36	271.49	313.02	0.62	48.68	-894.43	604.48	341.91	-410.68	-182.83	46.31	-275.15	119.05	-494.87	-203.46	528.96	27.13	-118.52	506.03	-396.53	-203.29	76.37	81.07	-737.59	200.89	222.35	31.41	338.47	-192.49	117.11	256.25	212.79	-350.19	204.54	-656.89	-82.47	-511.33	456.93	-477.10	-108.92	-348.78	582.77	-152.96	102.86	-43.86	415.37	371.10	623.87	637.00	-477.00	813.73	794.58	-43.98	275.96	-203.46	1.61	113.84	340.58	113.65	-651.57	-1347.93	-268.04	6.93	-619.87	-272.05	645.84	-422.67	-593.60	161.41	1010.10	
646.89	-255.74	1035.27	-399.84	22.90	306.19	-453.93	7.97	397.60	-163.39	258.10	38.60	361.78	-391.42	544.68	763.01	1065.81	-501.25	-622.66	-154.50	49.21	-146.04	-759.71	-1136.63	-380.72	-200.69	1025.10	-712.28	-478.56	-296.87	483.99	-113.48	-471.98	-534.69	-208.30	-52.86	-198.03	-56.53	526.57	-17.11	512.53	-212.58	344.63	-371.89	-209.69	-239.66	567.35	-129.22	879.34	533.56	-224.51	-395.70	116.97	443.25	-18.19	-633.40	-446.61	-196.01	-716.40	20.39	58.08	-12.74	314.99	-451.00	1207.89	185.73	606.06	-1107.03	126.49	-725.32	216.13	301.55	-474.05	-145.72	-369.25	-787.44	326.17	47.79	-100.54	-463.64	44.21	12.25	-144.42	58.85	-364.96	-24.49	-145.39	1005.25	-474.77	-233.20	-338.60	92.16	-552.39	-4.12	-1058.55	329.66	-161.07	1385.61	-209.92	-763.01	-271.92	139.86	662.42	207.92	-152.83	284.51	-201.46	-512.39	172.92	-149.17	37.74	313.91	-354.77	-425.15	-251.51	-771.71	415.83	-121.82	-104.11	72.21	-39.26	112.56	-206.49	-94.91	223.76	-195.22	231.27	673.23	-340.46	-131.73	428.96	-142.95	-348.80	-282.72	-222.79	-988.35	1359.79	952.13	121.76	-62.60	-757.05	417.27	16.11	191.25	-516.82	-335.58	-876.05	530.42	594.95	-197.57	-189.58	-309.69	31.61	-520.00	-249.42	-224.82	11.93	288.77	-57.20	528.28	14.06	-877.78	-13.69	-80.63	399.35	-160.72	-681.49	453.88	48.51	424.48	287.03	853.37	-488.65	-863.13	128.74	398.76	-412.01	-15.46	-244.39	-3.89	-546.14	-358.88	328.39	-86.91	468.27	-748.51	-316.43	-273.67	-1039.31	-922.46	-569.61	-144.66	152.95	551.78	-340.47	215.96	-266.98	143.69	-21.61	983.74	
-141.41	-238.15	-279.56	-45.60	-71.98	-58.70	16.58	205.57	-736.76	408.23	-996.34	218.06	-829.56	99.86	-816.13	-793.60	453.08	622.58	-195.68	-576.13	399.67	-367.20	-973.71	-584.71	-114.70	-746.01	191.39	536.51	271.31	686.96	419.05	197.57	644.06	195.98	-285.63	399.90	124.63	-199.33	-150.90	-646.89	168.64	6.67	462.04	276.23	-49.34	-715.84	444.93	254.92	339.85	-870.86	90.01	-94.02	-72.72	-499.30	-93.10	103.82	192.99	-697.94	257.82	-95.76	-655.90	317.61	-290.12	314.58	535.29	-138.35	91.50	294.92	-108.09	-450.40	-0.30	-129.91	-107.10	267.76	364.78	-44.77	-289.41	-44.11	132.60	-40.30	-72.17	-356.88	722.37	-337.98	-173.88	-176.47	383.23	105.12	16.65	-319.41	-696.52	-128.59	276.41	-177.28	216.88	497.88	98.03	24.35	-216.64	582.47	466.59	118.56	-431.35	742.93	-782.98	-140.48	784.94	-515.15	50.39	998.56	-457.28	-188.77	-195.56	-29.58	-105.09	-651.58	-123.42	305.07	-545.49	64.52	420.78	145.54	-880.83	0.18	-587.80	-640.15	-210.81	-624.84	-19.67	659.33	412.58	975.21	154.01	-65.34	-189.35	593.09	-627.89	-106.19	-426.61	-804.97	-163.63	730.63	-315.50	1017.49	-243.77	28.16	155.45	-659.11	-509.22	369.67	26.18	-163.68	519.68	1.34	-487.11	60.40	491.87	519.45	-1415.78	-319.08	211.20	-127.95	42.61	60.69	715.02	-842.21	-80.75	-133.41	528.14	-592.41	118.26	150.20	83.41	-136.98	455.89	-209.08	225.82	-112.88	183.10	-84.11	952.10	-98.01	-122.84	7.34	-290.53	351.88	-879.17	-167.50	-68.85	-62.85	-851.33	-1050.63	950.62	316.44	243.13	528.20	-80.25	-278.22	82.29	184.69	
-512.86	516.16	-534.71	-48.88	-509.82	-1207.75	861.72	369.32	187.69	-144.79	64.62	-607.70	562.14	-362.29	-63.66	413.16	-276.22	-119.18	-455.92	-826.94	474.88	675.40	810.32	349.26	-424.23	464.97	897.46	-253.40	177.41	-54.69	229.06	41.17	945.24	395.52	-363.14	-697.57	123.89	410.25	-92.96	-1041.29	404.82	-14.72	-435.62	-585.47	-157.55	871.70	-666.77	168.54	984.70	593.50	-566.03	-344.96	-857.72	-923.50	411.54	-161.14	-894.39	-599.94	1128.04	-471.28	-136.73	86.87	-325.98	-264.94	-101.12	-690.53	190.29	962.43	487.91	-527.95	-560.57	302.22	-1068.12	525.71	-159.87	-150.36	-484.62	656.79	-79.61	432.98	10.61	-282.47	51.96	-242.04	81.47	-370.49	-435.34	539.91	-610.36	-777.44	118.83	-224.70	975.26	377.94	74.65	-529.52	-795.15	431.37	71.23	-348.86	-13.43	882.44	296.51	121.57	922.71	179.62	-174.07	-317.52	789.74	352.82	-895.10	-494.70	108.12	211.04	321.96	407.09	334.81	-250.02	542.10	968.68	-91.79	157.03	154.92	-18.63	362.09	808.20	208.24	-638.74	-462.86	-516.27	1104.16	-140.30	-363.58	871.56	1.41	-417.85	340.50	123.74	-208.52	-343.56	783.17	-67.77	630.49	1475.03	-298.55	562.42	-2.97	-76.25	-78.08	-685.41	300.84	-494.38	-263.83	-235.46	345.77	175.42	22.79	-1173.36	444.29	-12.65	54.58	272.17	383.63	544.17	-278.55	-16.30	-267.86	-36.98	464.06	101.69	-218.99	-8.69	-268.54	-277.44	198.22	866.57	-834.62	-537.79	-424.32	-542.57	1300.23	360.46	-227.95	-448.75	-43.50	-876.15	-60.82	-245.31	81.29	319.27	190.36	-13.87	212.99	-263.24	564.63	-89.34	-26.82	619.04	790.60	-194.49	
-340.71	-397.43	10.50	-303.64	-140.01	24.81	395.64	-243.61	-78.06	632.81	442.31	217.80	-96.48	273.70	229.91	25.82	272.33	-443.06	-468.50	751.24	130.97	-128.03	224.20	-178.24	-621.70	771.04	-270.14	-390.34	188.58	-83.70	-35.31	260.64	234.49	870.10	-665.75	-214.76	486.18	528.00	-33.89	-550.83	-299.09	-177.55	-228.50	935.29	127.76	-100.29	619.92	444.12	547.25	-54.39	227.56	189.05	25.28	-14.06	1.12	-183.45	-87.33	-1234.46	-306.46	-222.46	269.72	-328.18	-56.08	66.08	-159.74	621.78	100.74	346.86	368.17	267.68	909.55	230.14	-459.85	184.02	-456.31	423.18	51.77	788.33	-399.59	22.32	414.46	454.96	-133.81	-331.35	-322.90	-495.60	-11.13	-112.55	-1041.87	-487.75	-413.39	-67.43	755.55	60.50	-757.19	-541.44	307.98	-1052.02	-589.37	-680.92	-209.76	345.17	-765.41	-124.65	-864.50	-747.99	-218.70	74.89	421.65	-133.88	421.11	-610.59	-295.29	682.82	539.46	-216.06	58.21	-254.99	294.26	479.67	-37.12	196.05	-46.89	-24.47	-330.66	-276.88	-967.43	-543.04	-231.17	989.40	426.63	370.16	-47.98	-133.66	735.21	-248.11	-234.99	489.56	-518.06	-808.58	-68.01	-389.75	-162.61	-117.99	494.51	321.98	34.61	254.73	117.68	-978.33	-629.14	614.67	-183.61	-199.12	-429.40	-243.99	116.31	469.24	740.34	669.61	127.90	-463.26	-95.71	256.79	665.43	1139.03	-767.85	228.93	98.81	-617.19	671.31	7.65	361.97	-183.49	-376.82	341.13	257.28	709.81	-39.06	-186.76	292.86	-1138.72	657.62	-761.57	-29.28	-58.53	-467.29	643.70	-979.12	230.74	211.95	1166.06	29.91	122.09	-443.42	160.02	242.24	54.22	-123.77	295.66	
378.88	-684.79	-289.32	-154.22	-569.95	145.31	35.03	-381.42	-1122.35	-74.24	-328.25	297.40	682.37	-321.63	-899.47	-185.27	302.74	607.83	826.51	-91.47	452.80	-107.74	-356.17	-718.44	290.11	444.34	-196.02	560.08	554.96	-204.33	55.03	17.21	482.02	268.05	114.83	938.55	359.00	347.85	-929.24	-309.96	113.85	942.53	195.76	30.81	-461.67	653.58	70.81	-693.85	-689.66	239.46	-17.03	42.58	-245.73	-292.00	196.21	369.19	951.25	1070.00	349.70	94.32	-282.15	-235.67	99.46	-648.07	282.71	-333.43	-226.25	141.54	-1031.56	-413.29	-492.53	-137.75	312.73	-724.36	524.37	280.84	-518.87	-927.00	30.57	155.09	-115.57	-145.56	-1218.91	77.37	-315.83	382.85	82.43	281.00	-578.32	60.66	522.74	-442.88	330.34	-701.44	267.13	-307.58	-696.01	1489.17	-307.03	-310.77	569.23	243.56	-121.69	140.45	-111.12	-807.23	279.49	71.14	-717.38	-272.11	-655.74	300.51	-679.28	-510.76	-803.00	-388.78	-643.88	-37.98	-659.50	-69.83	-89.93	-43.81	-614.23	-452.21	-108.42	-299.00	364.42	-476.28	97.68	532.67	-1074.53	63.99	342.94	-274.50	479.90	-202.58	202.76	-211.35	485.80	-2.81	-371.20	199.17	213.89	193.06	193.57	76.43	-486.60	340.40	84.10	562.54	336.84	-863.13	-832.23	1190.08	-426.84	86.35	86.90	619.61	-152.90	-446.45	470.43	-219.12	-5.50	-503.87	351.24	-449.55	40.84	222.99	-116.91	40.25	486.13	482.57	-190.10	-320.08	741.35	-85.74	279.61	-553.72	527.09	-337.62	488.22	-47.40	540.32	-535.63	-658.46	34.45	-308.72	-1043.33	-184.91	758.72	442.24	403.45	417.83	-465.59	304.02	-207.31	-366.10	918.54	-510.62	322.26	
-204.07	222.83	-809.56	480.08	-282.55	-27.64	-454.74	543.99	88.95	-290.35	200.05	1256.93	-189.54	105.11	61.20	260.06	43.02	83.89	-413.68	-1363.22	472.59	-237.47	-186.69	-613.73	452.44	-140.58	640.64	714.13	-723.02	164.63	1349.64	92.51	-273.84	-481.20	-447.92	450.44	758.91	-513.27	109.48	1083.06	-232.48	197.95	-431.86	271.18	-151.77	632.61	-325.59	-212.81	-488.22	-1214.10	-430.76	-378.42	215.67	-319.47	1157.76	563.44	178.25	-216.80	54.00	-319.78	-86.98	-325.90	-196.20	-112.46	-277.69	-610.17	-20.03	218.26	-120.83	-232.07	-105.27	116.32	111.97	656.02	750.28	-64.76	284.31	-663.44	215.20	5.06	728.39	-714.95	-28.78	799.75	370.62	12.61	555.02	-588.16	-332.88	663.29	-1019.73	526.70	-316.04	770.64	395.87	-342.41	700.24	-1384.51	-191.70	-286.06	-355.82	666.40	-704.19	-412.53	13.00	-380.37	-226.52	720.65	-44.72	-518.59	539.20	472.73	-217.80	164.33	279.68	511.39	29.25	61.40	-140.90	-21.35	487.29	-36.02	-382.41	20.25	-247.51	525.20	486.02	378.70	304.91	-294.19	-186.23	280.25	531.60	504.31	-34.80	676.31	-53.65	-664.44	198.10	-329.03	11.03	-188.05	-380.46	213.83	228.10	92.38	-127.29	928.21	-915.21	-155.61	-380.73	-816.53	351.67	223.58	-285.65	-215.49	-361.95	760.05	402.11	-255.43	-195.30	4.11	312.64	-884.22	-450.72	-191.49	402.98	-1095.65	867.43	-171.45	-657.06	-219.21	80.37	-377.38	-264.28	-331.07	-348.23	-217.62	-504.53	-245.51	-264.97	108.35	-221.76	-764.57	-73.81	-125.15	-576.34	-282.73	-479.44	-304.89	-41.57	36.59	419.51	-429.05	-418.50	-751.60	760.61	-220.54	-426.84	1151.27	
476.55	224.48	414.33	911.76	170.76	1237.73	-809.86	543.05	240.93	608.55	-289.09	-275.93	68.09	341.74	519.38	-213.82	-702.84	412.01	-375.93	488.58	-545.59	495.63	-0.09	-263.64	208.36	-392.92	320.05	334.88	-726.94	-363.59	-175.54	-208.03	-496.90	50.88	554.05	-203.48	393.42	-201.28	94.36	461.24	724.79	105.94	-192.59	-420.14	-584.58	465.03	254.79	-651.64	-280.94	-682.45	860.10	-165.69	1189.11	833.19	614.02	474.34	-484.79	727.08	125.99	638.79	863.99	383.35	-12.55	93.09	-387.13	985.10	-453.49	-670.53	-207.01	562.95	495.37	-432.61	356.53	-99.08	-187.58	164.74	-317.87	656.16	326.81	-140.01	112.46	100.33	-662.36	442.90	-196.70	516.05	-193.25	9.07	523.43	991.89	440.80	38.05	-346.78	87.04	-223.18	-641.09	-82.40	636.23	-323.74	719.11	54.04	-79.83	160.27	1022.53	-537.96	122.53	236.56	-508.16	-397.29	-475.69	-290.88	-282.09	622.88	-14.87	338.77	-608.63	-357.82	-659.23	-429.79	-344.42	228.91	544.24	247.77	-217.09	-541.56	139.37	-718.03	250.38	427.14	426.75	-155.44	-243.21	-492.76	89.83	-390.61	-198.10	336.85	695.98	-287.83	-646.12	-803.28	-43.67	-691.49	-194.56	183.06	-785.11	-328.76	-448.42	115.54	380.10	-13.04	481.24	202.40	692.51	377.76	793.78	195.27	431.32	-691.98	227.81	203.30	118.50	63.28	-101.14	437.42	-209.84	-269.51	945.56	-691.33	-476.90	138.60	237.12	-336.78	202.14	163.69	635.83	69.42	703.91	241.10	610.32	-577.64	-789.55	614.40	156.57	358.08	160.32	276.77	113.28	-106.59	109.37	263.60	25.26	-529.05	616.73	-151.74	325.05	196.72	283.75	613.86	-409.03	
-1.53	455.78	-369.76	151.52	-1044.74	485.11	505.04	42.72	518.07	-291.07	227.56	405.29	-16.17	361.61	-456.18	-269.81	185.08	-190.20	384.90	297.37	665.92	-444.05	-440.17	486.25	254.18	-117.47	-207.51	473.84	3.20	1035.93	898.26	214.92	-604.57	105.57	-207.16	438.91	-636.41	-377.17	34.95	-762.68	-190.78	-183.69	-463.12	21.59	40.26	-259.93	-3.19	-214.89	-92.03	-497.24	-447.92	323.06	-614.46	360.76	512.93	398.95	475.38	-352.87	359.52	-672.87	-276.43	-384.18	-621.43	-458.90	347.46	84.26	640.26	-246.02	507.13	122.65	-502.01	73.87	465.03	442.49	492.36	-585.48	-10.09	-735.32	333.67	300.95	134.41	-553.31	519.46	348.32	-425.50	647.66	-380.83	142.26	298.91	-430.81	-28.77	-430.32	317.52	540.40	745.84	256.60	109.15	469.73	385.86	-101.88	259.35	-268.48	-221.41	666.10	-425.87	247.20	28.44	16.11	-920.11	-29.71	279.66	177.22	-101.13	296.22	211.71	176.99	-114.70	-191.66	-390.82	-923.29	-135.79	27.45	103.72	-826.81	643.14	127.01	-782.08	-401.97	-409.59	5.37	-208.38	-206.18	72.36	268.52	6.58	201.78	-606.84	-764.81	401.19	-191.07	-382.44	-110.21	-276.81	406.18	-227.00	-122.88	237.60	-321.22	86.26	310.37	175.84	-396.42	-403.71	-344.19	-180.72	-112.59	-494.65	653.54	-634.93	-494.17	450.73	977.13	373.21	-997.24	275.07	-350.08	630.41	630.32	-182.09	90.29	88.47	-466.62	-128.46	-845.03	-218.89	-129.40	1007.57	314.82	343.74	-1003.87	-550.85	-108.11	190.17	-124.31	-729.04	539.18	-32.82	-924.61	200.61	227.88	-285.90	-500.61	238.75	1087.04	144.80	148.47	810.22	-103.71	-80.18	292.11	
-152.32	-233.44	100.02	361.41	-449.44	992.19	-517.37	-399.97	-235.24	-597.74	183.10	225.88	327.61	-153.80	-96.92	-223.95	147.19	219.63	-74.09	-228.33	-279.06	-369.67	-81.19	-553.75	283.29	947.10	644.07	725.87	493.93	664.80	1107.76	-240.69	347.37	-124.53	-68.91	306.40	383.39	878.31	42.68	21.46	-532.38	938.44	-1316.85	239.37	554.53	125.48	132.80	174.17	-769.41	-205.06	-368.75	186.91	-20.23	-305.21	-280.19	295.88	-438.21	450.14	601.64	-445.20	-114.47	-558.51	674.06	-124.73	38.92	-22.15	-439.83	582.22	320.95	-42.36	167.45	304.33	325.09	-408.73	702.91	-731.05	67.62	-338.14	-263.45	753.55	-39.35	561.96	-723.89	-229.12	391.66	115.69	638.71	-690.23	229.28	-379.22	464.54	-315.66	-22.34	-524.87	58.64	-402.21	200.45	650.64	215.59	-240.30	-695.14	195.93	-748.38	-468.13	-502.54	198.22	386.49	-16.15	134.53	208.35	164.03	-267.94	-389.18	-1154.60	1185.61	-234.64	-365.85	316.11	-671.04	-316.69	-2.84	-51.39	285.69	-161.60	-505.56	-19.00	338.10	-20.63	-302.83	453.53	-441.10	-298.76	107.39	-675.88	-389.80	-895.12	769.46	571.64	306.13	194.15	959.43	135.55	38.97	-167.04	1018.71	324.47	221.87	104.65	-105.17	238.87	-510.21	182.05	439.04	-354.68	-130.75	-448.91	-92.73	1011.77	-370.11	-619.91	101.47	-269.48	-114.51	509.97	-30.14	221.31	505.71	-127.19	465.19	211.87	-286.85	53.70	358.61	450.28	592.98	835.84	-209.79	451.34	-8.24	295.72	412.60	-474.22	-376.60	-240.99	541.35	-179.23	-100.96	-36.82	-410.80	160.86	-14.85	278.10	525.84	-49.70	-425.34	-28.83	-161.09	157.82	-1771.48	-569.09	
-494.14	377.88	-295.74	-316.93	182.39	392.36	645.67	-311.31	-641.15	254.87	457.62	247.03	72.11	-339.81	585.34	-557.04	208.95	414.70	809.10	470.33	-60.47	-256.63	-304.13	884.33	-146.58	-191.57	-881.13	184.55	51.20	-206.55	-206.21	-328.30	-351.00	799.40	-658.24	-158.21	-40.33	-224.46	-414.76	391.77	-69.89	511.47	-337.34	-150.00	-363.19	-240.75	-901.39	-320.84	371.12	-417.12	162.11	-657.88	-807.36	-263.87	327.59	580.62	357.10	-912.24	35.47	-155.75	314.54	-347.34	782.37	-609.47	227.24	652.40	-17.41	-302.74	430.72	156.58	-1081.54	-146.40	-321.12	651.96	182.30	-632.52	-240.17	-167.67	-1044.74	334.35	-363.25	788.95	224.06	100.08	-36.43	-339.89	-274.63	12.48	59.18	-594.48	795.27	-416.73	-445.08	59.96	517.08	183.07	-654.97	400.81	-151.46	152.86	734.92	478.58	917.62	-415.38	322.39	-207.09	-466.21	-759.15	1072.56	302.96	-204.98	-910.62	-1084.83	-33.67	431.29	-12.77	61.66	664.86	124.96	135.27	-650.15	919.65	418.51	-409.51	188.27	177.04	766.91	899.67	-585.83	-653.13	219.23	-108.90	-125.39	-93.84	-941.29	-197.14	-435.57	98.38	85.55	191.11	-131.08	-736.29	-390.93	-13.37	-875.80	263.23	-328.39	-223.63	308.56	-1037.11	834.20	299.66	-521.17	-649.60	179.26	513.10	-164.06	44.28	-426.00	721.00	-327.94	335.02	447.62	559.91	-86.55	-248.99	-416.39	740.40	-428.37	17.43	515.18	387.17	-604.63	265.82	-225.67	275.58	-772.92	346.77	307.93	-1029.51	16.62	449.08	222.25	228.64	-493.32	726.62	272.74	418.54	330.56	-354.12	170.50	438.76	209.09	869.23	890.11	-127.99	391.84	-52.13	-105.66	442.33	
359.88	54.72	-316.97	-648.25	-226.63	184.35	-365.77	-796.30	-410.03	-273.76	76.88	-210.27	251.64	165.76	675.57	562.97	-1373.86	-129.59	-509.85	-293.92	364.53	-381.18	309.30	15.19	-253.96	294.75	61.51	206.65	-692.21	-91.35	-929.05	-204.72	391.00	-452.78	36.80	-604.33	-169.95	289.97	545.28	-585.08	33.88	392.25	219.12	468.28	1.27	-309.53	-252.73	-597.55	499.69	101.22	-272.58	-222.19	673.51	-498.85	-60.67	-298.67	-255.32	-581.55	-302.30	310.86	-333.41	-242.84	-524.33	-62.33	-654.59	-238.05	361.50	437.27	313.72	-149.22	-197.10	-489.18	-597.45	223.12	320.14	15.12	-731.41	799.99	-718.74	440.71	-489.36	3.21	-629.11	-423.41	110.25	102.19	128.26	192.24	298.98	-511.67	-103.71	195.48	1274.69	357.02	425.16	-187.52	-380.42	47.89	-8.47	-586.32	444.45	-1174.28	-432.77	-209.74	197.60	753.11	505.81	155.12	380.14	74.31	343.00	-218.87	-585.49	-300.97	96.03	436.34	844.06	80.71	-890.55	-23.93	-379.11	382.36	41.54	204.86	271.11	501.74	388.74	-699.69	-426.17	286.95	-497.41	557.95	-171.82	775.20	-136.12	-1146.33	663.27	-363.53	351.44	649.93	510.93	-80.14	306.04	167.68	-981.45	-27.89	-15.67	50.75	114.40	-31.96	817.62	362.14	1052.55	-233.10	1624.63	43.62	-714.62	-1166.67	-253.81	68.65	-378.83	-808.51	-317.03	541.68	1719.97	-247.95	-531.77	-768.64	-339.52	516.93	85.16	1137.33	-354.67	-91.83	-436.82	642.07	-162.70	353.94	9.25	415.94	-879.43	-731.67	277.22	-123.08	184.39	-327.97	-257.63	389.49	-352.24	336.23	-549.73	-267.96	1019.06	-259.65	133.38	730.13	-833.25	245.59	453.10	-306.70	
270.72	-357.46	-282.98	-161.98	-74.22	-541.37	162.03	107.13	-381.70	-195.49	999.97	117.56	372.09	308.41	-8.20	88.57	-548.16	736.00	319.42	-314.01	805.70	56.89	143.33	-125.05	64.06	316.32	316.69	-1119.10	-274.13	-620.96	202.70	34.13	86.87	-35.18	-303.19	621.07	-893.37	232.88	-665.64	-480.01	829.90	505.83	-104.13	-24.42	-428.29	188.37	-461.77	-915.39	-177.41	894.37	-4.50	615.24	237.11	327.25	117.32	-212.20	-969.85	599.01	-239.15	37.65	202.60	-311.54	-124.59	-606.27	-136.15	580.20	540.61	243.26	244.49	-4.88	123.75	251.62	298.80	1053.14	-24.57	-172.26	-774.52	1084.62	-506.38	70.79	-51.97	148.77	-11.07	431.38	-486.19	-347.97	111.57	-309.43	-904.28	758.45	-28.49	799.86	219.63	-304.54	-45.73	-216.52	-347.58	1139.10	-303.05	927.23	1155.84	-212.01	-110.74	-178.39	610.49	-640.08	-437.31	322.89	-649.56	-732.66	792.56	-251.21	-277.17	311.45	-314.27	1389.09	828.66	326.91	-783.44	1136.83	-434.02	493.39	198.63	-78.65	248.45	-700.75	642.45	-540.61	-270.22	-249.46	226.09	-94.21	401.45	-618.60	99.70	482.00	1207.73	-468.46	262.56	-95.67	-77.32	572.83	122.05	-19.62	-417.73	-67.91	-1661.58	970.25	1076.93	-594.46	-155.90	-235.53	-879.97	317.25	43.27	236.14	-403.10	765.77	-63.40	222.97	674.90	-678.83	-541.03	-226.80	-58.67	-86.66	-134.55	-404.33	-658.32	391.47	342.86	-32.24	856.46	-105.39	89.72	-169.69	-236.80	-28.47	280.37	86.24	461.98	149.23	539.70	390.90	-294.70	-74.37	-539.26	-122.64	343.79	-118.37	335.62	-608.35	334.29	-59.08	-107.19	-356.53	-565.07	-663.53	-61.77	-60.26	
198.65	-359.69	-295.89	-858.77	-1036.32	-569.87	-655.54	-138.76	-823.55	-237.97	-356.96	-25.94	-797.95	215.93	1513.40	85.68	18.76	-518.55	631.64	-158.05	138.66	327.37	279.09	-96.79	-391.20	-1008.57	245.97	-961.74	788.79	481.86	-458.29	-1082.66	251.39	-216.14	-449.80	282.35	-311.79	358.27	-447.04	243.73	-264.84	963.78	615.38	7.70	-596.32	214.72	-234.09	552.10	381.68	46.21	-231.13	-489.07	-1210.94	512.60	-693.76	319.41	-351.21	371.32	177.16	763.22	-90.20	-766.90	410.40	922.82	78.53	-345.22	-114.88	-744.17	249.70	830.48	-515.58	263.02	46.88	90.38	-394.14	-98.92	-209.95	1259.49	-205.12	-622.53	-309.11	-467.71	975.71	16.44	-339.24	7.18	26.96	248.33	-438.06	50.91	456.51	237.99	847.34	329.54	676.42	-231.52	414.95	160.97	-286.05	-303.65	196.84	-957.34	-894.34	-375.77	-333.34	-63.81	237.20	791.07	21.98	-668.09	-0.61	401.47	212.11	352.26	177.58	188.77	404.04	-603.52	423.53	-237.02	-304.84	-353.35	-647.40	-98.13	417.53	249.15	123.85	13.74	-378.52	328.72	654.74	-848.53	-390.60	875.70	-191.14	-360.77	-806.94	-41.47	-298.22	947.67	569.48	273.66	661.33	202.97	378.97	196.14	136.97	-600.11	1185.42	237.91	-607.09	1124.37	-65.63	25.84	653.13	645.54	512.63	-683.93	583.30	-384.79	143.91	-488.79	490.85	-535.34	-157.70	-25.63	-483.68	437.32	144.87	-310.07	-664.95	433.64	-362.27	542.38	-108.39	381.81	153.83	120.40	-653.21	-308.25	460.76	-77.86	-70.58	-518.72	76.43	-669.85	331.46	-277.95	-143.88	-322.61	487.34	-335.33	-436.16	12.03	-30.24	-141.34	-625.69	-336.69	360.91	524.82	
-221.03	-55.55	-168.82	-49.04	528.90	619.15	808.81	62.76	-989.66	258.87	852.45	327.71	-22.09	-532.24	161.07	-357.19	491.79	692.64	834.28	589.22	-2.42	116.78	-430.29	-181.03	-32.25	951.45	606.99	-264.77	51.26	-162.65	-600.93	-525.43	24.19	-479.15	138.02	243.37	482.36	54.18	-396.96	882.14	101.07	180.17	-67.34	712.65	-517.14	-217.44	154.19	-663.47	437.41	420.38	161.66	-150.85	-295.41	-541.63	-73.42	95.30	-535.10	-7.28	424.95	472.27	163.29	25.72	-11.83	-252.86	453.70	289.35	-326.37	-712.14	95.11	396.69	199.95	-44.33	76.25	887.64	-258.73	124.37	339.11	198.95	-152.98	-495.55	454.66	610.01	-370.68	-162.30	-125.34	-732.39	-54.56	298.75	976.31	-221.45	32.72	-278.14	202.60	-1196.95	-86.43	154.40	-1471.47	194.43	377.69	936.00	145.92	519.41	615.58	-300.87	348.47	-251.40	-223.12	-836.44	442.34	486.96	-405.23	-75.78	-24.25	320.97	-531.57	483.93	112.85	846.41	-153.01	504.01	543.89	712.14	241.04	100.41	-396.42	-711.82	-97.77	-201.14	-383.09	-1054.56	-829.88	-987.44	260.72	-284.75	594.25	624.69	-56.28	-466.83	54.88	121.89	-163.63	726.32	-231.46	-90.99	-784.29	521.09	-881.09	446.67	-183.55	584.45	157.17	-361.38	273.10	476.67	491.63	680.94	254.86	-21.68	117.22	-323.42	-524.17	-567.76	-69.01	64.98	-255.86	-124.16	-192.57	368.12	529.00	-580.34	367.09	-254.35	275.58	-278.29	508.62	391.84	211.33	-642.03	-555.01	-764.13	-72.19	-383.21	738.32	-1011.33	-136.57	11.78	-123.39	-50.32	858.13	225.11	56.61	186.82	533.06	609.92	-852.41	-634.60	-505.65	-160.47	319.16	-23.21	
233.12	336.24	-31.06	-240.68	325.28	-505.03	-187.28	324.82	235.42	499.34	-220.14	-574.65	-334.91	-194.03	-82.52	157.14	-605.54	110.64	316.27	-402.56	-178.00	1038.46	-127.57	-124.71	-1571.88	-81.31	662.08	568.54	-65.07	-812.39	-263.58	84.86	23.19	348.79	573.23	-274.39	-66.58	-124.12	415.52	-484.72	-140.97	-267.40	601.35	857.11	-467.80	-528.00	-389.72	332.72	553.04	-232.22	240.17	681.77	362.64	-148.35	374.51	-679.96	259.82	-373.91	-927.02	-37.00	478.43	259.65	-290.84	586.08	984.86	153.19	474.76	812.05	612.79	-574.16	603.19	-134.48	-253.22	106.95	-590.93	265.94	319.20	-219.70	132.88	675.34	-512.34	1061.20	-275.24	-619.04	119.95	117.77	-657.97	-83.28	201.99	-126.58	-542.73	345.37	175.44	-967.88	-471.96	114.89	560.03	300.96	495.47	96.02	-732.83	1048.25	484.31	-121.13	722.77	635.36	278.89	304.02	-63.91	136.60	-42.79	-40.92	-243.02	598.64	395.27	-676.87	-66.09	-609.89	724.90	410.20	628.85	-372.53	572.79	-485.26	101.43	282.80	-229.11	119.96	-762.70	463.87	-373.20	134.68	-218.09	466.03	193.57	-818.26	608.23	-95.93	1090.63	-738.73	285.08	-762.47	560.25	-382.42	-116.41	-424.39	-792.36	-489.91	-436.91	704.70	12.47	-297.83	-37.76	667.40	36.62	-179.01	292.79	237.38	745.85	-477.74	-126.89	-731.47	-317.75	738.97	157.09	160.83	830.50	-869.53	817.81	-286.99	-855.87	-168.55	761.44	-40.74	-568.24	-44.04	-489.96	-844.52	69.48	27.70	942.16	35.31	118.98	-19.71	364.56	-52.07	-783.44	864.14	-520.30	-592.06	-539.71	-566.29	-152.09	-1003.91	-2.21	21.63	309.13	315.88	29.07	227.71	
-110.79	-629.50	-663.86	-39.58	73.03	140.23	552.98	-714.03	-814.80	175.43	-28.66	-372.67	205.74	275.57	-264.22	-710.24	-264.62	1011.66	667.19	385.68	-262.03	652.22	194.87	-281.22	-476.68	-387.46	16.48	579.16	527.41	-87.00	-691.47	158.08	-132.72	-205.55	-872.90	-371.56	481.96	-166.79	-17.36	275.49	33.84	20.85	-575.69	427.50	118.39	-331.72	476.55	739.21	374.73	94.74	-1095.77	-54.23	214.36	77.47	-995.95	-246.26	111.91	-99.65	67.50	154.67	315.37	-130.13	1300.49	276.26	-105.96	53.50	-154.07	-168.86	-923.90	417.00	-423.25	534.21	54.80	-144.85	69.84	195.32	-96.91	-37.20	-59.17	-678.95	334.39	-114.69	-122.97	-886.08	848.24	-399.58	201.89	408.59	661.16	688.47	906.48	-383.92	143.27	-96.28	289.84	273.98	-617.06	85.59	519.44	-27.70	666.85	635.46	442.55	148.21	371.48	357.59	18.25	412.95	741.71	238.82	-490.24	85.96	-386.65	-236.66	498.78	-205.35	-96.19	706.59	617.69	-338.57	-4.32	-537.20	807.77	87.12	-983.59	-804.00	-385.71	-225.88	-590.22	-140.64	-553.35	-216.75	618.69	138.29	-55.88	156.78	-360.97	447.55	237.20	461.43	-426.48	-555.67	164.46	233.47	345.19	466.47	-346.60	-707.46	-281.24	-331.52	-733.64	-34.58	157.08	-125.44	-275.50	1325.12	-51.46	-278.94	565.16	-113.69	-954.61	-318.14	-446.18	200.75	207.67	-2.27	-500.62	-579.89	491.94	-425.78	186.21	932.10	159.81	199.50	389.15	685.72	-745.17	772.36	667.75	467.90	-486.72	-164.25	-405.71	443.96	420.53	-415.88	30.28	146.53	-1188.75	-276.55	1021.47	547.37	-34.16	-188.00	415.74	455.51	-75.71	907.27	-324.41	423.71	
218.60	145.86	-659.96	-106.17	-28.11	-219.76	697.78	-438.49	-56.17	-90.02	-559.44	572.83	53.50	681.86	-501.47	315.06	479.69	-614.19	-188.48	116.73	-453.25	-520.00	-315.23	-123.84	-433.24	665.17	267.21	764.91	281.00	-645.19	21.39	-432.40	466.48	-456.63	-363.57	898.24	519.63	-31.53	-125.79	-954.14	-429.42	720.89	-432.77	246.77	-349.19	-27.97	-329.53	-771.41	61.79	522.11	-227.84	52.06	307.53	-79.82	-214.25	-622.57	378.78	62.98	-612.13	-121.66	-613.53	559.86	779.37	98.21	30.75	-166.81	167.45	347.75	-215.80	-660.11	-207.11	-270.72	-335.40	74.19	-1045.28	854.38	179.64	114.59	-449.31	-12.57	362.49	-381.17	86.67	849.47	369.71	555.71	1286.69	175.31	321.94	313.63	637.53	-630.46	493.94	-946.74	-250.87	-104.20	-148.01	24.35	-635.00	-46.23	42.54	-202.97	-9.56	-47.60	-206.18	738.14	130.59	148.69	-123.30	627.63	230.51	-328.34	442.53	-382.95	-756.43	292.05	454.09	-144.57	20.40	-636.12	687.39	-275.09	-69.55	-610.18	123.32	-39.74	-251.30	-440.67	-229.30	325.18	-1076.56	-176.48	-315.01	-531.50	-470.96	37.83	-280.84	-392.66	562.37	390.20	432.90	889.77	-104.42	-434.46	328.06	-272.88	333.96	-158.15	23.22	-106.96	479.68	-77.74	-296.47	437.69	532.89	-511.79	-108.51	-459.24	172.08	429.18	112.16	537.02	-221.64	-400.41	-855.12	703.91	251.23	140.54	-347.57	-264.28	288.45	-350.86	-281.21	-193.30	49.59	-604.98	1006.19	489.81	240.51	-443.98	-531.21	279.20	-504.21	347.81	759.40	418.75	602.45	-688.16	168.78	148.38	-230.13	-583.63	277.38	171.39	-567.65	665.23	-149.30	-45.55	1022.04	-337.66	
-724.89	-355.95	840.60	-107.98	796.26	-42.67	-863.87	128.34	377.64	-1608.22	500.65	309.92	72.60	628.92	-429.98	-1073.12	226.81	545.39	924.14	685.53	-687.17	-101.59	-435.94	-303.80	114.84	-435.75	374.81	1044.23	-1112.65	20.20	-623.79	-207.51	-113.89	353.04	-763.56	-361.24	-673.92	450.98	115.76	59.69	-123.30	106.25	559.39	-443.50	-210.79	517.19	51.91	546.57	-940.66	-483.37	-389.94	-143.50	625.48	-365.40	517.48	-574.49	-99.60	226.32	1231.79	224.39	-190.98	-377.66	-706.03	-224.00	694.95	-431.68	222.04	896.94	-145.99	-405.93	24.31	356.68	226.77	-492.59	-135.44	-320.29	-276.74	90.43	-398.56	-59.12	110.41	30.79	-294.78	252.88	520.95	116.58	-406.97	645.42	1019.87	-299.85	-59.87	-61.27	-30.89	334.66	247.11	843.33	-634.06	819.65	641.52	-122.03	-521.94	625.94	1061.86	697.25	-188.71	882.36	-362.14	-863.80	-479.53	157.94	-0.10	218.56	-472.94	4.14	-76.01	-344.70	181.88	-1009.76	-247.03	70.05	-58.23	-399.40	947.17	409.35	-163.32	-735.70	-387.95	-124.77	609.35	-440.54	-21.01	-512.14	124.55	338.28	-676.85	536.87	336.77	-223.12	72.35	-149.41	-1272.44	-1035.04	-8.70	-375.11	-288.23	168.59	534.58	809.05	85.68	360.98	-739.88	-550.97	-462.96	151.95	207.40	-268.24	-58.30	472.97	-516.90	-275.39	505.72	114.26	184.52	-595.01	-195.56	-130.56	431.95	-600.37	-135.69	-258.50	995.66	-1059.66	-78.59	-568.00	-649.07	-617.75	-433.65	-527.35	856.24	526.42	-50.88	-250.99	-484.95	-557.81	-98.73	27.66	-703.19	1491.79	265.34	394.99	-274.15	-706.09	415.71	-383.33	-266.76	124.55	-414.90	-404.69	248.01	-566.18	
-137.60	-580.41	496.73	206.96	-937.00	68.34	210.58	346.21	-391.45	267.60	-455.59	-598.11	45.19	-166.84	506.91	158.49	380.45	105.06	-553.16	970.18	-82.37	272.21	437.66	164.77	-525.51	732.76	154.29	766.66	-46.07	1027.78	7.55	-117.92	-37.94	-848.15	324.31	250.52	630.19	-570.76	-1195.72	841.67	-257.85	790.57	51.05	-1132.66	215.99	-444.32	328.43	-407.98	99.89	-300.86	-551.94	-1084.65	-208.76	170.35	-526.22	499.39	-166.14	746.78	396.36	-472.13	568.83	155.68	95.35	-313.00	296.75	-115.04	-789.64	736.08	-38.44	-161.79	-827.62	-454.91	-1075.01	174.55	586.01	-178.27	-102.46	-554.71	566.92	-392.45	969.01	-54.61	-570.20	769.81	168.98	-685.84	438.50	723.07	-208.45	-625.28	689.70	629.21	178.34	492.48	157.29	703.09	-967.32	334.44	-261.33	-694.51	-143.32	-520.40	1417.96	-268.06	-329.48	-98.02	-514.26	-234.26	-195.37	367.23	-153.21	50.56	-316.32	453.63	-441.63	-148.34	-296.82	-748.60	149.69	-94.77	135.28	480.43	406.66	-333.11	153.56	14.67	324.73	-647.42	282.62	395.26	-576.54	141.04	-674.75	-152.91	-415.02	-585.76	620.16	-107.10	112.59	181.93	706.56	506.67	166.07	-646.61	-43.56	-210.90	238.92	-127.59	-216.65	511.79	-825.58	44.07	-232.86	-291.48	-132.67	546.25	158.29	-668.92	-258.57	-79.09	-5.10	-92.66	-148.84	38.92	-735.84	-136.10	-450.15	280.06	61.68	253.01	-399.17	971.86	-570.98	-531.06	610.84	262.53	-586.29	-518.86	350.12	-34.78	-191.34	-138.91	309.19	620.17	-350.92	-381.24	691.86	-155.27	-541.03	-4.13	894.72	565.41	20.17	158.88	572.24	761.30	337.95	99.39	613.53	-446.72	
108.00	-942.97	134.52	89.29	-746.17	412.17	817.58	24.31	-722.29	735.09	-443.85	604.13	633.85	60.94	606.43	533.55	699.70	201.42	-918.01	-181.52	18.71	-903.70	542.53	110.49	-601.56	600.87	-581.52	-529.50	-182.00	-146.94	-153.02	775.99	706.87	-456.71	-227.45	295.62	-1162.01	-942.84	23.29	451.22	-172.11	275.89	4.47	228.02	541.72	244.64	589.60	-656.53	-110.93	201.38	668.02	-390.92	644.51	-426.95	-89.17	740.45	-1213.76	33.27	-441.86	-117.44	487.84	-256.51	-402.42	445.44	-191.41	173.55	428.94	-239.78	133.73	273.83	-320.81	3.63	-988.34	128.34	171.56	-181.01	29.73	-488.12	334.51	-76.16	-356.63	272.39	-465.80	328.30	-214.15	-378.01	96.74	-296.19	-384.51	22.43	-117.71	336.92	-259.03	393.22	-325.47	-518.31	-609.74	-10.91	384.17	-454.85	-670.22	-496.20	-374.43	137.62	-1332.75	-802.60	-408.57	246.98	914.27	18.83	-500.59	54.30	-154.87	901.56	-132.16	-838.20	-447.59	-148.96	-88.70	133.34	352.65	76.79	-16.12	-438.26	-236.01	400.64	-131.39	-481.89	210.29	322.95	-424.77	-194.47	-116.35	443.25	379.50	-525.23	-64.80	-0.77	360.79	-282.48	-493.09	-720.95	-761.24	-56.12	195.84	99.49	91.07	-102.00	-456.35	-259.44	-400.30	552.42	-191.56	26.16	-634.54	46.39	-53.17	-612.30	232.19	248.10	110.44	-391.21	333.31	243.95	-493.99	-517.44	642.32	-1189.88	-613.75	167.74	229.38	373.40	476.65	668.88	-300.48	1007.45	-57.62	368.06	257.62	-639.79	-62.33	-598.17	572.50	-770.54	-528.09	592.36	-5.01	-13.93	-379.85	368.74	375.75	-57.11	288.46	890.78	57.40	-420.62	972.79	-300.33	-84.52	554.18	
-534.26	631.68	449.37	-338.61	-51.26	-526.25	-194.08	25.33	-173.95	-445.78	-1059.85	-841.63	158.88	-356.07	-260.85	-116.79	-313.45	-405.30	553.45	276.43	-318.07	297.94	847.40	-623.83	-160.65	112.99	412.36	130.63	1207.57	253.48	19.13	-194.01	50.82	254.46	370.72	53.94	681.85	547.66	-239.57	-332.97	-481.98	-309.04	502.06	240.48	-219.69	272.82	-107.94	821.77	-220.88	146.79	-544.24	6.57	593.83	-256.65	-228.46	-356.23	60.50	437.03	-29.79	175.58	-130.12	-232.23	-25.36	-236.34	927.73	-403.13	-298.24	1175.90	524.06	411.00	-40.29	622.94	40.09	-309.77	-548.81	763.13	-707.42	-150.97	-183.71	465.98	518.95	-683.40	-234.89	8.88	-143.92	296.98	496.14	993.41	-139.76	1145.59	-594.80	-431.48	711.64	-79.43	144.80	-353.62	-18.04	-143.45	-261.78	206.61	1694.13	343.31	-846.14	-832.90	278.75	-282.76	26.38	930.89	-623.47	-1224.08	-111.73	-651.17	134.82	417.75	-162.17	214.90	454.91	-107.29	769.83	492.34	97.52	-811.33	13.96	275.01	-52.00	-290.70	375.05	-789.63	-573.91	517.53	-634.18	43.22	-119.40	-781.08	-289.29	-546.23	480.87	534.02	-33.00	116.52	-410.65	94.82	726.08	894.56	354.25	-55.53	-212.13	-39.56	-540.54	556.75	-746.99	-239.30	-153.53	576.65	488.04	1861.82	-337.98	-369.24	-438.76	-27.22	199.96	205.26	257.40	735.21	-37.06	-949.19	-188.44	855.85	-227.15	-373.53	-233.54	-189.84	259.77	1023.85	-715.79	341.50	79.97	-1042.86	-128.91	836.63	863.45	397.57	198.54	-349.31	-217.27	807.30	119.49	-538.70	1.70	-570.49	893.19	-348.24	578.36	-61.56	328.55	-505.81	-135.94	-199.98	86.67	-1278.00	
-737.44	397.29	-438.98	-674.83	522.57	41.44	147.65	498.92	-54.05	-377.96	-232.94	-1384.98	224.68	152.23	-574.10	217.82	-351.89	642.69	295.45	-85.19	377.85	710.60	-259.55	-493.16	-88.19	209.32	861.43	155.06	-186.09	-364.43	-604.52	231.19	789.07	235.93	-706.30	232.09	-531.77	570.94	-1149.86	-642.36	-260.22	446.47	538.35	636.92	-250.33	236.34	372.69	588.33	-240.15	215.00	667.54	399.75	-615.29	-149.48	882.71	-670.59	-673.19	-104.12	361.30	654.06	86.73	-155.64	-442.23	-618.16	337.40	393.34	292.54	37.07	-313.60	-544.70	-687.17	325.05	1067.05	-25.35	-741.39	520.16	-373.55	280.03	125.69	115.18	655.16	228.46	-275.03	213.25	206.36	137.55	-600.06	-2.74	659.35	-36.39	11.82	-63.43	367.03	375.13	-191.59	70.45	207.98	376.90	-382.18	1189.02	-409.27	-167.74	85.95	-36.27	-617.93	244.99	397.96	445.91	-31.32	613.42	153.94	-420.12	267.14	319.91	-830.87	-382.38	-156.09	-168.46	45.03	497.37	841.69	-210.63	-110.31	-177.97	-156.71	-49.08	-199.37	217.48	563.70	-468.20	-369.87	-184.11	670.74	-1057.46	675.14	315.59	-45.94	-52.28	-215.31	-48.73	-834.48	801.55	-556.99	-678.71	871.73	-22.71	-321.34	-472.82	552.56	303.16	-648.03	297.33	-808.11	390.52	814.64	576.62	-11.56	1326.31	-719.91	-642.91	276.86	716.10	162.66	-568.26	-270.95	766.46	251.62	-94.98	30.93	-325.31	182.44	-648.68	526.11	94.59	268.11	-31.00	-333.78	-218.30	1000.61	511.87	836.49	-233.69	125.79	-106.39	-471.17	1.57	105.22	-121.21	-133.50	-147.16	32.63	-361.39	-116.09	443.61	-623.04	-674.99	-296.14	-137.58	-379.03	206.37	
-823.12	-679.64	232.61	-507.32	-1318.06	-547.14	96.56	380.49	-845.89	-562.65	-151.06	-538.11	312.31	290.38	-484.21	988.39	-318.34	151.03	-309.67	232.81	471.52	139.29	-292.16	128.12	634.72	859.85	-176.70	85.44	73.35	-996.16	-198.45	-310.02	580.75	-517.60	-547.95	-712.14	-864.93	1267.91	-345.94	411.55	54.98	-431.90	-457.52	-1210.80	-949.11	535.28	840.59	597.73	-572.58	381.76	-95.53	343.97	265.10	134.50	-501.76	152.85	194.04	1005.74	707.43	190.09	-98.25	568.57	-235.05	-473.27	-124.64	725.30	-558.53	-922.66	149.20	296.85	-182.26	106.30	719.34	593.15	-503.54	731.68	565.12	322.61	1009.32	-236.74	1022.90	241.35	612.52	430.17	589.13	146.31	65.01	1020.18	-258.89	-1064.19	-115.40	39.51	555.96	234.59	145.51	-179.74	86.83	-83.86	143.50	1170.10	303.46	-436.12	96.02	653.34	-631.09	-363.41	538.54	7.66	-755.22	149.43	0.25	-450.79	-79.13	-4.60	-454.26	-410.20	-637.76	-538.95	-196.71	-467.70	641.25	63.08	-738.13	-75.62	283.76	-752.89	-545.99	-453.66	235.75	61.60	-321.34	347.53	452.12	-60.36	564.12	42.95	-259.23	386.45	163.25	131.43	-129.66	767.48	58.77	-498.59	288.44	-1396.65	-439.09	-364.46	227.55	204.54	353.56	495.37	499.16	-79.95	415.32	429.90	-157.14	744.35	-298.33	517.19	95.91	886.94	-479.67	89.93	107.91	992.50	151.68	43.60	425.57	-294.25	73.41	-181.63	468.80	-231.61	-753.17	370.69	-841.22	409.75	122.90	158.86	831.26	671.16	899.40	-573.46	465.12	-207.62	358.62	-623.18	-213.14	-123.39	829.06	119.53	-160.78	659.47	-941.99	878.97	158.45	466.12	21.75	-16.43	
-379.41	-788.21	421.05	595.25	38.75	182.02	-817.01	387.19	-23.06	-1064.33	-1246.94	-482.12	859.03	201.42	130.65	-87.55	-259.31	-62.51	-184.85	115.67	-892.06	-606.67	-416.58	213.16	-590.84	178.71	46.55	-494.44	1086.79	-593.77	-349.17	357.32	-68.24	298.10	526.67	-688.66	-13.27	240.83	962.21	439.40	47.98	1017.57	160.65	994.96	-138.97	1432.21	13.66	-392.94	182.85	-0.21	1043.42	409.26	224.73	6.99	-399.65	-534.03	-239.26	-184.72	-920.98	-51.15	225.50	-964.95	640.44	512.55	-592.60	-215.65	-730.60	-309.20	-594.92	420.41	717.90	306.43	-111.95	-270.66	-770.71	45.78	770.43	-681.64	410.18	-905.05	430.67	679.49	-144.79	38.19	-183.63	109.70	197.53	1396.24	817.84	-132.78	413.10	-1682.65	235.43	-932.15	-762.00	151.85	-102.20	679.63	926.82	-56.81	-1186.69	291.60	296.54	460.06	-133.52	4.85	840.85	-260.07	207.59	129.52	-453.47	404.12	859.28	-1195.63	236.93	-311.47	405.83	-83.02	201.32	-184.81	-279.27	-129.26	-376.74	762.52	-264.25	302.52	-798.91	664.34	-170.43	465.99	42.27	-254.58	-745.05	403.48	-197.24	-421.27	-649.80	-16.92	-361.22	372.12	-268.96	-874.51	43.26	-569.53	809.97	33.57	400.71	-782.79	388.94	-363.54	602.06	-657.78	-735.59	1519.59	534.68	-330.01	489.69	-352.40	650.54	140.25	53.40	85.63	-149.35	345.01	485.27	157.81	835.40	-944.31	932.90	-276.22	415.63	125.45	356.47	1253.50	-214.69	323.56	-87.31	848.11	-83.15	-292.13	971.08	-650.89	-328.92	-1288.42	-434.12	-589.48	183.67	689.74	77.09	-514.64	554.03	-445.22	537.79	-1005.30	-993.00	-123.76	-316.85	-49.50	-395.24	-87.64	
-379.15	40.07	704.01	303.26	91.62	-208.52	-80.86	-146.01	396.61	-306.97	-310.57	193.37	79.17	460.76	-436.10	-157.03	325.99	-345.35	-495.47	-188.33	220.93	-776.09	-97.33	661.79	323.31	-661.81	553.23	256.83	-63.00	-357.51	-328.85	-548.38	-697.01	439.31	435.92	-805.04	-199.58	-629.71	7.27	398.43	221.41	-434.50	160.22	-860.07	-415.27	26.55	97.14	-393.84	-317.05	-769.84	711.43	54.49	-108.99	-324.36	-136.52	-195.13	-596.39	1259.62	312.32	28.74	-824.06	17.84	-1026.23	-18.78	-243.55	-147.16	4.50	-287.65	-529.84	-687.22	-82.73	-381.04	-469.13	24.07	744.97	-150.87	-37.60	419.76	347.93	-17.47	-135.91	363.75	-96.50	-280.49	266.20	647.18	-107.63	-15.49	611.13	-1000.44	-320.39	-8.62	-404.83	-701.39	860.57	165.92	90.92	251.21	-59.95	133.87	-429.25	378.16	280.16	216.70	-382.85	378.74	462.74	145.85	-291.71	264.70	-411.90	-291.60	629.79	-286.70	559.42	-777.46	-172.55	127.37	-605.26	-1224.67	687.86	-48.35	215.77	200.43	431.80	268.61	-432.22	324.99	119.35	-713.12	-1179.15	-107.71	7.54	-998.97	87.26	181.24	803.59	-577.39	-241.67	-724.14	221.17	577.51	683.56	273.57	-505.38	-509.50	105.09	1078.02	-477.63	286.13	268.56	-5.55	454.47	395.06	-484.88	54.09	-606.17	824.46	-483.47	699.83	585.83	-37.26	814.40	-414.54	-254.46	9.45	567.57	-126.15	778.35	-421.30	-315.75	-385.88	15.93	-1266.99	905.28	-409.40	-1314.73	-296.00	79.47	-22.40	755.15	-211.53	328.38	-128.22	-226.17	-30.60	-185.88	453.75	272.37	49.60	-745.34	-582.09	539.80	-516.04	97.85	445.16	119.20	-113.48	-152.92	-144.68	
-479.61	9.44	-122.83	-325.14	-320.65	-185.51	-498.07	-275.76	73.75	101.08	41.07	-486.23	-488.22	393.05	218.43	282.37	-63.86	598.25	-1185.30	-340.88	-9.42	-14.72	-284.39	-222.65	943.46	438.73	-428.82	-112.05	77.85	534.75	56.34	205.56	-198.13	-352.86	633.43	-287.84	-258.85	1497.99	-509.01	611.35	-585.87	735.38	362.64	354.80	43.14	-507.52	460.34	181.83	1144.19	-53.87	824.03	328.76	520.91	112.99	-46.15	-68.18	398.22	-217.96	-837.80	-75.29	-86.57	-105.84	195.61	850.06	-280.00	-505.12	236.00	513.37	-34.51	423.30	-422.04	454.33	-266.43	-431.71	-150.26	574.07	592.35	-40.97	-479.78	-176.35	-239.62	530.60	-82.08	896.01	-345.12	-274.93	636.23	470.38	-827.57	49.09	-819.50	-56.85	-1130.52	364.86	74.11	-492.48	303.02	-227.16	0.40	400.50	164.21	-916.65	-678.37	220.17	-435.20	518.27	288.85	496.90	-374.82	-699.13	1362.13	1089.04	455.18	200.57	-780.21	-672.01	-129.44	-614.19	251.55	-199.30	-670.66	412.45	-593.22	160.70	473.84	237.55	206.06	-258.77	948.14	-484.53	537.27	-705.38	853.01	113.54	-245.82	459.82	657.01	-302.59	1124.79	270.16	579.08	347.75	-714.98	-221.75	388.23	1293.83	493.13	-759.83	-102.66	491.27	-777.30	-288.91	658.02	-203.26	-421.47	266.89	-400.92	-449.60	-368.16	-784.21	694.39	246.72	88.18	-672.35	706.15	458.30	-505.19	3.15	-684.63	483.57	81.95	554.36	-1285.69	1044.00	-14.76	-68.94	61.70	260.29	81.60	902.52	-180.84	-1054.59	64.64	212.06	-540.36	-578.74	-523.28	-59.89	-707.26	412.24	-164.21	1266.91	653.90	380.55	-199.61	-645.87	-86.62	-602.65	-147.01	-2.39	
188.56	-223.96	146.11	-110.58	-535.74	-46.32	-445.94	84.93	340.10	-348.36	-148.84	-940.14	-254.70	93.56	-104.55	-233.96	248.02	537.84	-2.64	751.93	539.98	53.47	-513.67	44.82	-261.63	-273.43	-167.48	-627.43	598.68	-322.05	-84.13	-128.50	558.62	446.82	41.91	177.26	-150.13	-573.89	-87.28	-241.12	-2.00	-243.09	-385.27	-1.29	-583.52	471.89	-1054.97	-395.83	-337.04	-711.72	302.73	617.15	-42.67	-246.22	105.66	669.25	601.24	126.85	-1125.59	-162.43	-207.95	186.27	2.17	-706.84	559.06	-71.18	-108.95	-444.38	556.22	-246.35	-410.66	-290.86	225.50	340.23	217.11	429.04	42.61	148.62	-559.88	-1107.89	-76.72	-115.47	-233.84	824.90	-53.12	-965.80	454.11	-208.73	-136.85	-301.83	-649.20	-101.65	831.59	223.92	-523.71	552.04	-553.91	650.46	513.82	-763.39	-227.14	-390.16	-292.34	252.83	325.27	-45.67	-386.00	-494.94	-114.38	184.11	425.83	346.01	437.44	-387.97	-214.43	-102.46	371.68	266.41	-366.71	295.39	-286.74	375.45	-686.52	134.94	949.78	126.77	311.92	-325.70	-1378.45	-77.18	-922.71	711.21	-179.13	177.08	101.48	21.46	-286.35	-1351.33	-207.20	652.81	218.08	-1126.12	-839.14	-624.07	247.59	-313.16	-210.76	687.89	519.11	908.60	501.93	22.92	-311.02	446.79	-566.74	149.83	848.75	-223.85	39.56	-306.68	-33.51	-666.85	684.43	-486.69	-695.83	412.49	264.00	493.57	-661.30	-54.50	-272.34	339.75	229.56	154.46	-275.30	-1235.50	196.10	-449.63	-410.56	-1227.02	1.03	343.30	-711.24	-400.83	-873.69	-91.61	-505.34	957.56	750.93	-397.74	312.20	276.07	11.18	-934.12	-308.61	488.75	343.53	-121.64	902.46	806.38	
410.19	491.66	-632.14	-97.47	684.25	374.98	-429.19	-348.72	546.62	588.19	358.70	443.09	278.13	-410.54	-408.69	-425.87	-122.84	33.62	666.78	-303.66	272.80	812.86	462.84	-811.61	-207.21	-273.32	1306.52	343.72	-1316.27	-537.10	525.13	-727.53	479.35	-626.96	-244.35	287.03	529.54	292.25	-168.52	333.27	507.96	-195.47	160.51	103.32	-888.13	-631.66	88.42	23.82	167.42	-744.09	-91.67	544.38	-103.29	-457.39	-359.40	352.95	600.53	339.96	-340.41	269.97	-18.47	-382.83	73.59	-983.83	628.68	526.63	-323.73	-436.88	-1161.00	313.98	181.79	-941.84	564.70	714.29	-440.81	-253.70	73.93	279.92	540.53	-261.66	512.56	-236.94	-426.09	657.03	-190.15	5.66	344.43	-617.58	302.18	277.59	-217.70	510.11	-136.32	-1161.56	-468.62	116.29	991.66	0.55	-287.32	-265.28	-42.94	32.44	-636.53	-376.17	877.79	320.07	490.97	479.04	-403.51	315.27	-63.90	296.29	119.72	-335.12	15.45	598.63	113.09	229.46	-32.05	-71.38	87.90	-222.37	-970.73	547.28	325.86	-463.22	404.16	-865.85	602.07	-278.92	-373.78	-290.72	668.90	-504.78	241.88	964.22	-608.16	-309.54	-23.98	-254.47	158.89	-19.76	-218.00	-75.11	408.20	-753.34	-366.59	537.30	148.45	-323.01	-402.93	-335.23	27.13	-622.59	-198.08	265.44	-286.60	807.42	468.81	-298.09	598.66	435.51	381.70	-495.37	46.13	24.10	13.02	-47.31	-231.96	-47.52	-845.94	14.30	2.97	-170.37	703.88	-211.06	-439.47	-190.30	554.38	43.68	-122.79	-75.21	180.55	965.10	-87.19	-442.72	-215.78	-656.16	342.47	-123.97	-367.19	-182.93	-328.07	-568.59	-382.64	-832.75	167.88	-159.17	-691.98	263.18	
-771.67	506.94	-1098.91	139.79	-28.11	-259.36	174.55	-535.56	-315.85	210.35	-385.19	-184.64	154.04	580.15	109.18	181.94	191.27	-215.99	-370.75	107.75	-304.05	-370.51	469.81	342.89	-91.11	327.72	76.47	771.69	45.26	8.75	-187.56	-241.12	-82.82	221.50	557.36	634.57	338.82	-190.28	-710.09	-62.42	-1192.03	-152.94	854.49	552.61	-166.21	-41.47	-1152.07	493.44	-403.08	-285.13	159.82	260.72	-359.49	-207.48	982.18	-275.94	-444.22	436.28	-112.92	-838.31	4.78	75.46	-12.39	-797.94	-972.80	-373.63	137.51	549.50	-294.71	360.02	89.86	676.65	-230.04	413.88	889.66	-374.01	468.08	-309.38	-125.20	-48.91	880.52	452.11	404.92	177.24	1289.59	-152.35	26.88	-957.10	-214.85	344.93	-795.06	-787.51	-634.14	-357.93	798.23	-302.62	-55.15	119.88	257.22	121.50	-258.74	-1001.91	-786.59	-184.08	383.09	284.32	510.30	332.40	-573.24	-1093.91	-244.89	71.71	770.99	29.09	-331.28	-258.71	-460.58	599.43	-353.78	204.64	164.37	61.84	324.19	88.28	212.94	263.20	-16.41	-961.45	314.21	340.47	-500.03	-739.47	949.15	-526.10	899.61	301.99	346.97	-1211.55	-299.55	-52.85	788.00	-268.58	-240.82	1386.27	334.00	-304.44	372.67	378.06	220.85	665.71	58.23	-471.14	160.05	-79.45	273.84	785.14	144.66	542.67	-213.30	-254.74	-144.35	-697.50	-341.17	-917.27	-510.30	-867.80	-15.16	-824.47	24.43	-268.11	16.36	568.91	-508.00	536.45	-668.26	-225.39	394.46	-629.46	242.28	658.92	-146.55	182.05	-138.14	-476.67	-550.68	5.01	-62.11	426.67	362.47	-357.62	-826.78	-101.93	931.76	675.11	-1.26	-550.45	-128.35	-211.50	-192.51	-424.22	
43.37	549.24	-491.01	-683.77	563.07	600.40	-167.63	135.35	-232.27	-134.03	-35.14	303.46	-104.39	-236.97	54.29	101.60	-38.41	127.38	665.84	-262.48	806.08	-322.92	212.72	783.20	878.93	-514.26	-377.44	-447.70	-245.74	-689.61	272.28	-369.72	-181.29	-269.81	1386.53	240.13	-1418.72	836.80	475.75	-198.15	293.71	302.27	-191.53	-476.79	108.42	1229.80	-1057.44	-341.14	76.23	302.69	267.31	118.91	-286.57	-477.10	49.30	864.86	-456.20	950.57	1087.76	180.57	-56.79	-39.58	-498.94	-443.32	-454.98	-861.39	767.38	440.15	64.92	-212.48	-116.05	156.29	80.37	646.63	431.43	-562.86	-235.99	401.91	-582.44	460.70	-78.89	-596.99	-459.02	74.88	-483.41	-167.05	215.18	187.05	713.52	10.16	-335.14	-294.90	-240.04	-361.02	74.74	79.73	799.74	980.92	-474.28	817.33	181.73	-413.51	211.46	-68.73	532.70	347.34	-414.33	-691.69	-46.98	-158.71	-470.19	-22.33	1144.92	-145.88	-202.87	680.70	95.19	-118.76	-941.77	873.04	-750.91	81.95	75.89	-303.19	-0.95	162.55	-257.85	61.62	519.67	-868.93	28.28	-595.36	132.67	740.20	47.90	-205.01	207.48	-504.19	-179.18	356.80	299.80	27.69	421.80	-488.15	554.19	122.21	533.60	567.10	-123.16	413.89	817.10	-255.84	-150.93	-442.94	18.07	-394.24	-530.30	-184.65	-840.30	998.93	-521.07	395.57	44.53	-225.67	-732.66	232.17	415.55	667.90	-580.32	-130.36	-167.15	-869.35	-702.31	-129.15	748.45	-479.38	-474.56	-412.28	-698.88	133.68	717.71	576.22	132.60	405.04	-227.12	-72.67	-1000.28	-602.85	1164.55	439.43	-1207.92	61.71	1137.50	-757.21	108.56	-280.51	-42.19	-626.47	705.31	-317.88	
376.31	-633.08	-192.84	369.90	-319.46	-130.36	509.89	-103.32	-63.82	-434.30	-218.88	425.76	-47.74	374.10	-301.59	174.54	-482.35	537.09	-42.61	493.44	-354.73	-585.00	-45.24	-1118.49	-46.27	787.21	-168.77	-18.77	217.28	782.86	-432.20	185.30	-672.92	681.53	-212.50	1396.16	-395.44	-16.55	109.98	-739.02	-96.32	158.89	296.85	141.31	493.57	-16.96	716.60	-393.66	-436.40	-681.16	731.51	-527.21	286.61	1390.27	-646.04	-511.50	208.67	-206.84	302.10	523.07	365.62	-1114.28	-195.59	-258.11	772.89	-621.55	615.01	-431.50	-790.76	-223.50	550.37	-262.65	-329.34	-28.98	561.88	181.79	-100.00	-138.95	61.63	-991.14	387.82	-127.03	-125.49	-195.87	-152.66	192.55	-782.54	157.55	157.94	266.28	156.21	-977.61	-115.62	514.55	159.79	210.04	204.76	649.28	-192.05	-735.23	234.92	-162.89	-709.87	923.15	-353.77	-223.70	58.47	-350.95	-197.30	42.14	-18.21	209.19	-410.62	148.27	52.91	-753.22	-645.55	-728.08	-307.22	-66.61	942.01	567.32	64.12	-358.05	658.10	132.35	-720.75	770.02	-408.80	419.09	391.40	-242.65	-644.34	1190.74	176.78	85.31	-150.32	260.02	1000.23	-554.75	-546.89	-689.86	-242.56	410.48	292.75	-234.42	-516.02	-145.70	279.68	8.43	-309.24	-41.36	-270.45	296.89	-492.86	-159.89	-453.89	-179.77	-33.84	-150.03	440.59	57.97	508.43	420.12	990.39	-394.58	250.73	-37.26	72.15	438.61	560.43	481.91	-306.70	141.65	-34.90	221.32	26.15	322.56	448.21	600.71	66.03	-655.57	630.97	-940.63	-513.52	401.07	-381.63	-402.21	248.40	472.99	398.68	128.46	752.88	463.40	391.55	332.80	156.07	-539.79	138.70	-880.45	
-273.94	150.43	224.99	136.53	-1179.09	-721.18	-31.98	-539.04	-504.42	-339.72	-154.44	348.67	886.14	187.42	-609.82	-712.15	149.81	-490.61	-797.35	-98.58	-1091.31	-258.69	-140.51	-176.51	517.57	425.28	-218.04	571.98	267.40	476.67	417.61	-1040.20	-559.42	-794.39	-527.77	641.18	101.42	-2.79	-60.15	-861.47	-191.44	158.87	-325.63	20.25	-581.16	-1250.48	-94.86	-103.73	354.10	-1419.78	-591.17	-696.58	122.27	-271.66	-728.13	-126.80	204.73	502.38	-935.64	299.93	-109.17	538.69	-14.33	396.93	-106.76	298.49	635.95	-351.50	-191.64	175.95	-756.78	178.69	-116.13	-135.25	272.99	685.98	477.40	-396.72	-174.47	-440.87	1153.98	-587.38	749.75	-394.72	633.59	-522.36	171.64	169.79	351.70	260.56	342.29	-28.83	-107.70	522.99	-362.18	131.86	22.18	-528.67	126.01	-114.85	80.46	355.10	356.85	462.21	-247.85	52.99	-186.29	-384.34	265.62	-255.05	380.82	-532.05	-55.96	-329.32	-310.94	680.90	-880.83	393.47	361.93	-639.76	-66.71	345.19	-718.40	582.60	-28.99	182.83	-977.31	-403.01	619.85	41.93	274.46	119.58	-164.07	-700.66	-239.50	-501.16	-121.07	320.35	-564.51	520.29	-88.02	81.58	-499.33	-443.90	627.93	226.63	1294.60	838.77	-151.52	-153.16	832.86	-705.19	-11.42	89.20	-223.01	-423.34	110.87	509.14	-232.85	269.21	-771.71	119.05	313.40	-459.18	641.16	-25.15	114.23	39.00	1175.92	-304.72	-67.59	11.77	373.74	315.27	-114.95	-801.43	374.27	400.16	5.90	614.44	212.78	208.54	-608.87	-456.84	-197.57	-56.36	77.83	-268.32	-625.61	85.68	-189.56	311.86	346.42	-833.87	1031.89	1064.33	187.80	-195.89	-304.54	-71.25	
90.52	-848.12	1021.25	650.28	-791.25	283.43	511.17	-193.64	-389.52	-261.43	-3.32	-224.15	440.59	762.36	507.42	184.90	52.79	-492.17	319.77	234.97	106.43	289.54	-100.55	30.20	262.90	-520.82	-440.12	481.93	519.77	-229.51	-215.63	-152.16	-366.63	555.30	93.22	348.62	-336.31	312.16	-333.05	-103.54	-240.30	299.43	450.59	-561.16	-272.17	-570.89	12.03	-539.87	103.40	207.60	-532.32	-38.50	-66.79	395.49	69.07	-298.04	401.04	213.36	252.35	206.72	240.74	631.35	-442.40	-677.04	142.38	160.47	-422.87	381.21	-542.66	-165.84	610.58	217.81	-802.51	274.22	78.97	351.40	64.42	942.83	-219.03	178.05	243.05	-57.05	-73.44	426.86	104.92	-1690.19	592.28	-121.99	849.24	-237.16	-753.09	-334.76	-11.73	36.77	262.89	-23.29	-186.91	175.32	-160.38	-406.57	-567.10	-3.33	1057.31	-54.46	351.72	239.51	-469.28	-287.69	-44.17	-634.82	-88.59	-229.23	630.79	-8.29	-65.60	-176.05	412.32	955.26	593.11	-783.51	-862.14	-172.86	221.18	64.86	199.38	56.79	-661.56	-719.99	-80.37	-386.85	-706.87	-891.48	-396.88	606.14	640.34	-65.10	858.39	-571.76	-643.06	159.40	757.56	-753.56	691.00	-297.00	-752.92	-171.43	-81.70	199.33	716.76	342.10	883.84	-624.59	-328.90	-307.43	240.92	242.91	68.21	-25.71	278.67	-704.22	202.15	79.89	-146.21	-160.85	-512.00	378.11	64.91	-622.10	15.70	688.61	-687.70	-152.41	266.72	-867.74	-456.84	-631.69	283.55	229.74	-80.51	-577.78	-298.79	-255.76	215.36	379.63	-245.53	-366.20	-832.22	-544.02	380.24	-217.01	-165.40	63.04	1066.94	96.74	-141.35	421.51	621.20	-357.62	-385.76	-199.09	
-431.40	267.11	-656.73	-200.67	-312.94	-252.72	-171.88	-997.20	-171.76	-721.08	721.31	-668.68	-267.00	35.02	414.79	-1130.61	-142.13	579.71	-602.64	-668.68	-284.21	-529.43	-704.85	319.72	393.69	-178.33	132.08	399.95	23.28	150.25	-172.21	-287.01	-261.19	-168.65	-137.15	-13.31	1046.96	139.76	123.25	71.03	-271.05	468.86	-110.46	-74.37	-281.07	-565.90	-78.32	391.49	675.85	-475.37	-38.58	-250.64	633.98	789.78	819.82	-35.28	537.94	990.11	-487.46	809.10	26.20	-532.59	-582.88	403.08	147.19	264.60	964.83	-880.48	187.63	1015.85	-296.83	-386.77	-284.97	-3.02	251.38	332.18	-26.82	87.64	-289.16	-1169.36	-290.16	-196.23	-570.24	-143.14	-229.72	-564.61	170.25	140.21	122.31	575.96	-355.76	408.72	-356.72	174.14	723.20	8.72	-38.91	-489.62	275.64	-245.37	828.70	-510.33	116.43	-1046.14	-86.07	523.12	-302.85	447.04	-173.68	149.26	1076.52	455.61	-1257.40	54.58	39.96	555.45	-324.76	-34.28	-231.05	-112.59	-801.54	15.28	-59.91	178.36	576.13	-96.48	595.86	595.53	123.97	-603.01	-159.83	-421.28	-298.35	-949.88	471.28	-346.31	637.43	426.75	-238.67	-482.80	631.09	134.46	-72.11	-283.56	300.98	-83.61	195.60	-84.71	-662.89	-277.15	-114.92	705.81	-159.09	-915.94	-101.53	67.83	-397.50	707.37	-245.95	96.78	246.05	-179.82	300.21	-915.29	-202.50	336.79	654.81	639.75	-179.40	-83.86	-475.61	-491.59	-214.90	475.23	-484.94	1206.11	-69.86	1261.56	220.02	-511.11	-809.42	-742.73	-291.32	339.22	779.07	306.92	-232.35	-862.51	-785.61	138.19	110.68	732.45	-629.99	-887.51	105.53	-155.79	-661.06	34.47	16.78	59.66	
-254.80	926.35	-1100.38	252.19	358.93	-612.59	720.63	314.10	-424.54	-164.91	392.30	293.81	182.65	-364.99	-206.41	-337.99	-9.05	314.25	-1588.73	449.71	136.65	-302.85	-382.29	1242.12	-93.31	-141.19	-367.59	840.31	391.52	-340.42	563.86	571.39	154.05	721.72	-448.02	576.19	-156.67	-482.77	123.77	667.47	340.23	876.15	28.32	585.21	643.29	699.16	-548.17	995.65	795.13	-245.37	-312.87	-645.63	344.06	195.91	400.09	-76.03	203.64	-112.91	81.83	59.08	-454.57	437.84	-141.27	310.88	836.06	-133.56	71.02	393.23	416.70	-147.80	-715.22	-938.84	307.23	-370.06	362.44	103.62	11.33	-237.02	132.79	284.80	-260.07	-289.99	-1166.65	682.38	-200.81	-153.79	445.66	-281.60	-191.58	108.21	-553.05	255.36	545.25	-255.07	174.65	182.08	580.62	-723.61	-548.33	229.38	492.06	-135.85	622.61	-82.66	-503.63	-705.42	-425.96	614.52	-276.97	291.19	545.95	30.12	154.76	14.50	-738.23	241.00	-946.27	-386.78	-597.95	694.81	-245.98	509.08	228.18	576.39	262.14	1214.79	47.05	-562.52	-233.88	1253.38	-293.26	378.15	510.86	288.02	-260.13	556.42	-299.86	555.78	730.24	-403.80	352.53	275.65	-112.78	-421.03	213.95	257.75	597.15	561.81	-442.16	67.52	-602.52	-396.19	57.56	-506.47	-343.50	450.89	-483.16	804.16	196.27	50.78	-251.74	-1095.38	-483.31	-292.66	41.51	-402.18	-76.77	138.44	-1425.08	833.72	446.80	-128.18	14.06	-179.89	-271.85	99.27	-195.02	378.58	-526.52	-541.24	-695.76	-416.50	48.85	911.23	-268.19	-562.67	-871.27	-94.19	-41.67	-599.79	-340.72	-220.46	285.90	-110.87	250.76	-40.45	826.84	580.14	-30.82	142.89	
-175.10	421.52	417.78	39.26	-192.35	19.46	74.02	299.71	-381.55	1086.03	120.53	-571.71	-528.50	75.55	290.40	637.49	23.85	527.04	-433.56	5.59	258.85	-272.84	593.95	-212.80	-843.95	-349.17	72.23	-150.05	141.63	208.57	164.17	-434.88	1018.55	-482.67	-493.64	-634.96	21.38	-220.39	-255.17	-155.83	-254.62	-222.52	173.77	645.42	-495.32	-784.71	141.06	-71.78	-240.46	-21.33	-81.49	-505.47	127.43	0.59	394.03	826.91	252.74	-690.88	-228.56	631.43	-89.79	284.31	-582.18	-599.42	-577.95	-381.51	-612.74	-250.45	-145.57	831.71	785.01	-996.61	-456.05	-348.88	110.56	496.17	59.91	134.61	16.51	63.13	-455.05	438.34	694.27	-45.50	47.23	-750.94	-268.21	204.72	-449.30	-505.89	556.35	-429.73	23.21	206.95	-64.30	-215.20	-429.36	-475.98	-42.01	-123.32	-171.19	-9.16	-513.21	-498.83	180.47	-281.00	-751.71	617.09	1.67	460.61	-100.04	64.24	751.61	-552.59	-852.19	438.36	151.97	510.00	-1087.73	278.97	-302.88	993.88	-520.39	179.24	233.98	238.06	-38.43	504.61	376.72	565.17	308.77	-496.49	185.15	-271.41	-141.44	-34.07	-332.61	317.10	-589.73	-348.17	586.38	-316.59	-22.22	372.31	-743.31	-196.31	993.85	303.63	-418.97	-91.05	72.03	-291.65	1201.15	296.60	62.52	-27.25	452.95	-100.93	840.04	432.05	-277.93	-15.34	207.28	511.09	387.91	-64.26	439.06	282.99	112.60	-150.36	-234.84	224.66	299.55	-299.97	56.11	-79.64	-218.31	-306.55	335.83	-570.66	-21.13	290.82	230.50	-88.53	-319.14	227.80	185.79	-39.61	29.94	-323.42	547.24	764.38	201.39	-241.54	-819.16	-335.49	426.86	-492.00	-146.20	543.35	
-390.55	307.47	54.34	-473.79	607.25	405.80	273.51	311.16	-901.67	-375.44	-159.28	9.25	49.17	229.49	-701.00	635.83	148.38	360.19	574.50	657.99	12.72	74.11	-181.44	169.82	357.25	-424.46	-338.62	143.52	100.24	-115.48	242.60	922.08	1006.36	-39.55	-508.51	136.84	-216.57	1216.43	752.62	-149.08	560.65	233.84	470.50	303.74	4.90	-111.81	-752.48	242.74	510.85	1380.85	29.61	875.84	269.49	-857.90	-113.74	-149.77	142.67	-544.15	-165.17	160.69	-325.65	942.54	81.39	-442.79	628.58	448.66	649.80	164.91	126.45	-38.27	-454.34	-61.18	-425.21	-101.07	0.33	171.97	135.44	-131.78	478.66	354.66	-83.60	-194.38	-674.75	917.51	-124.39	644.33	1020.00	-43.58	-898.11	546.86	-17.49	-102.97	-356.27	-391.12	-168.35	158.10	-238.55	542.19	-384.47	-441.42	290.03	260.22	-1015.28	104.77	-177.49	62.58	-348.17	-1063.78	-1153.15	-449.50	-579.05	-395.45	766.14	-784.88	-125.45	558.38	-142.71	488.97	278.25	850.92	-404.25	-216.59	-246.18	-726.66	519.48	-207.87	186.15	-193.49	-184.09	471.04	-830.77	-589.15	-525.39	497.97	67.83	-796.66	-648.48	283.29	129.36	-579.38	669.57	-206.21	-248.39	403.65	623.23	-371.76	197.49	291.97	358.63	645.35	137.84	293.79	451.12	-137.86	378.69	-301.53	-40.44	269.68	349.02	-14.68	466.74	-245.65	4.50	332.54	-1241.67	-283.12	-200.02	661.21	-975.56	21.29	389.89	239.56	484.39	342.95	-486.08	-1159.03	-619.03	283.73	102.95	-333.00	-195.36	1154.74	261.30	-531.93	217.32	-285.42	-353.32	251.56	1240.35	79.71	391.85	244.07	254.69	70.08	-629.10	-210.93	44.14	230.54	-737.62	-421.85	
-795.93	-267.13	-50.45	247.45	55.89	324.63	-186.65	446.67	122.06	410.70	977.52	-445.20	653.72	413.49	216.59	-970.25	4.03	-482.55	752.11	602.37	661.00	-773.79	330.13	-41.55	461.59	570.58	219.94	81.41	-780.90	131.14	280.67	-358.48	-249.71	-960.27	-409.77	184.41	774.47	176.07	-163.47	-435.91	-277.46	535.55	-965.36	14.85	-315.50	-152.62	473.21	149.13	200.10	-483.69	-98.74	-163.74	-107.65	-166.26	583.64	758.04	-907.89	-633.49	-147.31	-215.00	-191.63	171.70	569.36	-382.31	-677.64	698.56	-315.42	252.83	781.72	343.53	573.34	-12.47	663.21	704.03	606.04	216.63	994.89	187.94	-40.11	236.75	15.52	681.99	-400.14	-44.89	-543.90	398.15	49.51	-548.40	49.18	155.28	-177.99	288.65	11.95	948.34	-41.47	-180.88	-380.43	-3.99	-219.93	265.65	407.11	-360.61	-19.07	-178.32	-713.67	594.01	-1105.26	424.86	501.41	-150.34	607.31	-58.17	-329.94	192.39	140.76	334.30	-158.14	847.67	-380.11	121.85	-153.23	419.06	55.23	-323.56	390.62	-106.23	708.07	246.87	481.24	470.94	-681.83	450.42	-298.99	-534.25	197.92	719.26	-125.97	118.56	-58.64	447.59	153.00	-437.99	-84.84	-106.22	358.45	310.46	282.07	534.74	923.38	-799.67	-538.96	133.26	14.39	-421.01	-588.14	-680.11	641.87	747.82	-78.40	-42.12	-1034.97	501.62	-135.61	-455.19	-569.66	-286.90	-254.39	46.31	604.95	-298.66	-251.53	-161.49	907.49	76.39	-60.41	49.20	-450.27	-461.08	-175.18	-723.12	506.89	120.38	405.59	72.33	-133.64	-811.02	-76.12	755.33	-239.93	-427.79	267.27	522.80	60.41	432.03	-584.06	139.93	-498.56	-57.03	136.09	-192.46	
328.11	-326.51	-620.33	-366.17	66.24	-82.74	569.95	444.63	-6.52	-71.90	198.13	577.86	740.51	236.88	320.15	8.99	-462.54	-62.34	-99.48	-231.25	-1254.82	-466.10	-38.08	468.90	449.27	21.76	-247.36	428.54	-1502.28	262.45	324.70	-213.68	1169.81	-235.91	-116.88	-87.29	695.05	351.64	-452.81	675.48	-386.12	-309.53	-348.99	-768.07	-280.56	-595.96	448.58	454.36	-557.19	357.68	114.50	98.24	-154.79	-189.35	251.30	371.78	-242.81	-155.13	1473.13	448.04	-3.69	-271.96	-335.21	389.03	-51.76	-317.53	846.76	-507.27	574.50	-859.03	258.09	-448.27	-419.06	461.26	-679.35	-296.43	162.78	128.75	368.51	311.65	-101.38	-419.19	1279.26	864.45	495.72	54.21	-497.64	453.90	-590.73	-322.82	190.98	437.20	-280.64	1140.19	-317.82	-148.03	-375.56	-747.37	610.64	-904.81	35.51	-262.28	320.67	-621.76	816.70	558.85	-520.14	-1224.54	-383.68	-841.12	-806.79	100.73	-69.20	417.51	1049.27	-29.16	-238.72	-290.02	512.12	-110.35	565.72	-221.98	-649.07	-597.21	-547.75	-826.90	-102.63	-85.98	-312.58	-302.87	995.53	98.54	500.09	609.36	141.05	-443.61	-521.02	-92.61	-83.06	-187.77	-642.22	-399.93	315.42	445.24	455.56	454.35	952.57	-77.24	673.33	457.04	179.46	-326.38	736.73	-519.93	926.17	-52.70	-402.50	334.30	886.92	121.44	475.38	472.66	567.99	-96.53	565.14	257.25	-1217.07	-446.54	300.94	176.65	63.46	114.13	-416.81	-725.47	-108.09	-10.94	-463.12	18.50	-80.55	322.60	97.59	-117.97	-761.01	-497.80	530.45	18.18	272.02	-84.46	-219.46	-65.96	-549.03	781.17	-759.23	521.21	527.65	77.06	-109.09	361.34	739.29	-69.22	
441.27	-322.21	-400.53	450.32	-89.54	491.48	10.25	-142.47	290.73	301.07	-142.16	574.54	612.35	123.80	1000.07	102.87	-251.11	258.47	-80.24	-442.69	-301.80	-386.95	-468.98	-441.51	-610.44	-266.28	657.63	-483.80	-258.82	-735.19	234.97	-774.67	167.45	-294.50	-567.89	263.71	-23.06	-24.93	346.33	-8.44	102.54	515.54	485.21	-301.77	-527.31	365.69	69.91	380.33	-608.65	205.39	-56.78	-341.82	131.45	-1393.44	-208.04	-911.29	-74.59	209.04	563.42	257.76	355.15	434.70	-73.29	258.21	786.61	486.76	-633.45	-489.00	-542.49	-10.16	309.95	-15.94	671.69	-424.57	-1469.29	-271.39	-425.64	147.99	454.01	1.56	-743.02	-27.82	165.62	-953.33	-393.64	-38.37	-583.45	281.35	-3.85	-22.00	-98.64	408.39	510.69	-41.56	261.89	-370.77	336.42	207.17	300.46	-435.59	881.08	-389.30	169.55	29.89	-242.81	595.20	-97.63	966.22	506.43	147.98	146.48	22.50	-57.64	333.83	529.27	208.50	110.75	-338.19	-1931.32	527.16	-470.50	-284.79	-850.76	-284.83	573.12	454.65	167.96	633.77	953.23	-337.93	150.46	-223.06	617.30	780.39	10.05	424.76	-354.22	636.15	-50.58	151.65	-282.27	-453.29	1034.32	848.58	-507.26	236.19	-248.84	-328.65	-71.02	-14.05	80.52	140.00	-544.50	141.96	236.06	119.16	671.13	440.71	-941.02	651.02	-182.03	-462.03	-1759.13	700.70	630.34	-334.25	-108.95	180.10	162.95	-496.53	195.56	-378.37	591.85	-190.78	-46.05	754.12	-381.98	-77.03	-584.79	182.02	337.04	197.11	617.29	195.84	-141.82	684.68	555.35	-877.98	99.63	47.58	-567.15	-792.23	292.90	-511.31	-602.85	263.17	-340.51	-185.39	349.01	321.02	
46.69	167.99	-297.87	-168.93	252.42	-441.03	-55.15	133.24	-588.39	222.03	75.75	398.57	-630.40	-589.67	333.09	707.98	-800.25	485.42	318.45	438.47	-169.70	908.14	-227.39	312.03	758.97	176.62	-624.87	660.81	-684.22	-256.13	633.71	111.11	214.52	422.67	73.74	34.82	-80.01	560.70	-116.11	477.57	-331.44	270.47	44.02	-248.06	486.81	6.82	-69.46	95.16	-226.97	277.00	474.80	-595.88	-676.04	428.93	-797.04	19.68	303.00	-457.88	387.91	1164.73	-171.19	663.05	722.70	-87.10	-196.91	189.38	109.56	513.92	-456.26	-444.40	-179.10	58.59	359.26	374.40	-306.14	412.86	-172.73	237.31	111.39	280.02	860.85	433.98	110.50	316.47	957.16	-120.94	-431.21	-265.85	-182.98	600.74	-72.77	961.76	-2.35	-297.98	651.67	648.50	480.15	269.59	-710.63	618.54	-147.86	29.77	-274.36	12.81	-54.80	-420.59	-202.94	427.47	-498.71	-271.77	-219.28	-278.44	280.15	424.03	364.38	206.20	342.91	-6.88	412.42	-579.72	-128.22	-270.92	121.52	338.48	-293.29	854.95	78.42	-436.05	-98.79	259.89	645.69	194.40	-107.90	141.63	-7.38	-485.85	127.38	531.00	101.77	523.57	306.31	-406.37	-578.92	-765.15	512.88	-88.23	-160.63	107.31	302.61	210.84	-711.85	257.38	582.06	-1131.81	807.33	-221.31	-625.53	84.59	48.92	350.15	-33.08	408.93	-27.21	-14.20	811.52	388.80	-387.49	607.84	-405.79	947.77	319.73	177.83	-868.64	555.84	89.36	-171.31	-157.18	648.65	-284.13	955.90	-641.54	195.68	-4.05	38.98	-562.78	71.36	224.68	-459.39	-429.05	273.59	211.36	443.88	37.95	424.49	233.01	-501.59	-9.26	-341.47	-416.91	254.19	
-614.70	-89.00	-550.32	806.64	-689.30	-673.86	-1321.82	-331.75	387.41	-341.47	-1090.48	563.57	1161.88	292.81	143.30	-525.87	-567.39	294.32	-959.83	495.74	-316.75	-304.90	-738.30	98.49	114.90	-355.86	923.14	193.53	319.78	-12.22	219.47	-676.41	599.43	120.41	5.57	-673.58	100.72	80.66	534.04	147.74	-79.40	-361.15	-5.15	403.48	715.92	573.25	8.80	692.79	531.22	370.34	158.00	-380.57	-600.90	-608.89	187.43	-791.26	-4.72	61.40	-7.90	-138.15	363.78	-358.48	83.55	91.76	297.68	242.90	12.64	247.57	908.68	255.15	-449.69	99.08	-552.11	283.98	-635.28	-509.65	-509.75	2.28	-442.30	789.51	-45.07	-169.30	884.91	-167.38	144.07	611.80	-720.09	67.10	-535.34	45.66	-164.03	257.21	246.49	-96.56	-84.92	175.85	252.92	484.92	50.46	494.48	-508.48	982.37	541.07	454.41	110.05	-517.02	627.77	-728.57	731.80	-150.00	-391.94	-326.71	-841.28	166.48	-18.53	385.68	-370.23	-622.34	91.86	223.87	-508.09	-942.41	-183.35	521.66	-333.06	-701.15	-319.07	-512.66	499.27	549.42	1094.48	-412.62	286.38	25.09	-59.80	41.76	168.15	-59.35	-956.15	-295.17	-89.28	-879.78	-176.91	1423.12	-664.78	-77.01	271.99	-568.11	-76.69	314.30	-120.90	-282.13	-799.05	78.25	644.11	892.08	471.70	3.84	-66.67	-90.05	-5.05	-212.35	356.52	-76.70	195.50	-501.99	439.02	-224.79	-380.51	260.00	1016.53	-707.07	-322.98	442.49	-738.68	793.80	363.56	-276.31	-92.53	166.74	202.69	435.30	-467.62	-591.65	-790.26	284.91	647.71	1723.04	318.20	-478.72	-36.62	-228.97	-80.66	23.20	185.44	594.73	-787.27	260.89	-176.71	61.75	
-844.30	-185.60	-1174.21	-96.20	325.62	-118.25	508.24	170.20	-959.77	66.03	329.72	956.06	86.22	415.36	57.86	-747.98	259.96	235.03	-625.47	-455.26	-344.55	-867.86	165.55	855.09	-291.95	-416.97	282.54	-209.62	39.06	-256.28	-64.78	-918.62	179.83	272.82	-628.22	-552.45	-455.39	-122.70	213.60	110.56	-483.73	-358.53	-402.99	262.32	496.98	407.21	-340.43	-388.39	259.53	309.59	-400.66	-141.71	-407.58	149.27	-463.81	148.70	-263.98	-384.46	743.73	549.30	-136.06	506.99	30.34	-0.85	291.15	-683.36	-174.96	-614.44	381.14	131.10	131.73	0.07	-107.91	626.57	-455.76	196.44	652.06	294.67	364.11	-98.53	236.07	-319.60	376.86	-63.36	-636.16	-60.56	328.24	303.43	15.57	-718.97	652.68	-1063.58	35.78	340.89	243.47	631.95	494.77	-475.44	-394.84	-467.76	-559.35	-438.25	104.32	133.19	-124.93	23.35	290.73	-198.13	86.80	968.18	107.70	-241.85	498.09	178.11	70.53	-321.03	-521.08	-162.67	-302.30	26.56	713.79	450.42	-144.13	-43.39	178.65	402.52	-189.78	-675.19	255.53	440.04	-203.35	-1094.16	542.15	298.10	77.04	23.65	-413.03	104.84	-171.72	4.73	632.16	766.25	530.14	502.60	-562.02	643.03	497.72	-24.56	473.67	-345.81	-100.39	-190.05	289.31	175.58	377.27	-367.63	-172.76	-271.01	687.00	-258.29	-724.45	494.17	357.77	-24.79	-488.55	-166.39	60.04	14.13	-3.65	663.12	-1053.77	160.88	-126.59	-169.18	653.19	14.73	-623.06	-1217.21	323.71	-499.26	-472.73	86.87	-216.42	44.38	146.41	-201.97	-506.73	-338.63	-209.83	303.19	-121.10	-135.80	217.80	-960.82	-98.54	-750.94	425.43	147.18	90.07	441.33	
-52.66	-194.92	-1068.92	265.40	935.36	79.78	276.66	19.29	-519.99	224.15	-388.76	-415.69	-905.02	581.16	257.73	-396.63	81.05	-251.57	793.36	489.25	-196.64	357.66	826.92	-812.54	126.52	67.25	49.15	-1148.80	385.71	318.06	75.36	-468.95	-314.20	-597.38	-301.65	562.46	332.85	497.02	-453.13	3.09	236.23	-406.73	382.92	-1040.54	459.97	-506.01	2.33	608.31	818.90	651.05	212.74	479.58	474.90	702.83	-886.05	-421.12	490.55	132.91	-926.39	-9.69	394.56	-248.66	493.07	137.27	-462.20	363.42	1078.59	-294.01	233.48	-348.28	262.04	832.87	62.88	503.33	-129.11	811.11	-786.45	238.22	984.40	-278.27	113.29	90.66	242.63	-482.72	448.51	-241.52	90.20	-444.75	289.85	342.93	786.70	316.53	-247.94	786.33	-19.97	678.91	279.67	503.64	-163.19	-65.26	-242.95	-91.28	-162.37	27.65	231.58	-274.31	-225.11	-17.50	-15.94	-137.35	-564.82	223.90	400.11	1015.73	139.50	524.88	-337.98	-283.21	684.58	1087.81	-776.55	-95.52	415.13	-392.08	-689.80	46.22	-904.09	-454.85	-1039.28	246.74	450.75	-553.37	570.99	71.19	175.77	-380.33	-1051.85	91.93	-355.28	-211.46	-115.33	-250.45	-487.43	-287.83	692.40	770.91	120.77	-141.19	-672.51	-241.83	-14.33	113.91	276.08	-953.59	628.01	-346.55	778.92	-369.14	198.22	-85.96	-154.03	42.83	317.26	1246.66	10.49	720.17	-221.11	148.76	672.08	-478.15	579.69	280.40	737.66	360.99	-944.08	-177.84	803.48	159.76	278.93	-558.56	564.53	34.89	-389.31	646.49	-39.65	-139.67	813.60	63.10	630.04	263.13	193.71	-101.74	-1181.05	-337.48	657.67	479.97	-6.77	278.35	431.21	-840.50	
-289.48	286.54	844.88	-344.47	123.53	84.43	81.71	-218.76	154.00	-525.51	-446.95	-617.68	-329.05	-440.82	-6.33	580.52	622.95	-115.37	476.28	-137.71	517.06	-321.02	-243.79	453.03	-1140.40	19.62	536.85	613.44	-390.73	-165.03	-103.81	-279.13	-10.13	383.29	131.08	258.54	493.89	-891.48	597.72	-624.88	-319.02	782.90	54.34	309.49	-307.73	795.32	-50.44	-573.43	-445.72	197.83	-95.34	-917.21	-1182.68	-1086.87	344.20	-164.51	62.40	-429.78	78.49	25.01	518.04	-218.61	-307.67	55.85	122.38	-498.11	112.67	319.10	309.41	-317.27	-821.91	-647.85	-886.91	-86.92	-329.96	477.54	-444.94	-163.77	-450.73	-648.19	738.54	-211.98	-606.61	-517.25	202.21	338.57	-352.38	815.60	363.55	-524.33	556.11	-289.68	738.34	-293.17	-245.34	670.31	-374.81	866.10	153.04	575.91	223.17	38.99	699.25	33.45	-422.47	385.46	319.82	328.71	-750.05	118.44	-1.31	-169.16	764.38	-477.22	511.91	273.35	-315.60	367.14	-136.18	610.57	590.37	-374.08	444.00	260.44	-570.91	371.96	-386.64	341.33	66.65	-444.17	-412.02	775.65	98.14	251.56	-582.98	7.30	825.83	-188.27	-584.26	653.10	-125.16	114.38	258.01	-164.52	-6.26	416.26	-212.26	418.87	334.66	369.08	44.82	184.88	-634.16	408.17	-339.69	180.10	-219.56	455.26	-225.69	205.42	-942.00	346.33	-96.26	-276.43	-587.42	605.64	453.63	-112.17	-1107.71	-257.82	78.10	386.36	-651.65	-879.53	206.28	-386.20	-1060.73	20.10	-492.98	22.85	249.98	150.02	-347.89	5.98	287.72	582.89	-280.63	536.40	-941.21	-195.35	356.89	11.91	-271.91	-101.05	-1054.83	-904.80	-308.50	-220.22	-252.62	1066.20	
520.27	-36.55	-334.52	200.63	331.58	-167.51	0.19	-481.70	299.79	664.96	-301.60	-172.53	-169.97	-168.20	-1235.68	-168.11	-908.54	493.54	-349.36	696.03	116.43	167.04	440.64	-621.40	-896.14	-936.50	-131.22	-126.05	479.60	-26.05	420.82	22.57	417.11	597.14	-452.90	417.35	-449.93	-107.05	298.13	-524.69	485.00	1168.44	52.25	505.85	165.35	377.37	158.57	-275.23	432.67	-119.39	-268.96	176.99	125.36	-27.19	-431.52	-107.05	84.71	-408.56	72.29	141.93	472.04	550.03	350.48	-817.49	441.53	877.68	735.42	787.40	253.44	194.33	-611.73	-745.59	-359.10	70.18	-576.05	-519.56	-25.54	-126.20	283.66	-485.66	-44.57	-153.35	-42.21	91.51	665.25	206.56	-311.13	-29.25	145.77	210.51	-37.03	-346.68	282.83	-395.75	-814.87	251.48	796.16	419.32	-636.89	883.12	17.85	14.98	-367.54	-45.36	38.76	388.28	647.09	-329.68	136.23	15.55	-246.46	-168.84	-444.65	168.22	194.34	473.46	-384.14	-591.33	-20.16	21.32	-127.43	226.84	-1038.76	506.75	-676.75	-314.09	213.35	-399.25	92.32	1014.45	407.97	-480.95	439.21	664.68	-320.14	123.25	-89.86	-16.09	-116.37	386.77	-103.22	-394.65	467.64	-101.23	-542.98	631.58	-7.28	-804.40	694.86	352.63	473.05	640.90	29.66	-299.96	525.24	260.69	-324.56	-56.67	-23.71	70.14	-333.85	5.98	-20.81	-491.11	643.29	-78.68	58.39	336.96	-653.72	449.20	397.64	106.42	311.02	988.48	742.26	-118.13	8.31	192.60	457.52	487.83	1.07	-286.54	403.21	-56.62	-1446.94	-12.39	-357.76	519.34	527.81	-509.44	93.16	-58.35	369.65	277.48	67.10	974.07	-199.61	-410.88	188.53	-262.56	
-646.54	215.91	-245.75	-473.67	499.62	-230.43	-199.65	555.82	923.07	-579.49	475.78	-662.69	-412.66	519.19	311.37	407.05	-434.96	-257.89	-299.78	-786.66	475.45	298.70	-666.64	-179.40	-359.44	515.73	156.08	688.89	389.08	-48.14	679.59	38.01	544.65	252.17	-465.35	-361.29	-20.91	593.07	268.46	-958.50	475.07	649.97	-486.27	293.93	-169.67	579.22	454.70	114.59	340.22	612.02	64.56	-239.17	-378.28	-124.49	694.68	186.92	103.00	-682.87	73.08	-630.06	-640.09	455.92	-352.68	41.87	-414.87	587.82	48.76	79.76	673.53	-13.75	-589.84	-100.36	564.08	400.73	-263.43	-183.70	-749.75	443.87	185.74	691.68	869.77	834.60	217.30	136.38	867.97	-661.43	-163.04	241.98	574.82	-1206.55	24.70	787.99	122.58	-159.97	-287.54	28.40	-878.37	611.18	711.16	348.08	-660.24	230.37	47.53	448.39	-619.18	420.22	202.51	247.88	-120.58	46.58	62.16	-244.07	127.00	-799.41	-171.22	68.88	93.07	499.53	-479.24	14.78	-30.08	-496.74	-746.97	-541.33	-351.15	888.81	-394.35	-165.50	-390.16	-242.48	334.84	437.15	-101.68	-209.84	765.36	302.00	223.23	-178.90	-267.61	-287.04	-526.14	494.11	-135.36	295.62	541.13	677.69	-261.92	-696.84	184.26	708.83	505.51	-706.14	-193.47	-487.12	-169.78	568.45	356.99	1003.18	-345.85	-705.43	-3.62	13.88	174.15	-157.30	479.64	579.17	-203.54	270.95	292.55	68.49	-677.06	-406.55	455.71	-307.06	-640.66	-278.61	301.05	72.28	-244.05	555.41	253.81	3.14	-356.97	-836.33	179.57	45.02	645.23	8.45	317.65	-527.14	604.76	146.10	-109.12	698.83	20.57	-753.19	-344.35	319.74	-184.11	128.97	
